song_id,title,artist,album,year_released,duration,tempo,loudness
3,100%,Cocoa Tea,Kingston Hot,1992,228.96,115.86,-11.63
4,3,Britney Spears,3,2009,465.48,132.00,-6.28
6,40,U2,Live From Paris,1992,406.86,146.83,-8.54
7,124,Photek,Modus Operandi,1997,421.20,161.77,-10.61
8,1492,Scarlet's Remains,Scarlet's Remains,2005,215.90,170.70,-8.04
9,1969,Iggy And The Stooges,Telluric Chaos,1969,220.79,231.09,-8.94
16,?o???? DJ,Intars Busulis,Kino,1920,229.12,160.28,-4.95
18,...and Heavens Cried Blood,Swallow The Sun,New Moon,2009,377.76,71.76,-6.32
20,(Bloody Paw On The) Kill Floor,Busdriver,RoadKillOvercoat,2007,192.18,155.04,-6.26
21,(Coffee's For Closers),Fall Out Boy,Folie A  Deux,2008,275.38,155.04,-3.21
23,(Do)Minion,Eluveitie,Everything Remains (As It Never Was),2010,307.70,110.02,-4.37
26,(Everybody's Waiting For) The Man With the Bag,Mannheim Steamroller,Christmasville,2008,149.89,154.70,-6.89
27,(I Heard That) Lonesome Whistle,Bobby Darin,The Capitol Years,1995,163.53,90.18,-13.88
28,(I Used To Couldn't Dance) Tight Pants,Eagles Of Death Metal,Heart On,2008,215.64,237.83,-4.46
30,(I'm So) Afraid Of Losing You Again,Charley Pride,Super Hits,1970,188.03,98.82,-12.17
31,(Prayer Is The Key To Heaven) Faith Unlocks The Door,Don Gibson,I Can't Stop Loving You,1959,151.09,81.83,-15.85
33,(The Best Part Of) Breakin' Up,The Ronettes,Phil Spector's Wall Of Sound Retrospective Phillies Sound 1961-1996,1964,182.83,106.67,-6.17
34,(The Grave Prelude),Mobb Deep,The Infamous,1995,50.15,93.79,-13.66
35,(This Is Not A) Love Song (Live),Public Image Ltd,Live In Tokyo,1983,388.28,132.51,-16.43
36,(Wake Up) Time to Die,Lizzy Borden,The Murderess Metal Road Show,1985,371.20,107.89,-9.66
37,(We Don't Need This) Fascist Groove Thang,Heaven 17,Endless,1981,255.16,150.84,-10.76
38,(We Don't Need This) Fascist Groove Thang (Rapino Club Mix),Heaven 17,The Remix Collection,2009,354.19,135.57,-12.18
40,[Hidden Track],Galactic,Late for the Future,2000,89.68,121.26,-7.72
50,1000 Good Intentions,Rise Against,The Unraveling,2001,187.66,155.41,-5.79
53,1001 Robots,Marco Beltrami,I_ Robot,2004,256.39,79.86,-18.41
54,11th Street,Open Hand,The Dream,2000,278.57,156.58,-4.84
58,13 jours en France,Francis Lai,Le cinA(c)ma de Francis Lai,1996,243.43,97.85,-14.94
59,14 Botellas,2 Minutos,Valentin Alsina,1994,52.32,103.54,-14.09
61,15 Step,Radiohead,In Rainbows,2007,237.22,188.91,-7.06
68,19th Nervous Breakdown,Jason & The Scorchers,EMI Years,1998,227.50,176.27,-11.81
71,2 + 2 = 5,Radiohead,The Best Of,2003,198.48,149.49,-5.64
73,2 Glocks,Bone Thugs-N-Harmony,BTNHRESURRECTION,2000,266.06,187.96,-5.83
74,2 Late 4 Goodbyes,Jeff Scott Soto,Prism,2002,302.00,124.85,-4.80
75,2 Minutos,2 Minutos,Un Mundo De Sensaciones,2006,83.12,168.23,-1.67
77,2.000 Kilometros,David Summers,David Summers,1998,247.77,111.06,-16.10
78,20 horas de nada,Alex Ubago,Calle ilusion,2009,216.58,121.69,-7.91
79,20.000 Seconds,K's Choice,Cocoon Crash,1998,144.14,103.80,-15.28
81,21st Century Time Bomb,Opiate For The Masses,Manifesto,2008,233.12,80.01,-3.30
82,22 (Acoustic),Lily Allen,It's Not Me_ It's You (Special Edition),2009,187.25,132.61,-8.30
83,22 (Vingt Deux) (Feat. Ours),Lily Allen Featuring Ours,22 (Vingt Deux),2009,189.20,130.94,-4.71
84,22 Going On 23,Butthole Surfers,Locust Abortion Technician,1987,263.71,146.01,-10.98
91,2HB (1999 Digital Remaster),Bryan Ferry,Let's Stick Together,1976,194.61,149.44,-8.90
92,2StepN,North Mississippi Allstars,Barnyard (OST),2006,166.22,125.00,-8.24
93,3 + 3,Vangelis,3 Originals,1977,575.58,149.42,-17.06
94,3 Deuces,Marcus Miller,The Ozell Tapes,2001,382.95,100.14,-12.88
100,32 Lines (Album Version),Sophie B. Hawkins,Timbre,1999,302.86,129.32,-7.84
101,34 Blues,Charlie Patton,A Spoonful Blues  Vol 1,1934,173.32,100.80,-30.53
103,4 In The Morning,Gwen Stefani,4 In The Morning,2006,294.19,124.52,-6.81
105,4 Minutes [Featuring Justin Timberlake And Timbaland] [Junkie XL Remix Edit],Madonna,Hard Candy,2008,277.99,128.00,-3.63
107,4 Words (To Choke Upon),Bullet For My Valentine,The Poison,2005,223.76,185.01,-2.84
108,40 OZ Quartet Part I,Tha Liks,X.O. Experience,2001,108.28,160.27,-6.93
109,45 Pounds,Hey Colossus,Project: Death,2007,251.82,104.82,-9.71
110,4tx.31b,S.U.P,The Cube 1998,1993,274.55,154.01,-9.75
112,5 Foot 1,Iggy Pop,Heroin Hates You,1990,300.77,87.68,-11.44
114,56 Days,Pride Tiger,The Lucky Ones,2007,229.22,114.06,-2.40
115,57 Chevrolet,Billie Jo Spears,Misty Blue,1990,173.69,185.58,-12.96
117,6 Yrs (Album Version ),Reach 454,Reach 454,2003,237.19,95.95,-2.76
118,666lb. Bongsession,Bongzilla,Gateway,2002,475.11,90.00,-6.50
119,6TH Avenue Nightmare,Pennywise,The Fuse,2005,159.90,200.88,-5.11
120,6th Chakra: Keynote A - Chakra Suite (Solo Electric Piano Plus Synths),Steven Halpern,Chakra Suite,2001,223.74,205.20,-20.88
122,78 Stimulator,Stimulator,Stimulator,2004,213.55,123.04,-5.28
123,8th Wonder,The Sugarhill Gang,The Greatest Hits,1981,451.03,213.62,-9.84
124,90er,Headliners,Das Album zum Film,2006,347.79,170.04,-4.28
126,A B***** Is A B***** (Edited),N.W.A.,Straight Outta Compton,1989,168.75,97.10,-8.91
127,A Baby's Born,James Ingram,Always You,1993,376.69,76.39,-11.94
128,A Boy Named Sue,Johnny Cash,The Best Of The Johnny Cash TV Show,1969,216.82,115.62,-6.02
129,A Boy Who Can't Talk Part 2,Planet P Project,Pink World,1984,74.76,117.82,-19.12
131,A Brief History of Shitty Comedy,Patton Oswalt,Feelin' Kinda Patton,2004,121.97,75.67,-13.32
135,A Burrinha,Quinteto Violado,Para Sempre,1999,136.78,134.65,-12.86
137,A Closure in Infinity,Goatwhore,Funeral Dirge for the Rotting Sun,2003,224.86,97.07,-5.56
138,A Costa De Galicia,Carlos NuA+-ez,Carlos Nunez En Concert,2002,237.87,113.16,-8.69
139,A Crow Left Of The Murder,Incubus,Live in Japan 2004,2004,227.74,88.75,-5.61
141,A Devil's Ransom (Album Version),Bury Your Dead,Bury Your Dead,2008,151.72,134.05,-5.02
143,A Disconsolate Winter Landscape,Crematorium,For All Our Sins,1963,164.44,86.63,-17.12
146,A Dustland Fairytale,The Killers,Day & Age,2008,225.12,134.73,-4.81
148,A Fall Song,Cross Country,Cross Country,2009,168.78,129.17,-11.72
149,A Fiery Stride (Ltd. Edition Bonus),Elvenking,Wyrd,2004,299.31,165.28,-5.16
155,A Goodnight's Sleep,The Starting Line,Say It Like You Mean It,2002,264.41,142.07,-5.01
157,A Hard Road,John And The Bluesbreakers Mayall,PADLOCK ON THE BLUES,1967,304.82,94.30,-6.36
158,A Higher Place (Album Version),Tom Petty,Wildflowers,1994,236.17,129.12,-4.95
159,A histA3ria do incAandio do jequitibA! de Carangola (Part 1),HA(c)lio Ziskind,O Gigante Da Floresta,1984,143.67,128.64,-15.32
162,A La Memoria Del Muerto,Fruko Y Sus Tesos,Soy Como Soy,2004,261.90,106.77,-6.21
164,A Legend In My Time,Don Gibson,Country Greats,1987,152.58,80.74,-14.28
165,A Little Bit Of This And A Little Bit Of That,Lee Ritenour / Jeff Mironov,Rio,1976,307.04,157.58,-17.34
166,A Little Louder,DJ Icey,A Little Louder / Dreams,2003,325.98,132.99,-6.71
167,A Little Louder,DJ Icey,A Little Louder,2003,356.41,135.99,-7.36
168,A Little Of You,Eurythmics,Revenge,1986,236.62,111.12,-4.21
170,A Lo Clasico,Daddy Yankee,El Cartel: The Big Boss,2007,235.15,91.03,-4.13
173,A Man Can Only Stand Just So Much Pain (Bonus Track),Tony Joe White,Tony Joe,1970,152.84,122.24,-16.83
174,A Man Holdin' On (To A Woman Lettin' Go),Ty Herndon,Big Hopes,1998,217.16,128.09,-8.81
175,A Martyr For My Love For You,The White Stripes,Icky Thump,2007,259.55,85.16,-8.69
179,A Movie Of A Placid Lake On A Moonless Night in September,Will Ackerman,The Opening Of Doors,1992,384.60,92.33,-18.89
180,A Movie Of A Placid Lake On A Moonless Night In September - Reprise,Will Ackerman,The Opening Of Doors,1992,194.19,91.60,-28.95
181,A Nadie Le Interesa Si QuedA!s AtrA!s (Total Que...),Vox Dei,Cuero Caliente,1974,197.04,154.48,-14.03
182,A New Heart,Michael Whalen,From Conception to Birth: A Life Unfolds,2004,317.70,110.10,-15.97
183,A New Hope,Blink-182,Dude Ranch,1997,225.12,200.72,-7.32
186,A Part Of Me,40 Grit,Nothing To Remember,2003,250.67,148.23,-8.95
187,A Piece Of My Heart,Gang Of Four,Hard,1983,196.49,143.61,-11.80
188,A Poor Man's Roses,Patsy Cline,Music Trends - Country Busters,1961,168.96,91.01,-5.18
192,A Rush Of Blood To The Head (Live In Sydney),Coldplay,Live 2003,2003,410.83,138.04,-8.23
193,A Sailboat In The Moonlight,Arthur Tracy,Street Singer,1993,173.90,58.69,-19.40
195,A Simple Desultory Philippic (Or How I Was Robert McNamara'd Into Submission),Simon & Garfunkel,The Collection,1966,138.71,181.41,-10.22
200,A Sound That Only You Can Hear,K's Choice,Paradise In Me,1995,252.84,87.50,-6.58
201,A Stepmother's Curse,Anne Dudley,The 10th Kingdom,2000,184.40,137.70,-19.00
202,A Talk With Dad,Speech,PEECHY,2003,160.94,73.11,-22.03
204,A True,Sugar Minott,George Phang: Power House Selector's Choice Vol. 2,1984,206.78,152.91,-7.65
208,A Veces Vuelvo,Catupecu Machu,El NAomero Imperfecto,2004,266.19,126.99,-4.77
209,A Visit From Drum,Liars,Drums Not Dead,2006,259.06,126.46,-8.98
213,A Whiter Shade Of Pale,Annie Lennox,Medusa,1995,316.76,145.99,-8.72
218,A!Hola_ PequeA+-o Ser!,Pescado Rabioso,Pescado Rabioso 2,1973,579.45,111.01,-12.98
219,A?DA3nde va Chichi?,Sierra Maestra,Tibiri Tabara,1997,313.13,189.65,-9.51
225,Aattelepa ite,Jope Ruonansuu,Kaikkien aikojen parhaat -45 klassikkoa - Aattelepa ite,2004,188.97,180.07,-8.06
227,Abagui Alobi,Patience Dabany,Patience Dabany,1994,369.16,124.29,-10.67
228,Abandonada / Blancas azucenas,Sierra Maestra,Criolla KarabalA,1992,295.99,141.12,-13.82
229,Abbeville Fair,Seatrain,Watch,1973,294.48,107.84,-6.11
234,Ability To Create A War,A Skylit Drive,She Watched The Sky,2007,88.87,139.24,-5.86
236,About Last Night (LP Version),Vitamin C,Vitamin C,1999,241.03,96.99,-6.30
237,Above Lucium (LP Version),Daath,The Hinderers,2006,248.82,150.16,-3.96
238,Above The Rainbow,Flora Purim,Encounter,1994,208.04,173.65,-16.44
240,Abscondence,Sun Yan-Zi,Kite,2001,285.96,100.06,-6.78
241,Absolute,The Fray,The Fray,2009,227.08,140.58,-5.43
242,Absolute Horizon,Byzantine,Oblivion Beckons,2008,300.02,198.02,-5.66
243,Abstracted,Scar Symmetry,Pitch Black Progress,2006,204.96,97.69,-3.87
250,Ace Insurance Man,Bobbie Gentry,Local Gentry,1968,214.96,170.90,-10.74
252,Acension Final Chord Rising,Terry Riley,Atlantis Nath,2002,142.42,128.14,-37.07
258,Active,Dark Party,Ghostly Swim,2008,261.59,175.95,-3.54
259,Ad Te Clamamus Exsvles Mortva Liberi,Enthroned,Pentagrammaton,2010,89.16,90.66,-20.36
262,Adelante,Isabel Pantoja,Donde El CorazA3n Me Lleve,2002,181.66,95.67,-7.62
266,Adios_ Mi Corazon,Herb Alpert And The Tijuana Brass,South Of The Border,1964,163.94,97.52,-14.96
268,Adnans,Orbital,In Sides,1999,521.56,101.99,-10.89
269,Adrift,Jack Johnson,Sleep Through The Static,2008,236.20,241.82,-15.97
273,Affaire Mokuwa,Kekele,Congo Life,2005,306.96,86.66,-5.71
274,Affliction,AFI,DECEMBERUNDERGROUND,2006,328.72,113.47,-5.71
276,Afraid,MAPtley CrA1/4e,Motley Crue / Rock Legends,1997,248.22,124.02,-5.67
278,Africa,Dusminguet,Vafalungo,1998,173.98,106.07,-9.69
279,African Typic Collection,Sam Fan Thomas,The African Typic Collection,1989,397.58,125.24,-13.86
283,After Hours,Phantom Planet,Phantom Planet,2004,164.13,113.87,-5.48
284,After I Made Love To You,BMX Bandits,Bee Stings,2007,208.40,127.43,-10.22
285,After Lovin You (Love Life Album Version),Charlie Peacock,Love Life,1991,291.21,100.86,-8.16
286,After One Quarter Of A Revolution,Every Time I Die,New Junk Aesthetic,2009,124.13,114.64,-3.99
288,After The Fire,Klaus Badelt,Rescue Dawn,2007,116.19,56.31,-27.37
292,Again,Janet Jackson,Janet,1993,227.08,129.54,-10.25
294,Again (Instrumental),Janet Jackson,Again,1993,232.20,130.23,-17.94
296,Against My Will (LP Version),Brenda Lee,Brenda Lee,1960,205.14,118.30,-12.99
297,Agenda Zwei Null Eins Null,Django AsA1/4l,Hardliner,2004,365.74,87.28,-11.88
301,Aguas Claras De Olimpos,Pescado Rabioso,Obras Cumbres Pescado Rabioso/ Invisible,1973,526.21,80.75,-13.21
302,Ahead By A Century,The Tragically Hip,90s Rock Gold,1996,225.44,84.37,-7.37
303,Ahmea,Flutlicht,Ahmea,2000,513.57,141.00,-5.96
310,Ai Jo,AI-TIEM,Musik fA1/4r taube Ohren,2003,100.70,135.80,-9.69
311,Ai Ni Bian Cheng Hen Ni,Kary Ng,With A Boy Like You,2006,209.55,110.01,-7.17
313,Ailleurs,France D' Amour,Le PrA(c)sent,1992,232.20,57.09,-7.74
315,Ain't Gone 'N' Give Up On Love,Stevie Ray Vaughan And Double Trouble,The Best Of,2005,368.64,150.58,-12.08
317,Ain't Got Nothin' But The Blues (Album Version),Robben Ford,Talk To Your Daughter,1988,278.96,91.25,-13.91
318,Ain't It Funny,Jennifer Lopez,J.Lo,2001,246.20,99.83,-4.82
319,Ain't No Game,Masta Ace Incorporated,Sittin' On Chrome,1995,295.16,88.12,-7.69
321,Ain't No Right ( LP Version ),Jane's Addiction,Ritual De Lo Habitual,1990,214.54,139.21,-10.45
322,Ain't No Sunshine,Michael Jackson,Love Songs,1972,251.66,152.45,-11.88
325,Ain't She Sweet,The Beatles / Tony Sheridan,Total 60s,1964,130.95,159.44,-7.46
327,Ain't That Something,High Strung_ The,These Are Good Times,2003,165.30,120.94,-2.69
328,Ain`t got nothing ( feat. David Banner & Eddy Soulo ),Samy Deluxe,So Deluxe So Glorious,2005,234.06,111.25,-5.91
333,Airto's Jazz Dance,Flora Purim,Perpetual Emotion,2001,246.67,137.82,-14.18
337,Al Doilea Om,Negura Bunget,OM,2006,123.66,127.72,-19.59
338,Al Final,KALIMBA,Amar y Querer (Homenaje a Las Grandes Canciones),2009,297.64,65.25,-5.99
346,Albo,Hevia,Obsession,2007,280.27,93.04,-4.94
352,Ali Baba,Jackie Edwards,The Bunny Striker Lee Story,2003,179.10,157.18,-6.54
353,Alimony,Shaggy,Original Doberman,1994,232.31,90.00,-7.75
354,Alive,Dala,Everybody is Someone,2009,240.27,121.97,-7.40
355,Aljarafe,Lole y Manuel,Aljarafe,1992,141.66,85.47,-16.47
357,All About Our Love,Sade,Lovers Rock,2000,160.63,161.99,-8.21
358,All Alone (Live),Gorillaz,Dirty Harry,2005,219.38,148.00,-7.36
362,All Burned Out,Savoy Brown,Kings of Boogie,1989,171.62,150.95,-11.21
363,All Creatures Of Our God And King,Patty Griffin,Downtown Church,2010,256.39,56.18,-14.97
364,All das mag ich,AI-TIEM,Wenn hier einer schieAt_ dann bin ich das,1993,323.32,93.98,-10.95
365,All Day,Butthole Surfers,Humpty Dumpty LSD,1987,512.18,79.71,-3.24
367,All For Nothing,Since The Flood,No Compromise,2007,117.08,189.99,-2.19
368,All For The Sake Of The Song,Roger Creager,Long Way To Mexico,2003,277.55,80.98,-9.78
369,All Hands On Deck part 2: Open Water [Album Version],Funeral For A Friend,Tales Don't Tell Themselves,2007,228.65,90.10,-3.13
370,All I Ask For (Album Version),Ill Nino,One Nation Underground,2005,219.82,91.01,-3.67
372,All I Can Do,Kane,All I Can Do,2005,220.76,89.98,-10.26
373,All I Ever,Ms. Dynamite,A Little Deeper,2002,269.82,150.57,-11.14
376,All I Want,Captain Hollywood Project,All I Want,1993,372.27,109.85,-8.26
377,All In,Joe McBride,Texas Hold'em,2005,262.77,99.99,-7.88
379,All Is One,Atman,97 | 07,1998,433.95,89.39,-7.77
382,All My Life (LP Version),Venice,Venice,1990,301.09,104.56,-8.38
384,All My Senses,Mando Diao,Hurricane Bar,2004,251.04,119.35,-5.40
385,All Night Long,Junior Kimbrough,Meet Me in the City,1999,355.68,168.81,-10.87
387,All Night Long (Instumental),Junior Kimbrough,God Knows I Tried,1998,384.57,83.71,-9.84
389,All Of This,Blink-182,blink-182,2003,280.01,117.57,-5.34
390,All Of You,Gerald Clayton,Two-Shade,2009,329.38,94.98,-16.85
391,All On Our Own,One Block Radius,One Block Radius,2008,236.72,124.02,-2.45
392,All or Nothin' Gal,Jessie Lee Miller,Now You're Gonna Be Loved,2005,116.92,188.98,-7.39
393,All Or Nothing,Chris Eaton,Wonderful World,1995,289.07,100.77,-12.96
401,All That You Need,The Brooklyn Tabernacle Choir,Praise Him...Live!,1995,257.31,115.37,-14.17
402,All That's Left,Thrice,The Artist In The Ambulance,2003,201.59,182.98,-2.87
403,All The Answers,Jesus Jones,Never Enough - The Best Of Jesus Jones,1989,227.74,110.47,-5.84
407,All The Rage (Clean Album Version),Funeral For A Friend,Hours,2005,217.50,190.12,-3.62
408,All The Things You Are,Eliane Elias,Solos And Duets,1995,201.22,176.14,-28.25
414,All Time Low (Album Version),Grey Area,Grey Area,1997,189.34,127.22,-5.73
415,All Too Human,The Flies,The Flies,2007,222.41,95.05,-11.81
416,All Your Love,John Mayall & The Bluesbreakers,Bluesbreakers With Eric Clapton - Deluxe Edition,1966,214.70,107.46,-8.44
418,Alla Fine Di Tutto Questo,Fabri Fibra,Chi Vuole Essere Fabri Fibra ?,2009,267.36,160.07,-4.41
422,Allez_ Glissez!,Quadro Nuevo,Luna Rossa,2002,215.30,188.63,-10.23
427,Alma De Metal,Bobby Pulido,El Cazador,1999,216.32,100.25,-8.88
428,Alma Mater,Moonspell,Wolfheart (re-issue + Bonus Tracks),1995,318.90,117.59,-5.26
430,Almendra,Arturo Sandoval,Best Of Arturo Sandoval,1997,271.44,139.94,-12.25
432,Almost Grown,Jesse Malin,Messed Up Here Tonight,2002,211.85,141.27,-9.42
433,Almost Us,Jim Chappell,In Search Of The Magic,1997,217.50,86.39,-23.69
435,Alone in Love,Craig Wedren,Lapland,2005,155.27,71.28,-14.98
439,Alovi,Stefon Harris,Black Action Figure,1999,326.61,131.94,-14.43
440,Alpha Beta Parking Lot,Cake,Prolonging the Magic,1998,210.08,189.62,-8.52
444,Altas Horas,Entre RAos,Onda,2005,221.31,47.96,-9.10
445,Alte Pizza,Der Plan,Perlen...,1988,153.60,119.32,-14.34
449,Always,RyanDan,RyanDan,2007,235.13,111.52,-8.57
451,Always And Never (Album Version),Silverstein,Discovering The Waterfront,2005,229.64,108.50,-2.00
453,Am I That Easy To Forget,Skeeter Davis,Queens Of Country,1995,125.78,120.69,-12.95
454,Am I That Easy To Forget,Carl Belew,Country Heartbreakers,1959,140.38,117.87,-13.34
458,Amazing,George Michael,Amazing,2004,266.94,128.41,-6.69
459,Amazing (LP Version),Point Of Grace,Steady On,1998,294.09,125.95,-6.48
462,Amazing Grace (Album Version),Dropkick Murphys,The Gang's All Here,1999,158.64,183.68,-5.23
463,Amber Changing,Rise Against,Revolutions Per Minute,2003,218.83,186.25,-3.80
464,Ambulance Man,Memphis Jug Band,The Best Of The Memphis Jug Band,2001,161.54,97.75,-15.96
471,America's Suitehearts,Fall Out Boy,Alternative Summer 2009,2008,214.33,160.11,-4.47
472,American Dream,Vixen,Vixen,1988,259.60,124.67,-14.11
473,American Dreams,Charlie Haden,American Dreams,2002,292.18,141.23,-24.22
474,American Ghost Dance (2003 Digital Remastered),Red Hot Chili Peppers,Freaky Styley,1985,231.24,111.54,-4.82
475,American Girl,Brooke Valentine,Chain Letter,2005,218.64,130.50,-5.81
477,American Lovebite,Dons,Lights On,2006,200.52,132.20,-6.57
480,Amie,Lonestar,Crazy Nights,1997,245.71,92.03,-7.79
482,Amigo mAo,Memphis La Blusera,Angelitos Culones,2001,221.65,132.02,-6.25
484,Ammonite,Zeromancer,Sinners International,2009,362.32,90.03,-6.76
485,Ammunition,The Jane Shermans,Popular Music Social Condition,2008,235.49,140.14,-6.30
487,Amor a Medias,HA-ASH,Mundos Opuestos,2005,253.91,136.95,-5.55
491,Amor De Juventud,Pedro Aznar,David Y Goliath,1995,368.35,127.28,-16.22
495,Amor Siciliano,Juan Carlos Baglietto,Corazon De Barco,1998,225.33,86.79,-11.06
496,Amores Cobardes,Andy & Lucas,Con Los Pies En La Tierra,2008,234.63,147.89,-5.34
497,Amoria,Hi-Fi Companions,Swingers In Paradise,2003,464.59,130.01,-7.82
498,Amour noir N 7,"MichA""le Bernard",Piano Voix,2008,136.99,64.96,-14.29
501,An Afternoon On the Moon (Jet Jaguar's Remix),Rhian Sheehan,Paradigm Shift,2001,200.78,99.00,-12.88
503,An Mouvman,Kassav',Se Nou Manm (Live Au Zenith),2009,268.90,147.78,-8.16
504,An Old Fashioned Christmas,Carpenters,Christmas Collection,1992,134.61,80.18,-17.00
507,Anarchy in the UK (Sex Pistols) (Bonus Track),Adrenalin O.D.,Humungousfungusamongus,1986,142.65,106.00,-5.24
510,And I Hear You Call,Amorphis,My Kantele,1997,280.97,131.19,-4.17
512,And Still I Wither,Enslavement Of Beauty,Traces O` Red,1999,313.76,145.11,-5.65
513,And The Beat Goes Om,Slackbaba,And The Beat Goes Om,2006,488.25,68.00,-7.32
517,Andra sidan,Sofia Karlsson,SAPder Om KA$?rleken,2009,172.93,152.34,-16.76
519,Anfang Vom Ende,Pyranja,Wurzeln & FlA1/4gel,2003,60.55,96.26,-9.26
520,Angel,Julio Iglesias Jr,Por La Mitad,2008,252.13,150.07,-7.23
521,Angel,Aerosmith,A Little South Of Sanity,1987,335.33,76.10,-5.76
524,Angel Band,Porter Wagoner,Country Cream Volume 1,1997,152.35,136.13,-14.76
526,Angel Food,Steve Vai,Where The Wild Things Are,2009,383.29,147.83,-12.34
534,Angry Chair,Alice In Chains,Live,1992,262.48,111.24,-5.50
537,Animal Crimes,Mad Are Sane_ The,Who?What?Why?When?Where?,1984,228.83,196.20,-9.00
540,Annie's Angle,Mando Diao,Hurricane Bar,2004,182.28,150.28,-4.80
548,Another Long One,Shawn Colvin,Steady On,1989,224.60,210.87,-13.26
549,Another Love Song,Warrior King,Hold The Faith,2005,204.38,153.98,-6.13
550,Another Lover,The Last Vegas,Whatever Gets You Off,2009,237.11,179.00,-3.49
551,Another World (Album Version),Richard Hell & The Voidoids,Blank Generation,1977,494.11,123.18,-14.01
552,Another Year,K's Choice,Live,2000,207.57,171.65,-11.62
553,Answer In The Question,MxPx,The Ever Passing Moment,2000,129.88,130.72,-3.49
555,Antarctica Starts Here,John Cale,Paris s'A(c)veille,1973,199.97,110.10,-20.17
556,Antes (Salsa Version),Obie Bermudez,Confesiones,2003,271.26,177.26,-4.56
559,Anti Geroi,Azis,BalkanBeats Volume 2,2006,281.89,98.15,-6.61
560,Antidote For The Underdog,Less Than Jake,GNV FLA,2008,147.49,120.70,-5.07
564,Any Wich Way (Freedom Must Come),Manjul,Faso Kanou,2005,226.22,155.01,-11.68
565,Anya,Marvin Hamlisch,The Spy Who Loved Me (Soundtrack),1977,201.46,76.74,-25.60
566,Anybody Seen My Girl,Keb'Mo',Keb' Mo',1994,176.59,79.15,-15.61
567,Anyday,Amil,All Money Is Legal,2000,248.50,165.97,-8.18
568,Anyone Who Had A Heart,Cal Tjader,Sounds Out Burt Bacharach,2003,200.12,118.60,-18.90
570,Anything's Better Than Feelin' The Blues,Martina McBride,Emotion,1999,181.86,40.38,-7.91
571,Anytime You Need A Friend,Mariah Carey,The Remixes,1993,652.41,121.88,-7.86
572,Anyway_ Anyhow_ Anywhere,The Who,The Kids Are Alright,1979,169.66,140.66,-8.30
573,Anywhere Anytime,Sara Melson,Dirty Mind,2008,164.13,167.91,-4.64
575,Apertura in jazz,Piero Umiliani,La legge dei gangsters,1998,234.58,42.11,-14.21
576,Aphrodite (1999 Digital Remaster),The Edgar Broughton Band,Sing Brother Sing,1970,245.45,100.80,-12.14
583,Appapas Del Calabar,Los Van Van,Llego... Van Van,1999,268.04,202.15,-5.80
585,Approach To Danger (Edited),N.W.A.,The Best Of N.W.A: The Strength Of Street Knowledge,2006,165.20,189.80,-5.03
586,AquaCityBoy,K-OS,Atlantis - Hymns for Disco.,2006,161.51,78.97,-5.10
590,Arabian Night,The Monroes,Sunday People,1983,219.61,132.37,-4.07
591,Arco Arena,Cake,Comfort Eagle,2001,91.32,157.99,-9.56
592,Are We Here ?,Orbital,Snivilisation,1994,933.64,95.32,-10.33
596,Are You Happy (Album Version),Drop Dead_ Gorgeous,In Vogue,2006,96.10,200.29,-3.97
598,Are You Putting Me On The Shelf,Don & Juan,Twirl Records Story Volume 10,1995,136.05,141.47,-9.15
600,Are You The One?,The Presets,Are You The One?,2005,281.08,132.95,-11.40
601,Are You There (With Another Girl),Burt Bacharach,Reach Out,1967,175.88,115.76,-13.04
605,Armageddon's Raid,Belphegor,Bondage Goat Zombie,2008,308.77,116.90,-2.03
610,Arnold Layne,David Gilmour Featuring Richard Wright,Arnold Layne,2006,202.19,138.43,-7.20
611,Around And Around,The Rolling Stones,12 x 5,1964,183.17,185.33,-11.55
617,Arrows Of The Gods,Elliot Goldenthal,Titus - Original Motion Picture Soundtrack,2000,91.74,177.47,-12.67
619,As Diehard As They Come (Album Version),Hatebreed,Supremacy,2006,136.96,85.77,-3.81
621,As Mist Lay Silent Beneath,Keep Of Kalessin,Agnen: A Journey Through The Dark,1999,340.43,127.59,-5.30
623,As Nice As I Can Be,Eagles Of Death Metal,Heart On (with bonus tracks),2009,225.49,144.40,-3.09
625,As The Sleeper Awakes,Soilwork,Sworn To A Great Divide,2007,258.17,113.96,-3.28
629,Ascendant,Keep Of Kalessin,Kolossus,2008,270.21,229.86,-5.96
631,AsesAname,Charly GarcAa,Rock And Roll Yo,2003,223.06,93.01,-7.38
635,Ask The Angels,The Distillers,The Distillers,2000,190.95,140.82,-4.80
637,Ass Attack (Four Tet Remix),Hot Chip,Coming On Strong,2004,181.03,126.14,-6.45
638,Assassin,Floor,Below & Beyond,2002,117.03,156.18,-7.24
639,Assassination,Dead Prez,Let's Get Free,2000,120.87,170.08,-6.72
641,Assis par terre,Pascal Sangla,Une petite pause,2010,333.77,89.98,-10.62
643,Assouf,Tinariwen,Aman Iman: Water Is Life,2007,238.68,160.89,-7.39
644,At Night,Shakedown,At Night (The Unreleased Mixes),2001,437.94,123.99,-6.04
645,At The Atlantis,Bad Brains,Black Dots,1996,118.05,135.42,-8.44
649,At The Movies (1991 Digital Remaster),Bad Brains,Rock For Light,1983,136.38,127.16,-9.23
652,Atmosphere Station,James Horner,Aliens - The Deluxe Edition,1986,191.82,90.08,-38.53
656,Atrapados En La Red,Tam Tam Go!,Cruzando El RAo,1999,405.42,130.40,-4.81
657,Attic Room,Casiotone For The Painfully Alone,Twinkle Echo,2003,188.94,99.08,-7.55
659,Au Bout De La Marelle,Patrick Bruel,Juste Avant,1999,257.23,105.99,-8.09
662,Auf Der Mundharmonika,Marlene Dietrich,The Essential Marlene Dietrich,1992,159.35,42.65,-16.16
665,Aulis Gerlander,Jope Ruonansuu,Kaikkien aikojen parhaat -45 klassikkoa - Aattelepa ite,2004,150.75,124.99,-5.06
666,Aunque MaA+-ana No Estes,Juan Carlos Baglietto,Tiempos Dificiles,1982,182.41,99.35,-15.72
668,"AuprA""s De Mon Arbre",Georges Brassens,Georges Brassens-N 4,1956,184.76,126.31,-11.24
669,"AurA""le et CA(c)line",Georges Delerue,Chouans!,1924,85.92,130.22,-10.70
672,Autobahn (Live),Kraftwerk,Minimum - Maximum,2008,531.62,166.02,-9.83
673,Autofokus,K.I.Z.,Das Rap Deutschland KettensA$?gen Massaker,2005,231.18,151.49,-4.55
674,Automatic,Less Than Jake,Losing Streak,1996,125.28,133.05,-4.29
675,Autores Anonimos,Chango Spasiuk,Polkas de mi Tierra,1998,36.21,84.21,-19.65
677,Autumn,The Cat's Miaow,A Kiss And A Cuddle,1996,46.00,150.74,-13.92
680,Autumn's Ablaze (Live),Primordial,A Journey's End,1998,484.10,186.12,-13.38
683,Aviatic,AndrA(c) Verchuren,Les Increvable N2,1989,170.19,137.19,-10.06
685,Awake,The Panic Channel,(ONe),2006,228.00,147.98,-3.23
686,Awake (Album Version),Onesidezero,Is This Room Getting Smaller?,2001,228.81,86.84,-6.04
691,Away From The Sky,Rickie Lee Jones,Flying Cowboys,1989,331.36,87.94,-30.29
692,Away In A Manger,Lara & Reyes,Navidad,2000,92.71,111.73,-14.92
701,Aziatic (Outro),AZ,Aziatic,2002,60.21,87.60,-7.46
702,Azul Contente,Luciana Souza,An Answer To Your Silence,1998,259.24,161.19,-24.42
703,Azzurro,Jaime Urrutia,El muchacho electrico,2005,278.96,120.46,-5.69
705,B-Boy Stance,K-OS,B-Boy Stance,2004,238.24,97.98,-6.49
708,BaA+-os De Budapest (Extended Remix),Hevia,Tierra De Hevia,2005,331.89,124.01,-4.77
709,Baal's Hymn,David Bowie,In Bertolt Brecht's Baal,1982,243.07,141.82,-10.50
711,Babes In Arms,April Wine,Harder . . . Faster,1979,200.91,127.46,-13.61
713,Baby (LP Version),Prince,For You,1978,190.07,138.17,-17.10
717,Baby Don't You Change,Tyrone Wells,Hold On,2005,252.66,151.70,-7.83
721,Baby I Need Your Loving,Delroy Wilson,The Mighty Two 'In Memoriam',1999,150.36,136.03,-10.09
731,Baby_ I'm Your Man,Kevin Max,Crashing Gates,2008,219.01,88.00,-6.97
733,Baby's First Christmas,Connie Francis,Essential Christmas,1959,147.17,137.99,-9.38
735,Baby's On Fire,Eno,Island Records Post Punk Box Set - Out Come The Freaks,1973,317.00,121.97,-9.65
736,Babylon,Judas Iscariot,The Cold Earth Slept Below,1995,393.90,135.39,-7.74
739,Back A Yard,The In Crowd,His Majesty Is Coming,1979,266.81,121.71,-8.33
740,Back From The Garden (Live),S.U.P,To Live Alone,2001,320.03,147.98,-10.85
743,Back Then,BoDeans,Mr. Sad Clown,2010,216.08,147.94,-5.89
744,Back to '93,Caspa,Everybody's Talking_ Nobody's Listening!,2009,371.64,93.33,-8.56
745,Back To Burn,T-la Rock,Dj Revolution Present Class Of 86,2001,151.61,197.15,-6.27
748,Backseat Driver,Debbie Davies,Round Every Corner,1998,243.30,125.05,-5.98
752,Bad Creation,Vivian,Vivianism,2007,227.76,90.99,-6.53
753,Bad Days,Timo Maas,Loud,2001,417.57,88.00,-8.92
754,Bad Dreams,Lyrics Born,Later That Day...,2003,200.38,85.01,-5.17
756,Bad Influence,The Robert Cray Band,The Definitive Collection,1983,173.32,127.37,-7.93
758,Bad People,Casiotone For The Painfully Alone,Town Topic EP,2008,26.80,100.92,-10.04
763,Bad Woman,Richard Hawley And Death Ramps_ Arctic Monkeys,Teddy Picker,2007,139.78,130.63,-4.35
764,Badd Indian,Apache Indian,The Best Of,1993,273.19,95.99,-9.72
765,Badrock City,Big Audio Dynamite,No. 10_ Upping St.,1986,424.23,125.04,-16.60
768,Baggage,L7,Hungry For Stink,1994,198.77,104.10,-8.23
773,Baila Girl_ Todo Hombre Llorando Por Ti,Daddy Yankee,Los Homerun-es,2003,181.34,97.98,-7.42
777,Bakwetu,Papa Wemba,Molokai,1998,293.54,92.38,-10.61
780,Bald Head,Professor Longhair,And... R&B was born,1980,153.50,156.80,-15.57
781,Ballad In Urgency,The Black Crowes,Amorica,1994,339.25,117.71,-5.37
783,Ballade Des Oiseaux De Croix,"MichA""le Arnaud",Disque PathA(c),1996,122.28,95.26,-13.83
789,Balon Combo,Mau Mau,Made In Italy,1994,233.40,195.87,-7.11
790,Baltech's Lament,The Lord Weird Slough Feg,Traveller,2003,252.63,97.05,-6.17
791,Baltimore Oriole (2004 Digital Remaster),George Harrison,Somewhere In England,1981,238.60,71.76,-6.69
794,Banana Man,C.J. Chenier,Zydeco Champs,1992,189.34,89.67,-12.47
795,Banana Split Republic,False Prophets,P.E.A.C.E / War,1984,242.89,119.05,-7.69
796,Bancate Ese Defecto,Charly GarcAa,El Album,1983,300.15,89.10,-15.31
798,Banda Yango,Tshala Muana,Mutuashi,2001,390.63,137.35,-5.25
799,Bang,Badmarsh & Shri,Signs,2001,263.31,87.33,-6.72
800,Bang! Bang!,The Knux,Bang! Bang!,2008,200.25,140.12,-4.83
801,Banho De Amor,Moraes Moreira,BahiAPSo Com H,1991,280.66,132.56,-7.44
805,BAPse,Die Fantastischen Vier,Jetzt geht's ab - JubilA$?ums-Edition,1991,149.99,120.00,-5.17
807,Bare As You Dare,Lady Saw,Lover Girl,1994,230.53,97.00,-11.49
808,Bari Bossa,Leo Gandelman,Lounjazz,2007,222.98,157.95,-13.81
814,Basking Under a Blacksun Dawning,Morgion,Morgion,1997,341.68,112.06,-7.42
816,Bass Pro Shop & Wal-Mart,Larry The Cable Guy,The Best Of Blue Collar Comedy,2009,148.38,62.02,-12.15
819,Bata 6/8,Tito PuentA(c),Salsa Salsa,1987,362.50,112.57,-25.50
821,Bath Of Least Resistance,NOFX,Punk-O-Rama 6,2001,108.12,198.20,-4.93
822,Battery Acid,Six Brown Brothers,Trax Records: Acid Classics,1988,257.96,124.49,-11.40
827,Be,Jessica Simpson,In This Skin,2003,250.04,163.85,-6.53
830,Be Careful With A Fool,Johnny Winter,The Best Of Johnny Winter,1969,315.92,103.38,-10.38
833,Be Healthy,Dead Prez,Let's Get Free,2000,154.30,94.91,-8.33
834,Be Like That,3 Doors Down,The Better Life - Deluxe Edition,1999,278.65,94.08,-5.21
836,Be My Lover,Brenda Boykin,Music For Cocktails - Fashion Show,2008,263.73,86.68,-10.24
837,Be My Lover,Alice Cooper,LIVE AT MONTREUX,1971,197.90,119.74,-5.43
839,Be Stiff (Live),Devo,Q: Are We Not Men?  A: We Are Devo / Devo Live,1993,175.26,152.94,-11.95
840,Be With Me,Mindy McCready,Mindy McCready,2002,231.34,88.94,-9.02
841,Be With You,BeyoncA(c),Dangerously In Love,2003,260.21,149.91,-6.26
844,Bean Fields (Live) (2001 Digital Remaster),Penguin CafA(c) Orchestra,A Brief History,2001,270.78,128.30,-9.06
846,Beast In the Broch,The Lord Weird Slough Feg,Down Among the Deadmen,2000,106.61,93.59,-9.10
849,Beautiful,Eminem,Beautiful,2009,397.61,131.96,-7.04
850,Beautiful,Christina Aguilera,Dance Vault Remixes - Beautiful,2002,236.96,139.99,-3.92
851,Beautiful,Paul Glazby,Beautiful,2001,541.52,149.86,-8.71
852,Beautiful Brown eyes,Jimmy Wakely,Country Masters Vol 1,2001,155.95,109.07,-14.12
855,Beautiful One,Terry Dexter,Listen,2008,281.86,100.98,-8.49
857,Beauty And The Beast,Nightwish,Angels Fall First,1997,382.59,78.96,-4.66
858,"Beauty Queen (12"" Spoon Club Mix)",SNAP!,Beauty Queen,2005,404.38,130.29,-9.32
859,Beauty Supply And Demand,Busdriver,Well Deep: Ten Years Of Big Dada,2004,125.78,242.70,-7.12
863,Because Of You,Neil Sedaka,Love Songs,1999,170.84,76.01,-9.45
865,Because Of You (Album Version),Unwritten Law,Here's To The Mourning,2005,183.74,103.14,-4.26
866,"Because You Loved Me (Theme from ""Up Close and Personal"")",CA(c)line Dion,My Love Ultimate Essential Collection,1996,274.57,120.05,-7.72
867,Becoming (LP Version),Lennie Tristano,Lennie Tristano / The New Tristano,1994,271.26,200.88,-15.32
868,Bed Crumbs,Fudge Tunnel,In A Word,1991,124.94,120.70,-7.31
870,Bed's Too Big Without You,Inner Circle,Spirits In The Material World: A Reggae Tribute To The Police,2008,227.81,90.02,-5.64
872,Bedtime Story (Album Version),Madonna,Bedtime Stories,1994,248.55,111.96,-13.60
873,Bee Sting Stings,Tullycraft,Darla 100,1999,201.25,137.54,-7.17
874,Beef,Capone-N-Noreaga,Channel 10,2009,217.42,157.67,-5.52
876,Been Fighting Devilz,Snowgoons,A Fist In The Thought,2009,240.46,94.15,-6.25
878,Been There All The Time,Dinosaur Jr.,Been There All The Time,2007,220.71,253.36,-3.87
879,Before The Aons Came,Behemoth,Demigod,2004,178.34,85.11,-4.06
882,Beginning Of The End,Cockney Rejects,Out Of The Gutter,1987,250.02,165.62,-5.57
884,Beholder of Justice (Album Version),Hatebreed (int License),The Rise of Brutality,2003,164.21,134.80,-3.86
888,Believe In Me (Clubb Mix),ATB,Believe In Me,2005,479.76,129.99,-5.84
889,Believe In What I Say,Cookies,House Candy - Bienvenue a La Discoteque,2005,193.70,125.97,-5.58
892,Belleza Pasajera,Tam Tam Go!,The Platinum Collection,1993,190.04,141.39,-11.32
896,Below The Stars,The Field Mice,Coastal,1990,335.46,70.09,-14.06
897,Beneath an Evening Sky,Aisha Duo,Our Favorite Things,2005,288.60,86.90,-19.74
898,"Beneath The Valley Of The Underdog (Album Version + Hidden Track ""Talkin' Randy Tate's..."")",Mudhoney,Tomorrow Hit Today,1998,519.13,131.64,-6.59
905,Best Friend,Toni Braxton,Toni Braxton,1993,267.23,123.76,-9.27
907,Best In LA,Marc Shaiman,The Bucket List,2008,81.19,69.92,-25.36
908,Best Kept Secret,Dons,Lights On,2006,240.22,124.03,-5.08
910,Betrayal Is A Symptom,Thrice,The Illusion of Safety,2002,169.64,114.18,-5.18
912,Better Be Good,The Real Kids,The Real Kids,1976,252.26,162.77,-14.66
913,Better Believe It Remix (feat. Bun B_ Trae_ Yo Gotti & Foxx),Lil Boosie feat. Bun B_ Trae_ Yo Gotti & Foxx,Thug Passion,2009,318.80,125.83,-13.14
914,Better Days,Colin James,Bad Habits,1995,280.11,154.55,-8.88
915,Better Days (Album Version),Faith Hill,Faith,1998,207.80,141.71,-7.13
916,Better Life,3 Doors Down,The Better Life - Deluxe Edition,2007,203.23,151.80,-5.00
918,Better Luck Next Time,Lifehouse,Lifehouse,2005,215.82,164.00,-4.18
921,Better Way Of Life,George Nooks,Standing By,2001,223.50,149.83,-5.64
922,Better Ways,Tam Tam Go!,The Platinum Collection,1990,223.97,118.04,-8.22
924,Between Eunice & Opelousas,Steve Riley & The Mamou Playboys,La Toussaint,1995,182.23,225.67,-3.96
926,Between Love & Hate,The Strokes,Room On Fire,2003,191.29,104.21,-4.69
927,Between Me & You Kid (Album Version),Mudhoney,Five Dollar Bob's Mock Cooter Stew,1993,217.55,158.52,-8.00
928,Between The Worlds,Be Bop Deluxe,Futurama,1975,197.82,142.88,-11.29
929,Between You And Me,Joy Enriquez,Joy Enriquez,2001,260.96,96.09,-3.94
935,Bianca's Midnight Lullaby,Al Di Meola,Greatest Hits,1980,114.08,75.11,-13.35
936,Biding Her Time,Bob Neuwirth,99 Monkeys,1990,241.11,152.27,-18.11
938,Big Boss Man,John Hammond,The Best Of,1965,162.72,95.43,-11.73
939,Big Bottom,Spinal Tap,Back From the Dead,1984,218.20,112.06,-7.64
940,Big Bounce,David Arkenstone,Chillout Lounge,2009,272.98,108.01,-12.96
941,Big Business,Dilated Peoples,Neighborhood Watch,2004,149.92,165.55,-8.23
943,Big Girl Blues,Danny Barnes,Get Myself Together,2005,169.48,83.28,-12.43
946,Big Leg Woman Gets My Pay,Blind Boy Fuller,Sweet Honey Hole,1991,162.30,172.70,-18.75
947,Big Legged Woman,Robert Lockwood_ Jr.,I Got To Find Me A Woman,1998,278.39,117.98,-9.76
951,Big Time Charlie,Cockney Rejects,Unforgiven,2007,182.26,84.59,-3.13
952,Big Train,Conway Twitty,Conway Twitty's Big Train,2009,140.75,64.14,-19.60
956,Bigbigkiss,Helen Love,Love And Glitter_ Hot Days And Musik,2000,213.39,162.10,-9.56
963,Bing,The Jason Bonham Band,MAD HATTER,1992,290.19,196.01,-7.11
965,Birch,Maximilian Hecker,Lady Sleep,2005,370.02,243.98,-13.54
967,Birth Of The Falls,Stephen Warbeck,Dreamkeeper,2003,123.69,116.26,-16.04
968,Bishop Hopping,Phantomsmasher,Phantomsmasher,2002,382.14,88.05,-6.29
969,Bitch Is Back,L.A. Guns,A Nite On The Strip - Live,1988,201.09,102.26,-2.87
971,Bite Back,The All-American Rejects,Dirty Little Secret,2005,279.72,148.00,-5.07
974,Black and Blue,Torcuato Mariano,Lift Me Up,2006,295.03,180.19,-11.88
976,Black Celebration,Monster Magnet,For The Masses,1998,260.18,61.59,-6.08
977,Black Connect 3,Camp Lo,Another Heist,2009,267.18,111.81,-10.48
978,Black Diamond,Taking Dawn,Time To Burn SE,2010,236.80,144.78,-4.36
981,Black Night,Halfway to Gone,Halfway to Gone,2004,210.08,141.63,-5.06
982,Black Tiger,Y&T,Open Fire,1982,275.96,170.77,-8.11
984,Blackwood Moth,Milieu,Remodelled,2007,371.88,87.00,-13.08
988,Blame Canada ( From: South Park ),Marc Shaiman,The Bucket List,2008,106.81,136.98,-16.08
989,Blank Eye Stare,Martriden,Martriden,2006,355.94,83.91,-4.70
991,BlAY=sut,Sofia Karlsson,SAPder Om KA$?rleken,2009,165.69,205.16,-10.06
993,Bleeds In Blue (Album Version),Home Town Hero,Home Town Hero,2002,187.77,156.20,-2.86
994,BLEEDS NO MORE (Live Version),Silverstein,18 CANDLES: THE EARLY YEARS,2006,256.47,132.96,-3.57
995,Blessed Assurance,Glad,Simply Glad,1993,270.60,192.70,-10.75
997,Blink Of An Eye (Alternative),Berlin,Voyeur,2002,255.32,104.04,-4.52
998,Bliss,The Dreamtree Project,Jadur Madur,2007,798.20,134.29,-16.18
999,Bliv Du Till Gran (If You Became A Spruce),Groupa,Lavalek,1999,229.56,85.55,-10.68
1001,Blood Children (an Introduction) (Album Version),Atreyu,The Curse,2004,74.34,90.63,-20.64
1003,Blood Round Dance Song (World),R. Carlos Nakai,Changes,1982,146.34,104.99,-25.65
1006,Bloody Pig Pile (Live),Dropkick Murphys,Live On St. Patrick's Day,2002,196.73,183.81,-5.39
1007,Blott En Dag,Mons Leidvin Takle,Navnet Jesus,2001,180.38,60.51,-16.07
1009,Blowin' In the Wind,Ben Sidran,Dylan Different,2009,307.80,68.48,-17.34
1011,Blue Blue Day,Don Gibson,The Road More Traveled,1987,109.71,108.97,-12.81
1015,Blue Orchid,The White Stripes,Blue Orchid,2005,160.31,152.79,-9.39
1017,Blue Skies,Blue October,Approaching Normal,2009,223.29,116.90,-6.80
1020,Blueberry Hill,Gene Autry,Back In The Saddle Again,1992,155.53,107.72,-15.97
1021,Blues,Terry Callier,Essential_ The Very Best Of...,2001,180.51,109.02,-8.15
1024,Blues All Around My Bed,Precious Bryant,Fool Me Good,2002,154.30,179.08,-11.30
1026,Blues City Shake Down,John Mayall & The Bluesbreakers,Plays John Mayall (Live At Klooks Kleek),2010,142.16,133.07,-5.06
1027,Blues Do Elevador,Zeca Baleiro,LAricas,2000,237.98,86.01,-12.01
1029,Bo Diddley,The Animals_ Sonny Boy Williamson,The Animals with Sonny Boy Williamson,1973,463.49,81.11,-9.49
1030,Boar Hog Blues,Jazz Gillum,Jazz Gillum Vol. 1 1936-1938,1997,171.00,140.14,-15.08
1032,Bob Your Head,RUN-DMC,Original Album Classics,1990,227.55,64.10,-12.65
1035,Boda de Oro,Orquesta America,Danzon-Son,1997,353.70,110.33,-11.71
1040,Bolero Militar,Bersuit Vergarabat,Don Leopardo,1996,208.56,121.91,-7.88
1041,Bolivian Surf,Bersuit Vergarabat,Don Leopardo,1996,180.11,126.53,-6.18
1042,Boll Weevil,Blind Willie McTell,The Devil Can't Hide From Me,2001,116.35,130.36,-15.87
1052,Boo Hoo,KT Tunstall,Eye To The Telescope / KT Tunstall's Acoustic Extravaganza,2005,295.08,137.81,-7.27
1053,Boo Hoo,KT Tunstall,Other Side Of The World,2005,308.64,128.21,-11.00
1056,Boogie Man,Freddie King,Woman Across The River (World),1973,226.06,135.95,-14.98
1057,Books & Books,The Almost,Monster Monster,2009,210.60,84.99,-4.29
1058,"Boom-Shack-A-Lack (12"" Mmix / Bonus Tra)",Junior Reid,Boom-Shack-A-Lack,1998,326.01,158.24,-8.28
1060,Boomerang (Reprise),Cirrus,Counterfeit,2002,193.72,180.01,-6.15
1068,Boring,Lifer,Lifer,2001,228.62,104.59,-4.74
1071,Born and Raised In Compton,DJ Quik,The Best of DJ Quik - Da Finale,1991,205.58,181.12,-7.00
1073,Born To Be Together,The Ronettes,The Best Of The Ronettes,1991,177.82,114.05,-9.54
1074,Born To Run,Suzi Quatro,What Goes Around,1995,301.22,131.57,-5.31
1076,Borrow Mine,Bebo Norman,Try,2004,280.40,144.02,-5.17
1078,Bottle It Up And Go,Big John Greer,I'm The Fat Man,1992,145.74,159.94,-7.27
1080,Boulevard St. Germain,Bloomfield,CafA(c) Solaire 11-Download Edition,2006,353.70,179.98,-6.72
1084,Boxed In (Subzero),Hatebreed,For The Lions,2009,179.17,136.02,-4.01
1085,Boxing Day,The Pineapple Thief,Little Man,2006,233.66,160.05,-11.10
1088,Boyfriend,Janitor Joe,Big Metal Birds,1993,169.22,160.98,-12.11
1090,Boys,Britney Spears feat. Pharrell Williams,Touch My Soul_ Vol. 23,2001,225.49,106.92,-4.95
1093,Brand New Broken Heart,NewFound Road,Same Old Place,2009,176.56,223.34,-5.86
1096,Brazil Mon Amour,Zen Lemonade,Lemon Soul,2001,493.79,134.21,-9.54
1098,Break,SWAMI featuring Ishmael Morabe,EQUALIZE,2007,275.90,93.23,-3.29
1103,Break The Ice,Britney Spears,Break The Ice: Dance Remixes,2007,530.13,130.01,-5.43
1105,Breakin',Milk Inc.,Supersized,2006,206.76,130.01,-6.70
1106,Breakin' Dishes,Rihanna,Good Girl Gone Bad: The Remixes,2007,199.63,127.91,-6.19
1107,Breakin' It,Mindy McCready,Ten Thousand Angels,1996,200.38,153.85,-7.37
1108,Breaking Down The Walls Of Heartache,Dexys Midnight Runners,The Projected Passion Revue,1991,245.37,155.52,-6.91
1109,Breaking In,Alexandre Desplat,Firewall,2005,177.03,183.96,-20.25
1111,Breath Of Fresh Air,Warrior King,Virtuous Woman,2002,225.78,83.83,-6.94
1112,Breathe Easy,Williamson,The Trashcan Electric E.P.,2005,203.18,110.03,-10.13
1113,Breathe Me In,Candlebox,Into The Sun [Explicit],2008,312.84,130.35,-5.97
1114,Breathless,Lifer,Lifer,2001,286.54,98.51,-6.29
1118,Bricks And Mortar,The Jam,In The City,1977,157.39,145.12,-9.70
1119,Bridge To Canada,Noisettes,What's The Time Mr. Wolf,2006,205.06,119.50,-2.91
1120,Bridget,Rachel Portman,The Sisterhood of the Traveling Pants 2,2008,199.05,86.46,-22.27
1125,Brillantin' Brutal',Falco,Junge Roemer,1984,228.13,123.03,-13.84
1126,Bring It On,Goose,Bring It On Rarities & Remixes,2006,395.86,122.96,-5.35
1127,Bring Out Your Dead,Cadacross,Corona Borealis,2002,217.94,92.61,-4.38
1128,Britney,Bebo Norman,Bebo Norman,2008,213.47,96.09,-6.29
1133,Broderskapets ring,Dimmu Borgir,StormblAY=st 2005,1996,331.05,90.44,-4.75
1135,Broke Down,Radio Moscow,Brain Cycles,2009,255.90,163.09,-6.83
1136,Broke Down On The Brazos (Album),Gov't Mule,By a Thread,2009,378.96,196.14,-5.86
1137,Broken Boy Soldier (KCRW Version),The Raconteurs,Broken Boy Soldier,2006,230.58,128.19,-7.38
1139,Broken Promises (album version),Moments In Grace,Moonlight Survived,2004,195.92,145.15,-6.21
1140,Broken Radio,Jesse Malin,Broken Radio,2007,219.19,129.95,-7.95
1143,Brooklyn On A Saturday Night,Neil Diamond,Primitive,1984,224.57,139.49,-15.85
1144,Brother,Steve Vai,Fire Garden,1996,304.72,227.16,-7.27
1145,Brother,Alice In Chains,Music Bank,1992,267.36,92.01,-6.48
1153,Bruttosozialprodukt,Geier Sturzflug,Deutsche Hits CD1,1982,186.51,165.98,-6.54
1154,Bside,Various Production,Tricycle EP,2009,239.91,151.99,-16.78
1155,Bubble Music,Cam'Ron,Purple Haze,2004,231.94,161.74,-3.39
1156,Bubblegum,Helen Love,Radio Hits 2,1997,145.79,156.07,-8.87
1157,Bubbles in My Beer,Bob Wills,Backline Volume 4,1991,137.43,86.20,-15.99
1159,Bubulina,Sui Generis,Adios Sui Generis Vol III,1975,319.01,109.31,-14.89
1163,Buddy and Santa's Flight,John Debney,Elf,2003,74.76,83.95,-17.71
1164,Buenos Aires (De Tus Amores),LeA3n Gieco,Argentina Quiere Cantar,2002,302.26,163.77,-7.66
1165,Building,Funeral For A Friend,Memory And Humanity,2008,160.23,139.40,-15.61
1167,Bull Dog,The Shangri-Las,The Very Best Of The Shangri-Las,1964,157.86,93.41,-7.60
1168,Bullet Frenzy,Elliot Goldenthal,S.W.A.T.,2003,617.82,148.51,-13.18
1169,Bullet Proof ... I Wish I Was (Acoustic),Radiohead,Fake Plastic Trees,1995,214.75,153.08,-18.15
1170,Bullmoose (LP Version),Bobby Darin,Sing & Swing With Bobby Darin,2008,147.93,181.37,-8.77
1171,Bully Bully (LP Version),Off Broadway,On,1979,244.87,120.52,-10.82
1172,Bumbling Along,Nino Nardini,Luke Vibert's Nuggets,2001,33.20,88.68,-8.84
1179,Burn 'Em Down (LP Version),Sick Of It All,Built To Last,1997,175.41,96.70,-7.50
1180,Burning In The Aftermath,The Suicide Machines,A Match & Some Gasoline,2003,95.69,115.89,-2.02
1181,Burning Skies,Tones On Tail,Everything!,1987,387.16,95.43,-11.71
1183,Bury You,Lollipop Lust Kill,My So Called Knife,2000,265.61,153.21,-5.15
1184,Bury Your Head,Saosin,Saosin EP,2005,212.30,85.03,-3.75
1185,Bury Your Head (Acoustic),Saosin,Saosin EP,2005,254.28,125.06,-3.83
1188,Bush,David Banner,Mississippi-The Album,2003,183.90,99.49,-3.74
1189,Bust At You [featuring Baby_ Scarface & Tony Sunshine] (edited album version),Fat Joe,Loyalty,2002,277.00,167.88,-4.68
1190,Busted,Natalie Cole,Still Unforgettable,2008,236.20,167.70,-7.09
1199,Byal ravnec,Lot Lorien,Lot Lorien,2007,368.17,160.21,-8.68
1200,Bye Bye,Vilma Palma e Vampiros,Vilma Palma e Vampiros_ grandes exitos,1992,344.87,197.23,-7.09
1201,Bye Bye Betty Blue,The Fever,In The City Of Sleep,2006,194.46,84.46,-4.53
1203,BYOB (Explicit Album Version),Yung Joc,Hustlenomics,2007,193.65,174.02,-5.80
1204,Bystander (Album Version),unloco,Healing,2001,362.34,145.72,-7.02
1205,C Day (Maxi Club Version),Confetti's,Greatest Hits,2001,312.45,119.96,-5.67
1209,C'est La Vie,Marc Lavoine,Best Of 85-95,1989,224.39,122.50,-10.32
1210,C'est Moi,Rupa & the April Fishes,Hear Globally: A Cumbancha Collection,2009,251.77,165.97,-8.59
1215,C'est Toujours la MAame Histoire,Martha Wainwright,Sans Fusils_ Ni Souliers_ A Paris: Martha Wainwright's Piaf Record,2009,287.09,82.12,-11.57
1216,C'est Toujours Le Matin,Cali,Menteur / L'Amour Parfait,2003,210.18,189.86,-10.89
1217,C'Etait Bien,Jean Corti,Couka,2001,183.20,163.57,-11.77
1218,C30 C60 C90 Go,Bow Wow Wow,Girl Bites Dog_ Your Compact Disc Pet,2003,182.99,231.73,-10.14
1219,CA(c)u do Brasil,Nouvelle,Free Bossa,2000,229.51,220.03,-14.66
1220,Cabaret,Mademoiselle Sane,La petite boite en fer,2007,173.14,121.80,-6.46
1221,Cabide,Mart'nA!lia,Mart'nA!lia em Berlim ao vivo,2006,157.07,144.55,-9.60
1222,Cabiria,Hot Club Of Cowtown,Wishful Thinking,2009,203.96,132.07,-10.88
1225,Cadillac Walk (Album Version),Willy DeVille,Live at Montreux 1994,2009,439.30,143.59,-5.88
1227,Cafe deClouet,Galactic,Crazyhorse Mongoose,1998,21.39,102.84,-30.25
1229,Caja De Cerillas,Johannes Linstead,Kiss The Earth,2000,298.11,179.98,-8.58
1230,Cajun Baby (LP Version),Commander Cody And His Lost Planet Airmen,Tales From The Ozone,1975,161.88,166.53,-3.47
1233,California Dreamin' (LP Version),Baby Huey & The Baby Sitters,The Baby Huey Story: The Living Legend,1971,288.37,132.97,-10.90
1234,California_ Gracefully,Every Time I Die,Last Night In Town,2001,171.60,93.46,-4.03
1235,Call Me,Mint Condition,Live From The 9:30 Club,1999,293.67,97.75,-11.08
1237,Call Of Da Wild,OutKast,Southernplayalisticadillacmuzik,1994,366.39,177.66,-6.79
1238,Call On Me,Bad Company,Straight Shooter,1975,365.24,116.49,-9.75
1239,Call On The Father,Beres Hammond,Can't Stop A Man,2003,229.51,155.77,-8.57
1243,Calliope,Al Di Meola,Scenario,1983,257.31,110.10,-16.95
1245,Calm Da Seas,Dave Hollister,Witness Protection,2008,258.17,117.94,-5.19
1248,CamiA+-o De Santiago,Carlos NuA+-ez,Carlos Nunez En Concert,2004,275.43,143.97,-11.02
1249,Camino,Gipsy Kings,Gipsy Kings / Mosaique / Este mundo,1989,303.10,91.85,-11.27
1250,Camisa Amarela,Gal Costa,Aquarela Do Brasil,1980,171.86,118.05,-10.87
1253,Can I Get A Witness,RUN-DMC,Down With The King,1993,216.66,102.18,-12.27
1254,Can You Dance With Me?,Andrew W.K.,Close Calls With Brick Walls / Mother of Mankind,2006,127.48,161.87,-2.45
1255,Can You Feel It?,Lee Ritenour,This Is Love,1998,321.57,93.85,-11.24
1256,Can You Hear Me,Enrique Iglesias,Can You Hear Me,2008,234.81,119.97,-4.70
1258,Can't Break a Dead Girl's Heart,Zombina & The Skeletones,Taste the Blood Of...,2002,152.66,91.02,-6.82
1261,Can't Do Me No Good,Otis Spann,The Complete Blue Horizon Sessions,1997,141.24,86.30,-10.40
1263,Can't Happen Here,Rainbow,The Best Of Rainbow,1981,299.57,156.00,-10.92
1266,Can't Make You Love Me,Britney Spears,Oops!... I Did It Again,2000,196.81,107.97,-3.69
1268,Can't Stop (Mind electric Remix),Cabin Crew,The Grand,2009,194.98,85.35,-4.43
1269,Can't Stop Cocoa Tea,Cocoa Tea,Weh Dem A Go Do...Can't Stop Cocoa Tea,1991,162.35,146.47,-17.42
1272,Canal de jonage,"MichA""le Bernard",Piano Voix,2006,230.24,234.36,-12.17
1276,Cancion De Amor,2 Minutos,Novedades,1999,124.39,97.55,-4.86
1277,Cancion De Amor Eterno,Carlos Vives,Coleccion de Oro,2000,112.90,132.36,-17.55
1281,Candy Man,Hot Tuna,Final Vinyl,1971,239.59,172.40,-9.28
1283,Cannibal (Dance Mix),Reel Big Fish,Monkeys For Nothin' And The Chimps For Free,2007,253.10,165.55,-5.17
1286,Canta Brasil,Gal Costa,Classic Latino,1981,193.36,137.94,-10.84
1287,Canta Una CanciA3n De Amor,Alejandro Lerner,Lernertres,1984,232.49,129.23,-17.18
1289,Canto Triste,Edu Lobo,Meia-Noite,1967,309.52,84.85,-18.58
1290,Canyon,Vex'd,Pop Pop / Canyon,2005,365.03,149.96,-7.57
1292,CAonla/The Friar's Breeches,The Chieftains;Colin James,Another Country,1992,218.33,114.59,-12.81
1293,Captain Fingers,Lee Ritenour,OverTime,1977,444.81,128.97,-8.42
1296,Caravane (Live 2006),RaphaA<<l,Une Nuit Au ChAC/telet,2007,234.40,99.75,-6.37
1299,Care,Sizzla,Jah Protect,2006,168.57,189.26,-8.68
1300,Career Suicide (CD),The Cliks,Dirty King,2009,199.78,142.95,-5.12
1301,Careful In Career,Simple Minds,Sons And Fascination/Sister Feelings Call,1981,308.95,139.40,-14.18
1304,Caribou Lou,Tech N9ne,Alpha Dog,2006,274.86,177.94,-6.70
1306,Carita De Rosa,Gertrudis,Teta,2003,233.27,208.00,-5.92
1309,Carol,Flamin' Groovies,Teenage Head,1999,195.40,172.50,-3.22
1312,Carolan's Concerto,The Chieftains,Music Of The Celtic Harp,1971,185.86,175.71,-14.34
1314,Caroline (LP Version),Billy Pilgrim,Bloom,1995,220.26,137.30,-7.15
1319,Carrie's Theme,John Frizzell,Whiteout : Music from The Original Motion Picture,2009,100.75,91.43,-30.00
1321,Carry The Weight,Xzibit,At The Speed Of Life,1996,253.00,91.00,-11.67
1325,Castillos Y SueA+-os,Las NiA+-as,Savia Negra,2005,183.48,112.01,-8.79
1326,Castle of KoFW,Koordinate Of Wonders,Irreverse,2006,218.75,158.91,-9.33
1331,Catcher In The Rye,Guns N' Roses,Chinese Democracy,2008,352.97,85.24,-7.48
1332,Catharsis Of A Heretic,The Ocean,Heliocentric,2010,128.84,139.97,-8.97
1333,Catholic Knees (Album Version),Taking Back Sunday,New Again,2009,168.25,131.02,-3.57
1334,Cattle Call,Slim Whitman,Rose Marie,1993,152.42,106.64,-11.27
1336,Caught In A Dream,Tesla,Gold,2004,290.30,150.06,-5.27
1337,Caught In A Dream (Album Version),Alice Cooper,Love It To Death,1971,189.91,137.26,-12.69
1338,Caught In The Crossfire,April Wine,Nature Of The Beast,1981,214.44,138.57,-12.55
1339,Caught In The Rain,Martin Sexton,Black Sheep,1996,277.39,109.89,-14.15
1340,Caution,Maxi Priest,You're Safe,1991,292.26,167.28,-14.29
1342,Cavalleria Rusticana,William Orbit,Pieces In A Modern Style,2000,199.86,131.28,-21.82
1343,Cavasamba Um (Edit),Grupo Batuque,O Tempo Do Samba,2005,41.56,155.53,-17.44
1345,Caviglia,The Mars Volta,Scab Dates,2005,165.72,203.31,-20.93
1346,CB4,Slum Village,Fantastic Vol. 2,2000,225.49,94.65,-4.81
1353,Cellular Phone,Bounty Killer,Nah No Mercy - The Warlord Scrolls,1995,205.30,159.80,-5.76
1354,Celluloid Heroes,Bon Jovi / Ray Davies,Misunderstood,2002,336.85,130.28,-5.16
1355,Celos,Obie Bermudez,Solo Exitos,2004,220.79,109.23,-7.21
1357,Cent Mille Guitares,Line Renaud,Les AnnA(c)es Chansons,1994,159.76,127.96,-9.32
1360,Century City Rag,The Last,L.A. Explosion,1979,159.06,162.95,-8.38
1361,Cerca & ExtraA+-o,Entre RAos,Onda,2005,285.05,216.00,-10.08
1362,Cerilene,Sister Hazel,...Somewhere More Familiar,1997,332.93,119.46,-8.42
1364,Certain Things We Do,Lost Boyz,Love_ Peace & Nappiness,1997,269.79,90.22,-11.04
1369,ChAC/teau de sable,Rokia TraorA(c),Wanita,2000,340.51,96.31,-13.81
1370,Chaco (Album Version),Grant Geissman,Rustic Technology,1993,307.41,192.30,-11.14
1372,Chain (Album Version),The Fire Theft,The Fire Theft,2003,223.37,137.61,-6.14
1378,Champagne & Reefer,Bongzilla,Amerijuanican,2005,286.59,97.27,-4.63
1382,Change Clothes,Jay-Z,R&B Love Collection Summer 2009,2003,259.06,104.12,-4.73
1384,Change You or Change Me (Amended Version),Fabolous,Street Dreams,2003,283.61,85.90,-7.68
1387,Changed My Life,Baby Bash / Grimm,Tha Smokin' Nephew,2003,231.08,89.48,-5.18
1392,Chanson sous la pluie,"MichA""le Bernard",Mes premiers vinyls,2002,192.68,114.50,-10.34
1393,Chant For Eschaton 2000,Behemoth,Satanica,1999,321.49,156.26,-4.15
1401,Chase,Leona Naess,Comatised,2000,199.08,93.26,-5.77
1402,Chase The Light,Dope Stars Inc.,Make A Star,2006,233.22,155.00,-4.74
1403,Chasing Cars,Snow Patrol,Shut Your Eyes,2006,268.96,106.00,-6.62
1405,Chasing Windmills,Heavy D,Vibes,2008,206.99,40.03,-5.44
1406,Chateau Strut,Doyle Bramhall,Is It News,2007,235.60,147.07,-8.69
1407,Chatma,Tinariwen,Amassakoul,2003,336.33,105.98,-12.33
1408,Chatterbox,Sex Pistols,Submission,2004,189.18,152.90,-14.68
1411,Check It (Explicit),Lords Of The Underground,Here Come the Lords,1993,264.70,99.06,-8.61
1412,Check On It,BeyoncA(c) feat. Slim Thug,Check On It,2005,211.17,110.70,-4.29
1415,Cheer,Descendents,Enjoy!,1986,183.90,187.18,-12.29
1418,Chela,Sonora Carruseles,Sonora Carruseles Espectacular,1999,220.79,60.16,-11.08
1419,Chelsea Girl (Live),Simple Minds,Silver Box,2004,308.45,103.64,-9.50
1420,Chemistry,Michael Stanley Band,North Coast,1981,173.43,158.06,-8.73
1422,Cherokee,The Galactic Heroes,How About San Francisco?,2000,120.87,187.32,-10.33
1426,Chi Chi Man,T.O.K.,Reggae Gold 2001,2001,208.51,100.00,-8.28
1428,Chicago Bound Blues,Bessie Smith,Queen Of The Blues: Volume 1 B,1991,187.04,70.75,-19.27
1431,Child Of My Kingdom,Arthur Brown,The Crazy World Of Arthur Brown,1968,422.16,114.75,-14.10
1432,Child Of The Night,Damone,Out Here All Night,2006,217.21,154.09,-4.27
1434,Children Of Love,Abijah,Abijah,2003,204.77,81.03,-18.82
1436,Children's Song No. 3,Renee Rosnes,Art & Soul,2000,320.52,108.23,-20.34
1437,Chile con carne,Gabriel Yared,37Adeg2 Le Matin,1986,194.82,89.87,-21.03
1438,Chim Chim Cheree,Charlie Byrd,The Best of the Jazz Guitar,1989,471.43,82.04,-17.50
1439,Chime,Shapeshifters,Global Gathering 2008,2008,467.43,132.00,-7.19
1440,Chime (edit),Orbital,Halcyon - The Platinum Collection,1990,192.21,120.94,-6.92
1441,China,Tito Puente,Mambo Diablo,1972,295.05,88.38,-12.47
1442,China Doll,Slim Whitman,UK - 1955 - September,2002,170.81,107.58,-9.68
1446,Chiove,Rita Chiarelli,The Italian Sessions,2006,228.39,99.38,-16.11
1448,Chitlins Con Carne,Stevie Ray Vaughan And Double Trouble,Blues At Sunrise,1996,235.65,111.83,-13.28
1449,Chivalry,Usher featuring Jermaine Dupri,Here I Stand (Deluxe Version),1925,246.10,127.91,-6.71
1450,Chlore,Pascal Obispo,Un Jour Comme Aujourd' Hui,1994,231.00,139.98,-13.69
1452,Chocolate,Snow Patrol,Signal Fire,2003,181.58,117.97,-6.47
1454,CHOKECHAIN (Amended Album Version),3OH!3,WANT,2008,211.67,145.88,-4.81
1462,Christelle Est Une Ordure,BA(c)nabar,Reprise Des NA(c)gociations,2005,224.99,100.31,-14.66
1465,Christlike Roche,The Roches,Can We Go Home Now,1995,338.34,130.03,-14.25
1468,Christmas In Jamaica,Toni Braxton Featuring Shaggy,Snowflakes,2001,219.01,149.94,-5.21
1474,Church Hangover,George Lopez,El Mas Chingon,2006,270.68,101.46,-16.72
1475,Church_ I'm Fully Saved Today,Blind Willie Johnson,Sweeter As the Years Go By,1991,187.14,97.76,-15.89
1477,Cicada,Silverchair,Frogstomp,1995,312.14,122.24,-7.21
1478,Cielito lindo,Mariachi Silvestre Vargas,Mexico Gran ColecciA3n Ranchera - Mariachi Silvestre Vargas,2006,186.10,88.46,-12.88
1483,Cintura Fina,Alceu ValenASSa,CoraASSAPSo Bobo,1998,188.66,157.11,-8.59
1485,Circle Round The Moon,Charley Patton,Complete Recordings_ CD C,1990,154.88,130.98,-24.77
1487,Citizen Of The Planet,Simon & Garfunkel,Old Friends Live On Stage,2004,194.35,151.50,-13.05
1488,City Headache,Scott Matthews,Passing Stranger,2006,299.73,173.95,-16.25
1489,City Of Screaming Statues,At The Gates,Gardens Of Grief,1991,286.04,171.61,-8.07
1490,City Slickers,Marc Shaiman,The Bucket List,2008,149.86,134.57,-18.34
1491,Ciudad desierta,Alex Ubago,Calle ilusion,2009,186.10,135.02,-5.27
1492,Civilized Reggae,Burning Spear,Harder Than The Best,1980,355.19,125.25,-8.01
1493,Clap Ur Handz,K-OS,Joyful Rebellion,2004,80.54,104.78,-6.86
1494,Class Act,James Hunter,The Hard Way,2008,180.90,101.66,-7.28
1495,Class Clown/Good Old Days (Reprise),Owsley,Owsley,1999,348.03,95.79,-8.02
1496,Class Compromise (&History's Glory),The Business,No Mercy For You,2001,144.77,115.59,-4.16
1504,Cleo's Mood,James Taylor Quartet,Don't Mess With Mr T,2007,188.94,58.14,-2.78
1505,Clever Girls Like Clever Boys Much More Than Clever Boys Like Clever Girls,Pelle Carlberg,In A Nutshell,2007,247.25,169.99,-5.60
1508,Climate Control,Uphill Battle,Uphill Battle,2002,323.37,107.33,-6.56
1514,Close To You,Rick Astley,Portrait,2005,184.55,86.97,-8.70
1516,Close Your Eyes,Atomic Rooster,Made In England,1972,158.77,111.26,-9.22
1517,Closed Eyes,Bury Your Dead,It's Nothing Personal,2009,290.64,123.64,-6.66
1519,Closing Scene,The Radio Dept.,Freddie And The Trojan Horse,2007,256.03,88.02,-5.65
1520,Clothes Of Sand,Solas,The Edge Of Silence,2002,255.97,87.85,-9.76
1521,Clown,Mariah Carey,Charmbracelet,2002,196.94,120.08,-10.19
1523,CNN War Theme,Monster Magnet,Monolithic baby!,2004,217.10,146.68,-5.75
1524,Co Co My My,Poncho Sanchez,Conga Caliente,2002,307.10,211.81,-13.00
1525,Co-Pilot (Album Version),Letters To Cleo,Go!,1997,220.76,130.62,-6.04
1526,Cocain Ducks,Ec8or,Ec8or,1995,217.23,95.60,-9.49
1529,Coffee Blues,Mississippi John Hurt,Blues Routes Mississippi John Hurt,1966,198.77,111.72,-12.82
1535,Cold Shot,Stevie Ray Vaughan And Double Trouble,Soul To Soul/ Texas Flood/ Couldn't Stand The Weather,1985,240.77,112.72,-10.96
1537,Cold Youth,Cut Copy,In Ghost Colours,2008,289.04,128.01,-2.85
1539,Coleman's No. 1 / Ton Double Fisel / Kiely Cotter's / How We Spent the Christmas,Moving Cloud,Welcome: Who Are You?,2008,251.92,170.61,-14.47
1540,Colin Tries Standing,Zbigniew Preisner,The Secret Garden,1993,50.99,125.15,-24.73
1541,Collapsar,Brand X,Morrocan Roll,1977,95.76,158.58,-27.89
1542,Collecting Dust,Life Long Tragedy,Runaways,2008,204.98,86.44,-6.02
1543,Collide,Howie Day,Stop All The World Now (SPECIAL EDITION VERSION),2003,277.00,180.07,-12.32
1544,Collides With Beauty,ATB,No Silence,2004,349.05,136.97,-6.62
1545,Colombine,Georges Brassens,"Georges Brassens: Le siA""cle d'or",1956,115.25,59.98,-14.56
1552,Columbus Stockade Blues,Charlie McCoy,HarpinA' The Blues,1991,197.80,113.29,-13.48
1553,Com Una Flama,Ai Ai Ai,Neguits_ Angunies I Forats,1994,253.99,91.97,-12.90
1554,Coma,Aesop Rock,Labor Days,2001,236.64,86.92,-8.03
1555,Come Alive,Agnostic Front,Warriors,2007,122.17,185.45,-5.22
1559,Come Around (LP Version),Sister Hazel,Chasing Daylight,2003,235.73,217.13,-5.09
1560,Come Dance With Me,The Token,Doo-Wop Forever,1994,128.18,124.28,-6.52
1563,Come Here Feat. Jay Sean,Rishi Rich,The Project,2006,201.93,107.01,-4.74
1564,Come Home With Me,Cam'Ron / Juelz Santana / Jimmy Jones,Come Home With Me,2002,301.50,163.57,-5.10
1565,Come Live With Me (12'' Extended Version) (2006 Digital Remaster),Heaven 17,The Luxury Gap,1983,273.84,96.86,-8.02
1567,Come Next Monday,K.T. Oslin,RCA Country Legends,1993,229.46,163.97,-8.71
1570,Come On Back Home,Cece Winans,Everlasting Love,1998,248.27,96.00,-8.19
1575,Come Out Into The Open,Neil Innes,Re-Cycled Vinyl Blues,1995,222.88,140.07,-9.85
1577,Come See,Major Lance,The Very Best Of Major Lance,1963,141.43,119.71,-9.38
1578,Come To Find Out,John Hammond,In Your Arms Again,2005,247.33,90.67,-8.41
1579,Come To Me Tonight,Daniel Johnston,Frankenstein Love,1998,115.36,158.30,-11.09
1580,Come With Me,Tania Maria,Outrageously Wild,1983,325.67,176.18,-12.86
1581,Comeback,Eric Burdon,Soldier Of Fortune,1988,125.52,166.75,-6.82
1584,Comfort Zone,Everyday Sunday,Anthems For The Imperfect,2004,160.47,194.11,-4.95
1587,Comin' Home,ZO2,Ain't It Beautiful,2007,346.51,88.34,-5.80
1588,Comin' Tonight,Martha Wainwright,Comin' Tonight,2008,209.61,117.32,-13.55
1590,Coming Undone,Tantric,Mind Control,2009,176.43,140.11,-2.74
1592,Comme hier,Georges Brassens,"Georges Brassens: Le siA""cle d'or",1953,100.83,75.06,-13.62
1594,Comme Toi (Live),Jean-Jacques Goldman,IntA(c)grale 81-91,1991,327.65,120.70,-14.46
1595,Commercial Reign,Inspiral Carpets,The Singles,1990,283.77,113.68,-8.70
1596,Commercial Reign,Inspiral Carpets,Cool As,1990,283.32,113.61,-4.42
1598,Common sense,Winston McAnuff_ The Bazbaz Orchestra,A drop,2005,225.04,135.71,-7.98
1599,Common Tear,Novika,Tricks Of Life,2006,214.49,200.02,-9.11
1602,Como Boomerang,Juan Carlos Baglietto,Mami,1986,205.84,131.72,-11.54
1603,Como Caramelo De LimA3n,2 Minutos,Valentin Alsina,1994,129.49,146.28,-11.50
1606,Como Nuestro Amor No Hay Dos,Cabas,Amores DifAciles,2008,207.83,216.02,-6.40
1607,Como Olvidar (Merengue VersiA3n),Olga TaA+-A3n,100% Merengue,2006,279.54,129.96,-5.85
1609,Complain,Ayo,Joyful,2006,212.71,128.69,-11.26
1611,Completeness,Minnie Riperton,Les Fleurs & Other Favorites (Digitally Remastered),1970,212.14,109.47,-11.80
1612,Complicate It,Smartbomb,Yeah.  Well_ Anyway....,2001,233.27,132.02,-2.66
1613,Compromise,The Berzerker,Dissimulate,2002,163.81,227.25,-4.56
1614,Compulsory Resurrection,Abysmal Dawn,Programmed to Consume,2008,250.36,125.09,-5.77
1622,Concede,Sister Hazel,...Somewhere More Familiar,1997,235.65,142.89,-6.32
1628,Concerto No.3 In D: Allegro,Francis Lai,Love Story,1970,155.17,96.47,-13.92
1630,Confused,Deborah Coleman,Soft Place To Fall,2000,209.45,127.12,-3.43
1633,Conquer Me,Delroy Wilson,Dub Plate Style,2009,180.53,151.50,-9.07
1634,Conqueror Worm,Tsar,Band-Girls-Money,2005,220.42,150.23,-2.59
1636,Conscience Ah Heng Dem (interlude),Capleton,More Fire,2000,29.41,170.78,-15.00
1637,Constructing the Absence,Sub Swara,Coup d'Yah Remixes Vol. 2,2008,343.35,94.65,-9.82
1639,Consume (LP Version),Sick Of It All,Scratch The Surface,1994,223.71,101.14,-8.81
1640,Consumers (Album Version),45 Grave,Only The Good Die Young,1989,130.66,130.49,-7.20
1642,Contact 00,Plump DJs,Eargasm,2003,348.55,138.05,-7.88
1643,Contagious,Y&T,Contagious,1987,201.74,123.79,-12.08
1645,Container,Kaizers Orchestra,Evig Pint,2003,139.89,137.77,-4.89
1646,Contessa Entellina,Stephan Micus,Desert Poems,2001,274.65,82.58,-25.40
1650,Control It (Album Version),Static-X,Shadow Zone,2003,185.10,144.02,-3.26
1654,Cool People Make Me Tired,Williamson,The Trashcan Electric E.P.,2005,223.82,140.00,-10.38
1657,Cooler Than You,Diesel Boy,Venus Envy,1998,124.16,133.73,-4.79
1658,Cooling Out,Cocoa Tea,Authorized,1992,241.29,99.89,-11.37
1660,Cop It,MIMS,Music Is My Savior,2007,181.29,105.39,-4.19
1662,Coppershot,Bounty Killer,Jamaica's Most Wanted,2001,221.70,142.75,-8.04
1664,Coral Fang (Album Version),The Distillers,Coral Fang,2003,129.59,95.08,-3.70
1665,CorazA3n Contento,Palito Ortega,Inolvidables RCA - 20 Grandes Exitos,2004,156.97,152.25,-7.26
1667,Corcovado,Vince Guaraldi,The Latin Side Of Vince Guaraldi,1964,201.43,124.39,-18.70
1669,Corner Stone,Bob Marley,Soul Almighty - Natural Mystic II,1996,135.50,201.95,-11.58
1670,Corner Story,Del The Funky Homosapien,Future Development,1998,242.86,87.96,-7.53
1673,Cosmic Forge (LP Version),Daath,The Hinderers,2006,267.78,123.03,-2.82
1674,Cosmonaut,Wolfmother,Cosmic Egg,2009,288.34,136.38,-4.43
1675,Could This Be Love,Leroy Hutson,The Man!,1974,188.50,117.00,-14.82
1676,Could You Be Love,Mariano Yanani,Babies Go Bob Marley,2005,216.66,103.95,-17.94
1677,Couldn't Stand The Weather,Stevie Ray Vaughan And Double Trouble,3 CD Slipcase,1985,281.05,121.62,-9.88
1678,Country Day,The Tragically Hip,We Are The Same,2009,318.88,122.93,-5.48
1684,Courtyard,Bobbie Gentry,The Best of Bobbie Gentry: The Capitol Years,1968,177.58,152.43,-13.13
1692,Crack,RUN-DMC,Tougher Than Leather,1988,101.75,96.69,-6.91
1693,Crackbabies,Urge Overkill,Saturation,1993,243.17,152.47,-6.15
1698,Crash And Burn [Home Demo],Funeral For A Friend,Tales Don't Tell Themselves,2007,261.15,105.32,-14.96
1699,Crash Course,UK Subs,Time Warp:  Greatest Hits,1979,140.30,123.26,-11.03
1700,Crass Commercialism,Black Flag,Everything Went Black,1982,1030.19,70.65,-18.91
1702,Crawl Before You Ball (Album Version),Saafir,The Hit List,1999,234.76,188.89,-6.02
1703,Crawling (Album Version),Linkin Park,Hybrid Theory,2000,208.95,105.10,-6.05
1705,Crawlspace,Beastie Boys,To The 5 Boroughs,2004,173.61,108.01,-6.60
1706,Crayon Sharpener,themselves,Them,2003,271.44,167.89,-13.02
1707,Crazy,Aynsley Lister,Equilibrium,2009,227.11,96.36,-9.77
1708,Crazy,Aerosmith,Get A Grip,1993,319.74,162.34,-4.28
1709,Crazy,Aerosmith,Young Lust: The Aerosmith Anthology,1993,318.62,232.71,-4.43
1710,Crazy Circles,Bad Company,Desolation Angels,1979,211.15,194.28,-8.96
1712,Crazy Mixed Up World,Faye Adams,Shake A Hand,1961,156.39,95.96,-18.05
1714,Creation,The James Taylor Quartet,Whole Lotta Live 1998,1996,315.14,106.55,-14.33
1717,Creeper Kamikaze,The Exies,Inertia,2003,201.87,113.33,-5.00
1720,Crescent Moon,Ancient Astronauts,We Are To Answer,2009,330.58,136.04,-7.11
1722,Crimson And Clover,Tommy James & The Shondells,The Boat That Rocked,1969,324.70,167.84,-11.36
1723,Crimson Wave,Amorphis,Am Universum,2001,285.47,108.04,-5.07
1724,Criteria,Shaggy,Intoxication,2007,223.48,99.99,-6.66
1729,Crossfire,Stevie Ray Vaughan,Greatest Hits,1992,248.79,116.72,-7.81
1730,Crow Killer,Unearth,The March,2008,197.25,77.40,-5.07
1732,Crushed Pears,The Balustrade Ensemble,Capsules,2007,226.77,118.31,-24.80
1733,Crushing Belial,Shadows Fall,Of One Blood,2000,325.17,194.24,-7.74
1735,Cruz,Christina Aguilera,Christina Aguilera/Stripped,2002,229.54,139.63,-5.43
1736,Cry,Kelly Clarkson,All I Ever Wanted,2009,214.52,142.14,-4.26
1739,Cry Like An Angel,Shawn Colvin,Steady On,1989,290.12,167.77,-12.80
1741,Cry Of The Earth,Cybertribe,Sacred Memories,1998,387.97,160.01,-12.07
1743,Cry Yourself To Sleep,War Babies,War Babies,1991,285.83,165.97,-5.98
1745,Cryin',Aerosmith,20th Century Masters: The Millennium Collection: The Best Of Aerosmith,1993,308.77,105.80,-3.95
1746,Crying Time,Commander Cody And His Lost Planet Airmen,Live From Deep In The Heart Of Texas,1974,188.71,104.82,-16.36
1751,Cuando Ya Me Empiece A Quedar Solo,Sui Generis,Adios Sui Generis Vol III,1973,335.33,107.59,-16.11
1753,Cuatro Estrofas,Sandra Mihanovich,Creciendo,1994,263.18,122.07,-13.33
1756,Cuento De La Buena Pipa,Las NiA+-as,OjAo,2003,217.63,115.58,-7.01
1760,Cumberland Gap,Danny Barnes,Get Myself Together,2005,160.47,189.78,-13.58
1763,Cunoasterea Tacuta,Negura Bunget,OM,2006,431.73,130.84,-5.27
1765,Cup Horn,TEN MADISON,Grounded,2006,344.69,190.04,-8.63
1768,Curse Of Sound (Dub Mix),Vuneny,V2,2006,263.42,133.30,-7.97
1769,Cursed Again,MU330,Chumps On Parade,1997,132.44,126.27,-7.55
1772,Cut Here,The Cure,The Cure - Greatest Hits (Deluxe Sound & Vision) PAL,2001,250.85,135.04,-8.19
1773,Cutdown,Bongzilla,Amerijuanican,2005,419.68,91.50,-6.41
1775,Cuttin' the Tree,John Wesley,Under the Red and White Sky,1999,246.70,169.19,-9.11
1778,Cycle Time,Liars,Liars,2007,136.18,130.48,-5.49
1782,Da Da Da Da,Tha Liks,X.O. Experience,2001,294.14,93.33,-4.60
1783,da da Diamonds,Soul Ballet,LAViSH,2007,224.86,106.01,-6.77
1784,Da Funk,Daft Punk,Homework,1995,329.53,111.20,-5.02
1786,"DA(c)solA(c) Pour La PoussiA""re",Miossec,1964,2004,225.91,89.01,-7.25
1789,Dad Apologizes,John Debney,Chicken Little - Himmel Und Huhn Original Soundtrack (German Version),2005,193.51,110.46,-25.67
1796,Damien,DMX,It's Dark And Hell Is Hot,1998,222.09,106.77,-7.97
1798,Damit Du Dich in mich verliebst,Lara,Wahnsinn,2009,192.47,81.99,-6.53
1799,Damn That Radio [Live],The Wreckers,Way Back Home: Live From New York City,2007,211.59,152.21,-5.81
1800,Damn those eyes,Kane,February,1999,422.74,192.48,-11.59
1801,Dance,Tim Hughes,Happy Day,2007,268.28,145.96,-7.21
1802,Dance Hall Days,Wang Chung,80s Triple Set,1983,234.76,205.25,-12.46
1803,Dance Into The Light (LP Version),Phil Collins,Dance Into The Light,1996,262.01,87.87,-6.55
1807,Dance_ Dance,Fall Out Boy,**** Live In Phoenix,2008,189.81,114.54,-3.54
1811,Dancer (2007 Digital Remaster),Babe Ruth,Babe Ruth,1975,365.17,111.32,-8.35
1812,Dancing Drums,Badmarsh & Shri,Dancing Drums,1997,497.14,96.03,-9.51
1813,Dancing Shoes,Arctic Monkeys,Whatever People Say I Am_ That's What I'm Not,2004,141.14,144.96,-4.53
1814,Dancing The Night Away,The Motors,Airport - The Motors Greatest Hits,1977,393.61,149.63,-9.90
1818,Dancing With Tears In My Eyes 2004 (Nova Mix (Club Version)),Novaspace,Dancing With Tears In My Eyes 2004,2004,389.62,139.99,-7.92
1819,Dancing With the Goddess (ttt rmx),Atman,97 | 07,2007,264.25,90.06,-9.11
1821,Danger! She's A Stranger,The Five Stairsteps,Cameo Parkway 1957-1967,2005,165.75,93.85,-8.70
1823,Dangerous Mood,Keb' Mo',Martin Scorsese Presents The Blues: Keb' Mo',1996,297.66,106.80,-9.03
1827,Danny's All-Star Joint (LP Version),Rickie Lee Jones,Rickie Lee Jones,1979,246.62,143.50,-14.07
1829,Dans Ces Villes,Julie Zenatti,Comme Vous,2004,227.55,105.93,-3.74
1835,Darby's Castle,Kris Kristofferson,Broken Freedom Song: Live From San Francisco,1970,232.65,74.67,-19.99
1836,Dark Angel,Precious Bryant,The Truth,2005,193.72,91.54,-9.13
1840,Dark Horse,Converge,Axe To Fall,2009,174.76,156.92,-3.37
1842,Darling_ I Want To Destroy You,AFI,Crash Love,2009,223.29,157.94,-4.35
1844,Das GelA1/4bde,Tresenlesen,Kloidt Ze Di Penussen!,1998,239.46,174.33,-12.12
1848,Das Telefon sagt Du,Andreas Dorau,Das Telefon Sagt Du,1994,231.10,124.98,-10.20
1852,Daughter Of Zion,Winston Reedy,Love Thing,1997,235.78,153.74,-8.75
1854,Dave D. Blues (how To Make It Sting Like A Career) (Album Version),Mayday,Bushido Karaoke,2005,144.40,148.66,-7.76
1857,Day Old Blues,Kings Of Leon,Aha Shake Heartbreak,2004,212.98,85.86,-10.83
1861,Daydreaming [Jakwob Remix],Kid Sister,Ultraviolet,2009,277.24,140.03,-3.57
1862,Daydreaming the Color of Blood,Soilent Green,A Deleted Symphony for the Beaten Down,2001,180.32,100.92,-5.96
1871,De Onda,Bersuit Vergarabat,Libertinaje,1998,181.18,121.76,-7.30
1874,De rien,Les Ogres De Barback,Irfan_ le hA(c)ros,1999,189.86,99.84,-10.82
1879,Dead End Street,Foghat,Tight Shoes,1980,300.15,137.80,-5.69
1880,Dead Hackers,Marco Beltrami,Live Free Or Die Hard,2007,91.38,119.73,-20.82
1881,Dead Wrong,Cancer Bats,Bears_ Mayors_ Scraps and Bones,2010,160.26,168.90,-4.21
1887,Death Blow,Kool Moe Dee,The Greatest Hits,1991,397.56,107.02,-8.74
1888,Death Don't Have No Mercy,Hot Tuna,Hot Tuna: Live,1970,375.56,116.81,-15.20
1889,Death Of A Nation,Anti-Flag,The Terror State,2003,115.54,189.13,-3.12
1891,Death Of Neira,Nightfall,I Am Jesus,2003,272.69,121.95,-5.03
1892,Death Or Glory,The Clash,London Calling (Legacy Edition),1979,227.58,141.00,-13.08
1893,Death Or Jail,Sick Of It All,Based On A True Story,2010,171.08,113.20,-2.39
1894,Death Song,The Last Days Of Jesus,Alien Road,2004,292.57,145.19,-8.23
1895,Decide,Chelsea,Live And Loud,1979,301.71,86.73,-9.87
1899,Decir Adios,Carlos Ponce,Carlos Ponce,1999,269.98,84.63,-8.70
1901,Declaration (This Is It!),Kirk Franklin,The Fight Of My Life,2007,264.86,104.05,-5.02
1906,Dedicated,Paul Carrack,Groove Approved,1989,324.47,134.12,-14.24
1907,Dedicated To The One I Love,The Shirelles,Where Or When,1960,127.29,71.60,-11.54
1908,Deep Blue,Dave Eggar,Left Of Blue,2005,225.25,149.90,-27.02
1909,Deep Blue Sea (Daniel Rossen home recording),Grizzly Bear,Friend EP,2008,351.50,85.00,-14.37
1913,Deep Sea Creature,Mastodon,Call of the Mastodon,2001,280.22,173.21,-3.31
1915,DEFCON 4,John Frizzell,Beavis and Butt-Head Do America,1996,108.85,176.76,-20.37
1916,Defend You (Album Version),Silverstein,Discovering The Waterfront,2005,208.17,197.72,-2.14
1918,Deform (live),The Berzerker,The Berzerker,2000,165.62,174.29,-6.22
1919,Degrees of Freedom,Rhian Sheehan,Tiny Blue Biosphere,2002,314.49,216.02,-10.22
1924,Delilah,The Sensational Alex Harvey Band,Live / The Penthouse Tapes,1975,316.81,90.69,-12.94
1926,Deliverance,Sick Puppies,Dressed Up As Life,2006,190.90,91.15,-4.53
1935,DendemA$?nner braucht das Land,Dendemann,Abersowasvonlive,2006,205.14,126.89,-3.09
1939,Denk,Samy Deluxe,Verdammtnochma!,2004,237.19,164.04,-5.13
1942,Depressionista,Every Time I Die,The Big Dirty,2007,148.92,95.61,-4.91
1946,Der weisse Mond von Maratonga,Oesch's die Dritten,Jodelzauber,2007,209.97,93.27,-7.09
1952,Descontrol,Daddy Yankee,Daddy Yankee Mundial,2010,172.90,93.03,-4.06
1953,Desde el este,Facto Delafe y las flores azules,La luz de la maA+-ana,2007,100.36,96.01,-7.22
1954,Desde mi cielo,Mago de Oz,Gaia II,2005,380.68,110.26,-7.74
1955,Desert Caravan,Oscar Lima,Desert Caravan,2000,230.35,121.74,-10.60
1959,Desperate Man Blues,Daniel Johnston,Continued Story / Hi_ How Are You?,1983,219.77,92.94,-24.31
1960,Destination Eschaton (Hardfloor Vocal Mix),Shamen,Hystericool: The Best of the Alternate Mixes,2002,443.04,86.56,-6.52
1961,Destined To Win,DeGarmo & Key,Collecton,1988,203.62,120.55,-6.92
1963,Destiny,Buju Banton,Inspirational Vibes,1997,239.07,134.94,-7.38
1965,Destroy 2000 Years Of Culture,Atari Teenage Riot,Live In Philadelphia,1997,231.47,114.04,-5.05
1966,Destroy Babylon,Bad Brains,Live at CBGB 1982,1983,85.26,86.54,-9.61
1967,Destroy Everything (Album Version),Hatebreed,Supremacy,2006,209.06,110.02,-3.08
1969,Deus Ex Machina,William Orbit,Strange Cargo III,1993,339.80,152.08,-35.28
1970,Deviate From The Form,Scar Symmetry,Pitch Black Progress,2006,326.61,120.02,-4.14
1971,Devil In The Wood Pile,Noah Lewis,Harmonica Blues,2002,169.74,119.19,-26.47
1973,Devil's Daughter,Eric Burdon,Soldier Of Fortune,1988,262.97,80.03,-8.74
1974,Devon,Gabriel Yared,Sylvia,2003,229.98,111.58,-19.64
1975,Dhol Ton Bina,Malkit Singh,Hai Shava,1993,354.66,107.25,-9.65
1980,Diamond Eyes (Album Version),Deftones,Diamond Eyes,2010,188.26,153.71,-4.37
1982,Diamond In The Rough,Syl Johnson,The Complete Syl Johnson on Hi Records,2000,176.74,144.34,-8.24
1984,Diamonds From Sierra Leone,Kanye West,Late Orchestration,2005,247.64,81.53,-5.60
1985,Dicen Por Ahi,Enrique Iglesias,Cosas Del Amor,1998,229.07,101.43,-6.95
1988,Did We Not Choose Each Other,Sophie B. Hawkins,Whaler,1994,265.06,146.78,-8.60
1989,Did Ya Say That,GZA/The Genius,Legend Of The Liquid Sword,2002,237.35,104.01,-5.93
1991,Did You Ever Go Steady,THE CHIFFONS,The Chiffons Absolutetly The Best!,1963,138.76,122.94,-6.86
1992,Did You Get My Message?  (Live From Shubas),Jason Mraz,Selections For Friends,2007,336.43,104.30,-10.26
1993,Did You See Jackie Robinson Hit That Ball?,Buddy Johnson,Jukebox Hits 1940-1951,2005,140.02,72.74,-9.91
1995,Didn't Know Yet What I'd Know When I Was Bleedin',Dax Riggs,We Sing of Only Blood or Love,2007,157.36,75.45,-6.34
1997,Dido,KA(c)kA(c)lA(c),Rumba Congo,2001,264.12,139.24,-6.11
2003,Die Meisten,Samy Deluxe,Samy Deluxe,2001,235.99,85.87,-7.56
2005,Die Slow,Sheek Louch,Life On D-Block,2009,64.65,157.70,-4.59
2008,Dieter's Theme,Klaus Badelt,Rescue Dawn,2007,203.15,119.83,-12.94
2009,Dig Up,Cindy Morgan,Postcards,1923,217.83,108.94,-5.27
2010,Dig Up Her Bones,The Misfits,American Psycho,1997,181.21,111.15,-5.13
2012,Digitaria,Bill Laswell,Final Oscillations,1996,381.31,172.96,-9.23
2016,Dime Si Me Quieres,Andy & Lucas,Con Los Pies En La Tierra,2008,213.52,97.79,-4.85
2017,Dimension,Wolfmother,Dane Cook's Tourgasm Soundtrack,2004,260.91,141.77,-4.60
2019,Dinner Party Pool Music,Angelo Badalamenti,Mulholland Drive,2001,86.57,90.34,-23.48
2020,Dinosaur Bones,Showbread,Age Of Reptiles,2006,264.02,112.73,-4.79
2023,Dipset (Santana's Town) (Skit),Juelz Santana / Freekey Zeekey / Monique Garnett,From Me To U,2003,79.65,196.48,-19.77
2024,Directions to my special place,themselves,Them,2003,274.10,95.78,-13.28
2026,Dirty Diana,Michael Jackson,Michael Jackson: The Ultimate Collection,1987,281.73,131.32,-4.84
2027,Dirty Harry (Single Edit),Gorillaz,Dirty Harry,2005,230.48,96.18,-8.21
2028,"Dirty Movies"" (Album Version)",Van Halen,Fair Warning,1981,248.01,184.01,-6.64
2038,Disco Jonki,Dusminguet,Vafalungo,1998,168.70,152.17,-8.28
2042,Disease,Dokken,Lightning Strikes Again,2008,210.89,89.02,-5.15
2043,Disposition (feat. Jest),Vex'd,Cloud Seed,2010,243.25,142.21,-7.80
2046,Distancia,Alberto Cortez,ColecciA3n Diamante: Alberto Cortez,1989,252.79,91.01,-5.90
2048,Distant Voices,Atman,The Lonely Road,2002,268.22,91.01,-11.78
2052,Dj,Markscheider Kunst,Utopia,2010,239.07,152.89,-7.43
2056,Djungelstadt,Sonic Subjunkies,Live At The Suicide Club,1994,266.34,143.27,-6.31
2059,Do It Nice,Suicide,The Second Album + The First Rehearsal Tapes,1999,323.94,130.83,-13.75
2064,Do Somethin' Crazy,Mighty Mighty Bosstones,Devil's Night Out,1989,147.46,186.60,-9.77
2066,Do Ya Thing (Remix) (Explicit Album Version),Cam'Ron,Killa Season,2006,174.89,101.88,-5.80
2069,Do You Finally Need A Friend,Terry Callier,Occasional Rain,1972,342.57,110.19,-11.94
2070,Do You Know? (The Ping Pong Song),Enrique Iglesias,Big Summer Tunes,2007,222.14,114.98,-5.01
2071,Do You See The Light (Deep Ethno Mix),SNAP!,Attack - The Remixes Part 2,1996,293.93,131.98,-13.62
2072,Do You Want To,Franz Ferdinand,You Could Have It So Much Better,2005,214.99,124.01,-3.51
2074,Doble Bombo,Las Ketchup,Un Blodymary,2006,171.81,167.95,-4.13
2077,Dodo's Bounce,James Carter,Present Tense,2008,366.03,140.67,-18.83
2078,Does It Float,Dinosaur Jr.,Dinosaur,1985,198.53,185.45,-5.23
2079,Doesn't Get Much Better,Kyle Riabko,Before I Speak,2005,211.54,102.03,-4.62
2081,Dog Tagged,Kill The Client,Cleptocracey,2008,57.18,138.21,-2.54
2082,Doggin' Around,Rita Chiarelli,No-One to Blame,2004,237.79,90.28,-9.52
2083,Dogon,Carl Crack,Black Ark EP,1998,256.70,51.27,-12.89
2084,Dogs,George Lopez,Team Leader,2003,297.22,75.11,-15.15
2085,Doin' It,Professor Longhair,Rock'N Roll Gumbo,1985,242.31,143.29,-13.72
2087,Doing Time (Album Version),Bad Religion,How Could Hell Be Any Worse?,1982,180.82,121.81,-5.10
2090,Dolorosa (Live),Cali,Le Bordel Magnifique,2006,339.80,160.13,-6.87
2095,Don't Be Afraid (World),Sharon Burch,Colors of My Heart,1999,183.30,85.32,-14.16
2099,Don't Bring Flowers,Erik Hassle,Don't Bring Flowers,2009,308.82,127.92,-7.56
2100,Don't Call Me Andy,Andrew W.K.,Close Calls With Brick Walls / Mother of Mankind,2006,165.51,120.15,-3.38
2101,Don't Cha Know,Jimmie Vaughan,Strange Pleasure,1994,260.73,128.71,-9.51
2102,Don't Crush It,Kool Keith,Sex Style,1997,258.19,90.90,-6.06
2106,Don't Get Around Much Anymore,Natalie Cole,Unforgettable: With Love,1991,154.62,118.22,-15.08
2107,Don't Give Up,Portable,Gridshift,2002,369.61,123.30,-16.70
2108,Don't Go,Bert Kaempfert,Orange Colored Sky,1996,184.32,118.97,-20.28
2109,Don't Go (Produced by Frequency),Wordsworth feat. Adanita Ross,Mirror Music,2004,237.14,85.26,-4.61
2112,Don't Go Knockin' On My Door,Britney Spears,Oops!... I Did It Again,2000,223.53,111.00,-5.30
2113,Don't It (make Your Troubles Seem Small) (Album Version),Soul Asylum,Made To Be Broken,1986,168.93,195.01,-11.71
2114,Don't Keep Me Wondering,Buddy Miles,Best Of Buddy Miles,1997,121.02,100.57,-9.39
2116,Don't Know How To Be,God Lives Underwater,Empty,1995,215.41,169.97,-5.66
2118,Don't Leave,Everyday Sunday,Stand Up,2002,269.74,103.01,-7.46
2119,Don't let go,Pacha Massive,HA'tel Costes 11 by StA(c)phane Pompougnac,2006,205.90,105.99,-4.49
2120,Don't Let Go,Weezer,The Green Album,2001,180.98,142.68,-3.64
2122,Don't Let Her Pull You Down,New Found Glory,Not Without A Fight,2009,208.27,192.07,-3.30
2123,Don't Let Me Come Home A Stranger (LP Version),Fernando Ortega,This Bright Hour,1997,131.11,91.52,-15.00
2126,Don't Lie,Dead To Me,Cuban Ballerina,2006,145.55,201.12,-5.60
2127,Don't Look Back,Grandpa Jones,The Unforgettable Grandpa Jones,1995,139.78,129.39,-11.90
2128,Don't Look Back (Radio Edit),Antigone Rising,From The Ground Up,2005,213.55,123.94,-5.10
2130,Don't Make Me Wait For Love,Kenny G,Duotones,1986,285.99,84.83,-12.85
2131,Don't Matter,Akon,Don't Matter,2006,249.39,125.33,-6.12
2133,Don't Mess With Me (2006 Digital Remaster),Whitesnake,Trouble,1978,204.15,114.90,-4.56
2136,Don't Panic,Coldplay,Don't Panic,1999,139.13,122.29,-8.50
2139,Don't Sit Under The Apple Tree,Barry Manilow Featuring The Glenn Miller Orchestra with Debra Byrd,Singin' With The Big Bands,1994,172.07,90.07,-9.12
2142,Don't Stop,Jars Of Clay,The Long Fall Back To Earth,2009,223.90,127.97,-6.10
2146,Don't Stop The Music,Rihanna,Just Dance,2007,283.87,128.09,-4.47
2147,Don't Stop The Music,Michael Stanley Band,Heartland,1980,218.41,150.80,-9.71
2149,Don't Take Your Love Away From Me (Album Version),Randy Travis,Full Circle,1996,176.43,112.61,-8.50
2150,Don't Take Your Spirit Away,Deitrick Haddon,Revealed,2008,234.47,131.07,-6.81
2152,Don't Treat Me Bad,Firehouse,Good Acoustics,1990,258.27,109.99,-7.18
2153,Don't Upset The Rhythm (Go Baby Go),Noisettes,Clubland 15,2009,218.46,145.10,-3.94
2155,Don't Wanna Be Here (Album Version),Cool For August,Grand World,1997,214.75,124.22,-5.80
2157,Don't Want To Know (1999 Digital Remaster),Bryan Ferry,Mamouna,1994,247.12,119.90,-6.90
2158,Don't Waste My Time,John Mayall,Empty Rooms,1970,193.12,209.96,-12.10
2159,Don't Worry About It (Edited),N.E.R.D.,Fly Or Die,2004,221.54,61.30,-5.01
2160,Don't Worry Baby (1999 Digital Remaster),Bryan Ferry,These Foolish Things,1973,253.13,116.36,-8.66
2162,Don't You Know How Much I Love You,Ronnie Milsap,Live,1983,151.38,112.88,-12.58
2164,Don't You Wish It Was True,John Fogerty,Revival,2007,250.96,124.51,-5.19
2166,Donde Estas Corazon,Shakira,The Remixes,1997,399.99,121.59,-7.09
2169,Donnez-nous des jardins,Pierre Perret,Pierrot chante pour les gamins_ les marmots...,1975,238.11,108.24,-10.99
2172,Doodlin',Kai Winding,The Incredible Kai Winding Trombones,1961,212.92,112.22,-15.24
2173,Doomed To Walk The Earth,Swallow The Sun,Hope,2007,509.49,165.91,-6.66
2174,Dope Nose,Weezer,Maladroit,2002,137.38,127.41,-5.48
2175,DoppelgA$?nger [Qliphothic Phantasmagoria],Coph Nia,That Which Remains,2000,658.02,116.82,-17.16
2181,Doubt,The Cure,Faith,1981,67.76,89.32,-18.97
2183,Down (LP Version),Stone Temple Pilots,Thank You,2003,228.96,134.98,-3.93
2185,Down And Out In Paradise,John Mellencamp,The Lonesome Jubilee,1987,216.87,134.93,-8.70
2187,Down At The Old Corral (Album Version),Randy Travis,Wind In The Wire,1993,198.77,104.80,-11.61
2188,Down Home,Nick Ingman,Bite Harder: The Music De Wolfe Studio Sampler_ Vol. 2,1973,179.43,97.57,-9.15
2191,Down In The Jungle,Monster Magnet,God Says No,2000,289.12,89.30,-6.72
2192,Down in the Lowlands,Charlie Peacock,Charlie Peacock,1986,298.71,194.66,-8.87
2193,Down On Him,Pursuit Of Happiness,Love Junk,1988,151.01,131.97,-10.13
2194,Down On Me,Janis Joplin,ANTHOLOGY,1972,183.14,137.37,-11.86
2195,Down On My Knees,Ayo,Down On My Knees,2006,240.95,182.71,-10.37
2196,Down On My Knees,Ayo,Joyful,2006,244.06,118.51,-10.17
2197,Down On The Corner,La Portuaria,Rio,2005,155.04,99.90,-6.61
2198,Down On The Farm (2006 Remastered Edit Version),Little Feat,The Best Of Little Feat,2006,228.99,97.34,-9.98
2201,Down South Blues,Sleepy John Estes,I Ain't Gonna Be Worried No More 1929-1941,1935,188.26,78.50,-18.34
2202,Down the Line,Gregory Isaacs,Hold Tight,1979,219.40,138.04,-12.00
2207,Dr. Bernice,Cracker,Cracker,1992,380.86,116.81,-19.16
2209,Dragonfly,Diesel Boy,Venus Envy,1998,140.07,205.55,-4.56
2212,Dream Baby Dream,Black Tambourine,Black Tambourine,2010,236.36,131.39,-9.98
2213,Dream Lover,Plasmatics,New Hope For The Wretched,1980,344.24,125.36,-11.69
2214,Dream Of Ice,Dave Eggar,Serenity,1998,224.73,117.30,-29.08
2219,Dreaming Of April,Out Of The Grey,Gravity,1995,225.96,87.76,-9.60
2222,Dress Me Up,Eric Champion,Vibe Central - The Essential Remixes,1996,327.50,122.42,-10.42
2223,Drifting,David Arkenstone,Chillout Lounge,2009,272.74,160.03,-11.81
2224,Drifting Away,Faithless,Faithless Live In Cannes EP,1996,247.14,125.06,-7.39
2226,Drifting From Town To Town,Bobby Bland,The Original Memphis Blues Brothers,2006,181.50,105.93,-10.27
2228,Drive,Pacha Massive,All Good Things,2007,300.93,125.99,-7.76
2229,Drive,The Cars,The Squid And The Whale,1984,234.50,111.32,-5.81
2230,Drive By Music,Outerspace,Blood Brothers,2006,200.91,181.89,-4.98
2232,Driving Home For Christmas,Chris Rea,The Road To Hell Part 2,1986,241.16,180.15,-8.53
2234,Drones,Rise Against,The Sufferer & The Witness,2006,181.58,209.14,-3.70
2237,Drop Sacrifice,Liquid Stranger,The Invisible Conquest,2007,249.50,136.94,-11.73
2239,Drop The Hammer,The Gone Jackals,Bone To Pick,1995,220.50,99.59,-14.01
2243,Drugs,At All Cost,Circle Of Demons,2007,443.69,100.33,-6.47
2244,Drum Machine Joy,MxPx,On The Cover,1995,215.25,171.69,-5.32
2253,Dry Bone Shuffle,Blind Blake,All the Published Sides,2006,199.16,140.18,-16.92
2256,Du Verstehst Mich Nicht,Andreas Dorau,40 Frauen / Im September,2005,267.36,118.98,-9.75
2257,Dub In Bed,Alternative TV,Strange Kicks,1981,180.64,136.69,-16.70
2261,Duck And Run,3 Doors Down,Another 700 Miles,1999,278.91,85.79,-3.86
2265,Dumb It Down (Live From Chicago),Lupe Fiasco feat. GemStones and Graham Burris,Superstar,2007,211.70,88.10,-5.97
2267,Dump,Mobb Deep featuring Nate Dogg,Amerikaz Nightmare,2004,195.66,91.56,-3.81
2269,Dungeon Master,EPMD / Nocturnal,Back In Business,1997,204.51,180.82,-6.87
2272,Dutty Wine,Tony Matterhorn,Reggae Gold 2006,2006,183.54,127.49,-5.95
2273,Dying Batteries,Casiotone For The Painfully Alone,The First Two Albums,2001,51.02,78.16,-20.50
2276,Dying Under A Binary Star,Crematorium,The Process of Endtime,2005,198.27,84.91,-5.43
2278,Dysfunction,Liquid Soul,Here's The Deal,2000,285.28,183.84,-9.15
2279,E,Rea_ Chris,The Road To Hell Part 2,1999,366.29,131.95,-13.02
2281,E se tu lontana sei,Crazy Horse,De beste liedjes,2006,191.66,106.85,-10.25
2285,Each Time (I Love You More),Jackie Wilson,Lonely Teardrops,1959,141.82,106.33,-14.82
2288,Eagle Eye,Bottom Of The Hudson,The Omaha Record,2003,279.90,74.48,-6.05
2289,Early In The Morning,B.B. King,Hurricane Relief: Come Together Now,2002,237.66,151.28,-4.65
2290,Earrings on the Table,Walter Trout,Live,1992,100.23,128.67,-15.83
2291,Earth Born,Kitaro,Live in Asia,1983,173.45,81.62,-30.71
2292,Earth Child (World),Sharon Burch,Colors of My Heart,1999,225.72,128.58,-12.62
2293,Ease,Public Image Ltd,Compact Disc,1985,492.30,193.56,-12.09
2303,Easy Life (Live),Cockney Rejects,Live And Loud,1997,176.01,138.84,-10.58
2304,Easy or Not (Album Version),To My Surprise,To My Surprise,2003,175.23,149.65,-2.17
2306,Eat Or Get Ate,Tum Tum,Eat Or Get Ate,2007,231.34,144.41,-3.05
2308,Echo,Joe Satriani,Time Machine,1987,469.60,100.17,-10.26
2313,Eduardo,Sapo,Pastanaga,2003,195.92,166.00,-6.87
2316,Ego Trip by Nikki Giovanni,Blackalicious,Nia,1999,104.93,60.02,-5.63
2317,Eight (Album Version),Onesidezero,Is This Room Getting Smaller?,2001,281.13,151.75,-6.77
2319,Eimsbush bis 0711,Dynamite Deluxe,Hamburg City Heftig Vol.1,2000,152.92,152.34,-7.13
2325,El Amor,Jose Luis Perales,Lo Mejor De JosA(c) Luis Perales,1979,253.13,98.68,-10.74
2330,El Arte De Amar,Gabinete Caligari,4 Rosas Y Que Dios Reparta Suerte,1989,304.33,109.05,-12.44
2339,El Chorro,Los AutA(c)nticos Decadentes,Vinyl Replica:  Cualquiera Puede Cantar,1997,153.57,140.82,-5.79
2341,El Cumbanchero,GA1/4nter Noris,Millennium-Tanzparty,1985,156.63,124.39,-11.79
2343,El Gallo Y La Vaca,Richie Ray & Bobby Cruz,Que Vuelva La Musica,2005,209.16,109.51,-2.35
2346,El Gran SeA+-or,Los AutA(c)nticos Decadentes,12 Vivos,1997,205.06,91.70,-6.20
2347,El Greco: Movement III,Vangelis,El Greco,1998,408.01,62.22,-20.42
2350,El Jorobadito,Los AutA(c)nticos Decadentes,Vinyl Replica: El Milagro Argentino,1989,223.97,88.51,-7.36
2352,El Mar No Cesa (Live),HA(c)roes del Silencio,Senda '91,1991,198.90,159.48,-8.85
2353,El Mensaje Soy Yo,Los Fabulosos Cadillacs,El SatA!nico Dr. Cadillac,1989,171.10,115.74,-6.18
2354,El Mes Alt,Sapo,Pastanaga,2003,219.74,141.45,-5.16
2355,El Momento,Jaguares,Cuando La Sangre Galopa,2001,302.84,119.09,-9.80
2357,El Oro De La Gallina De Los Huevos,Seguridad Social,Camino Vertical,1999,254.54,169.66,-6.67
2358,El Perro,Juana Molina,Segundo,2003,401.66,124.75,-14.13
2360,El Te Daba Mala Vida,Los Chichos,DA(c)jame Solo,1982,221.23,133.32,-9.01
2367,El Vino Triste,Los AutA(c)nticos Decadentes,Vinyl Replica: Supersonico,1991,210.02,136.84,-9.74
2369,Elbow Macaroni (Skit),Tech N9ne,Killer,2008,90.15,191.38,-23.92
2370,Eleanor,Low Millions,Eleanor,2004,193.38,112.90,-6.02
2371,Eleanor Put Your Boots On,Franz Ferdinand,Eleanor Put Your Boots On,2005,195.13,143.68,-7.33
2372,Electrasonic V,Los Fabulosos Cadillacs,Los Fabulosos Cadillacs - Vol. V,1990,137.06,118.78,-4.70
2374,Electro nicpig,Electronic pig,Notorious P.I.G.,2005,218.54,137.94,-6.51
2377,Elementro,TEN MADISON,From Lust To Dust,2003,405.42,92.70,-7.50
2380,Ella Weez,Leroy Hutson,The Man!,1974,181.55,122.52,-12.99
2382,Elle Voulait Jouer Cabaret,Patricia Kaas,Mademoiselle Chante,1988,247.12,130.27,-8.02
2386,Emerald,Bedrock,Emerald,2004,501.86,129.99,-14.44
2388,Emit Remmus (Album Version),Red Hot Chili Peppers,Californication,1999,240.20,112.96,-2.27
2390,Empire Falls,Primordial,All Empires Fall,2007,459.00,129.63,-14.04
2391,Empress So Divine,Warrior King,Virtuous Woman,2002,224.29,241.88,-4.78
2392,Empty,Information Society,Don't Be Afraid,1997,512.78,95.00,-8.58
2393,Empty Arms,Stevie Ray Vaughan And Double Trouble,Martin Scorsese Presents The Blues: Stevie Ray Vaughan,1996,184.27,98.62,-10.72
2396,En AlgAon RincA3n,CafA(c) Quijano,La Extraordinaria Paradoja Del Sonido Quijano,1999,255.40,152.00,-5.64
2399,En La Tierra Caliente,Tam Tam Go!,The Platinum Collection,1993,231.60,135.15,-5.30
2400,En mis besos,CafA(c) Quijano,La taberna del Buda,2001,215.22,98.19,-10.41
2408,End Of The Age,Becoming The Archetype,Dichotomy,2008,389.96,85.06,-4.76
2409,End Of The Beginning,30 Seconds To Mars,A Beautiful Lie + 30 Seconds To Mars,2002,277.29,98.51,-5.64
2415,Endless Ocean,Event Horizon,Backroom Beats,2001,440.76,85.39,-9.34
2418,Enero en la playa (Edit),Facto Delafe y las flores azules,Facto Delafe y las flores azules VS El monstruo de las ramblas,2005,158.46,95.04,-9.65
2419,EnervA(c),Olivia Ruiz,J'Aime Pas L'Amour,2004,230.24,104.00,-5.11
2421,Engine Skull,Cancer Bats,Kerrang! The Album '09,2009,159.29,110.10,-3.28
2423,English House,Fleet Foxes,Sun Giant,2008,281.18,196.02,-10.67
2424,English Summer Rain,Placebo,Sleeping With Ghosts,2003,241.53,108.26,-7.26
2425,Enough,Storyville,Dog Years,1998,263.42,109.09,-6.18
2426,Enslaved By Propaganda,Total Fucking Destruction,Zen And The Art Of Total Fucking Destruction,2007,132.18,178.25,-5.02
2427,Entanglement,John Ottman,Fantastic Four,2005,79.78,69.23,-13.50
2428,Entonces,Fran Perea,Punto y aparte,2005,173.09,90.65,-3.39
2429,Entre Autre Pas En TraA(r)tre,Isabelle Adjani,Pull Marine,1983,179.77,130.27,-16.76
2430,Entre CanAbales,Soda Stereo,CanciA3n Animal,1990,246.70,112.90,-9.60
2434,Epilog,Neviss,Backseat Travelling,2003,53.39,160.41,-31.41
2436,Epiphany,Bad Religion,Process Of Belief,2002,239.88,112.92,-3.47
2438,Erased,Annie Lennox,Bare,2003,280.01,168.00,-7.79
2440,Eriatarka,The Mars Volta,Deloused in the Comatorium,2003,380.42,158.34,-3.18
2444,Erick Sermon,Erick Sermon,No Pressure,1993,198.63,97.81,-9.38
2446,Ernestine,Joe Bataan,Call My Name,2005,311.20,87.47,-11.57
2448,Error,Babylon Disco,Natsukashii,2007,208.90,89.93,-10.20
2454,Escape From The Underrealm,Tilman Sillescu,Battleforge,2008,123.25,120.38,-10.84
2455,Escapist,Nightwish,Made In Hong Kong (And In Various Other Places),2007,301.06,143.97,-4.14
2456,Escuchame,Carlos Ponce,La Historia,2003,195.55,196.14,-6.68
2457,Escuta_ Noel,Maysa,Maysa,2003,176.38,82.72,-10.48
2462,Esquilo nAPSo samba,MA3veis Coloniais de Acaju,Idem,2005,271.54,150.53,-5.34
2472,Estimate,Slum Village,Fan-Tas-Tic Vol. 1,1997,84.48,93.35,-12.75
2474,Estoy AquA,Shakira,The Remixes,1995,366.71,123.45,-7.10
2476,Estoy Pensando En TA,Sonora Santanera,Solo Lo Nuestro - 20 Exitos,2003,168.46,105.46,-11.11
2479,Et kA1/4tt wie et kA1/4tt,Eko Fresh,Ekaveli,2007,234.61,167.59,-5.17
2481,Ethiopian Anthem,Ras Michael and the Sons of Negus,Lion Country,1978,243.98,162.62,-8.26
2484,Etre Une Femme,Nolwenn Leroy,Nolwenn Leroy,2003,201.22,81.69,-7.63
2485,Ett NorrskensdAY=d,Finntroll,Nifelvind,2010,214.31,95.04,-5.06
2486,EU A4,Stress Assassin,Carrier Track,2003,229.54,163.73,-11.96
2488,Eu E Meu Coracao,JoAPSo Gilberto,Joao,1991,312.06,55.60,-22.08
2490,Eugene's Lament,Beastie Boys,Ill Communication,1994,132.52,142.41,-14.42
2492,Evalia,Placebo,The Bitter End,2003,260.75,78.25,-10.94
2495,Evenfall,Dark Fortress,Ylem,2010,336.17,127.82,-3.83
2496,Evenglow,David & Steve Gordon,Peaceful Evening,1982,311.35,64.63,-28.43
2497,Evening,Vanessa Daou,Slow to Burn (Deluxe),1996,222.04,144.98,-11.61
2498,Evening Prayer,Don Gibson,I Can't Stop Loving You,1959,148.06,95.39,-19.00
2499,Ever Be,Korn,Untitled,2007,288.50,160.02,-5.91
2501,Everchanging,Rise Against,This Is Noise,2001,260.83,122.01,-8.58
2502,Evergreen,Rubyhorse,Rise,2002,266.03,129.91,-6.40
2503,Every Breath I Take,Gene Pitney,Something's Gotten Hold of My Heart: the Collection,1986,166.35,93.30,-6.83
2504,Every Other Way,BT feat. JES,Every Other Way,2010,550.97,168.47,-5.21
2506,Every You Every Me (Infected By The Scourge Of The Earth),Placebo,Every You Every Me,1999,237.95,136.96,-6.52
2507,Everybody,Goose,Bring It On Rarities & Remixes,2006,276.14,130.05,-1.81
2508,Everybody Loves Me But You,Brenda Lee,Classic Brenda Lee - The Universal Masters Collection,1995,151.04,107.07,-15.60
2509,Everybody Loves You,Helmet,Size Matters,2004,206.94,112.77,-3.57
2513,Everybody's Gonna Be Happy,Queens Of The Stone Age,Songs For The Deaf,2002,155.61,88.89,-2.32
2515,Everyday,Bebe Winans / Stephanie Mills,Love And Freedom,2000,324.94,144.01,-9.20
2516,Everyday,Phil Collins,Both Sides,1993,343.43,94.71,-9.81
2517,Everyday,Rikk Agnew,All By Myself,1982,269.40,154.29,-7.59
2519,Everyday I Have The Blues,Lightnin' Hopkins,Jake Head Boogie,1999,70.53,94.81,-17.33
2520,Everyday Stranger,Dub Pistols feat. TK & Ashley Slater,Rum & Coke,2009,328.49,112.00,-6.84
2522,Everyone (LP Version),Socialburn,Where You Are,2003,241.84,91.23,-5.13
2526,Everyone's At It,Lily Allen,It's Not Me_ It's You,2009,277.84,116.96,-6.40
2531,Everything I Desire,The Brooklyn Tabernacle Choir,Praise Him...Live!,1995,226.66,162.99,-11.91
2534,Everything I Need,All Girl Summer Fun Band,Looking Into It,2008,212.85,139.97,-10.19
2535,Everything In Its Right Place,Radiohead,The Best Of,2000,249.94,122.83,-11.64
2536,Everything Man (Album Version),Talib Kweli,Eardrum,2007,196.34,89.66,-9.58
2537,Everything You Do [You're Sexing Me] [Duet with Kip Winger] (Album Version),Fiona,Heart Like A Gun,1989,254.17,108.74,-9.65
2539,Everything Your Heart Desires,Daryl Hall & John Oates,Love Songs,1988,299.49,99.97,-7.41
2542,Everytime,Britney Spears,Everytime,2003,206.81,85.33,-3.74
2543,Everytime It Rains,Peter Gallagher,7 Days In Memphis,2005,182.28,104.13,-11.28
2545,Evigne,Dobet GnahorA(c),Djekpa la you,2010,251.79,108.15,-12.38
2546,Evil Hearted Ada,Flamin' Groovies,Teenage Head,1971,199.97,235.41,-5.24
2547,Evil Ways,Otis Spann,Spanning A Lifetime,1989,233.64,115.38,-23.89
2548,Evil Woman,Spooky Tooth,That Was Only Yesterday - An Introduction To,1969,545.75,142.65,-9.47
2549,Ex Nihilo,Becoming The Archetype,Terminate Damnation,2005,308.74,198.46,-3.22
2552,Exaltation,Matisyahu,Live at Stubb's,2004,417.67,181.55,-7.87
2554,Excerpt Of A Speech By Marcus Mosiah Garvey,Buju Banton,Friends For Life,2003,56.84,104.78,-21.57
2555,Exchange,Abraham Laboriel,Guidum,1995,368.17,93.11,-8.49
2556,Excuse me,Papa Wemba,New morning,1998,168.67,83.53,-12.30
2557,Execution,First Blood,Killafornia,2005,283.48,160.59,-2.53
2558,Exiliado En El Lavabo,Estopa,Estopa,1999,195.84,142.87,-12.36
2559,Existing Alone,Rhian Sheehan,Paradigm Shift,2001,288.63,42.78,-17.55
2561,Exodus,Sunscreem,Looking At You: The Club Anthems,1995,232.44,130.20,-8.96
2562,Exodus,Quincy Jones,Watermelon Man,1988,204.83,109.86,-12.33
2566,Explode,The Cardigans,I Need Some Fine Wine And You_ You Need To Be Nicer,1998,274.05,124.01,-6.85
2567,Explode (Epic Extended Mix),Jordan & Baker,Explode,2002,424.91,139.00,-8.17
2569,Explorador,La Portuaria,Rio,2005,291.13,120.01,-8.85
2570,Expolodera (som dynamit),Caramell,Gott och blandat,1999,218.41,137.95,-5.43
2571,Extrication Love Song,Hot Tuna,Double Dose,1976,270.97,93.53,-5.81
2573,EZ Cuz You're Beautiful (Album Version),Shifty,Happy Love Sick,2004,192.91,163.88,-5.30
2574,FA1/4r mich soll's rote Rosen regnen,Extrabreit,Das letzte Gefecht/Live,1993,248.87,138.52,-5.00
2577,Face Drop,Sean Kingston,Face Drop,2009,184.58,168.02,-3.43
2578,Face the Ashes,Gob,Muertos Vivos,2007,209.61,129.74,-4.50
2580,Facedown,Matt Redman,Here I Am To Worship Vol 2,2003,336.93,155.89,-9.52
2582,Faces,RUN-DMC,Original Album Classics,1990,267.60,73.51,-13.31
2583,Fade Away,Cama,A Handful Of Songs,2009,221.18,106.52,-6.15
2586,Fair Enough (LP Version),Beth Nielsen Chapman,Sand And Water,1997,220.06,119.99,-11.17
2587,Fairground (+ Sample),Simply Red,Life,1995,333.32,122.81,-7.21
2591,Faithful and True (Collectors Version),Z.Z. Hill,The Brand New Z.Z. Hill,1971,333.32,73.55,-8.30
2593,Fake Plastic Trees (Acoustic Version),Radiohead,Fake Plastic Trees,2009,281.13,99.68,-12.19
2594,Fake Tales Of San Francisco,Arctic Monkeys,Whatever People Say I Am_ That's What I'm Not,2004,177.95,127.29,-4.39
2595,Fall Away Into Darkness,The Balustrade Ensemble,Capsules,2007,285.39,116.42,-17.06
2598,Fall in Philadelphia,Hall & Oates,AM Radio Gold: Hall & Oates (Remastered),1972,170.29,153.80,-11.31
2599,Fall Line,Jack Johnson and Friends / Matt Costa,Talk Of The Town,2003,136.31,150.52,-11.23
2603,Falling Apart,Dario Marianelli,The Soloist,2009,70.06,60.40,-24.65
2604,Falling Bombs,BigElf,Hex,2003,298.14,64.01,-4.68
2606,Falling In Love,Uriah Heep,Live In Europe,1978,184.55,165.98,-8.54
2607,Falling Leaves,Grandpa Jones,Country Music Hall Of Fame Series: Grandpa Jones,1995,158.72,65.93,-11.15
2609,Family Galaxy,Tim Exile,Listening Tree,2009,305.55,116.80,-6.63
2610,Family Tree,Naughty By Nature,Icons,2002,330.08,93.50,-3.83
2612,Famous One,Seventh Day Slumber,Take Everything,2009,265.82,118.62,-5.74
2621,Far Beyond The Endless,Moist,Far Beyond The Endless,2010,360.99,131.98,-9.80
2622,Farenheit 303,Orbital,Halcyon - The Platinum Collection,2005,504.48,123.99,-15.05
2627,Fast-Track,Radiohead,Pyramid Song,2001,197.46,103.48,-7.04
2628,Fat Albert's Car,Bill Cosby,20th Century Masters: The Millennium Collection: Best Of Bill Cosby,1973,498.34,70.54,-17.32
2630,Fat Tuesday,Chris Standring,Groovalicious,2003,256.50,111.04,-9.34
2631,Father John Macleod's Jig,Natalie MacMaster,In My Hands,1999,175.49,109.10,-10.36
2635,Fausse monnaie,Gus Viseur,Paris Jazz Cafe Vol.3,2000,180.01,90.18,-13.51
2637,Fear Factor (Shiny Happy Jihad),Joe Rogan,Shiny Happy Jihad,2007,183.98,58.17,-9.69
2638,Fear of Girls (Live in Croatia_ 1993),U.K. Subs,Normal Service Resumed,1993,116.19,103.97,-14.62
2641,February Song [Live],Josh Groban,Awake Live,2008,311.14,140.00,-9.55
2642,Federico,Mongo Santamaria Orchestra,Arriba!,1995,203.26,106.82,-12.46
2645,Feel It Boy (Deep Dish Danchall Remix) (Feat. Janet Jackson),Beenie Man Featuring Janet Jackson,Feel It Boy,2002,215.90,102.83,-4.48
2646,Feel Like Blowing My Horn,Robert Lockwood_ Jr.,I Got To Find Me A Woman,1998,274.70,90.64,-13.46
2647,Feel So Stupid (Table 9),Darwin's Waiting Room,Orphan,2001,197.51,101.92,-5.17
2651,Feeling,Jaco & Mixxmaster,Feeling,2008,441.99,136.98,-5.64
2652,Feeling Blue,Eric Burdon,Soul of a Man,2006,288.70,97.23,-6.50
2653,Feelings,Shy FX & T Power,Innovation The Album Mixed By Shy FX,2005,380.45,88.97,-3.58
2659,Fell In Love Today,Lee Michaels,Recital,1968,118.88,101.02,-11.72
2660,Femme du guerrier,Les Ogres De Barback,Rue du temps,1997,278.13,209.38,-10.03
2663,Feriado,Chico Cesar,Francisco Forro Y Frevo,2008,238.24,163.99,-7.08
2666,Fertile Crescent (bonus track),Bad Religion,Generator,1992,138.53,139.76,-3.38
2668,Festival Of Holi,Brian Tyler,Partition,2007,128.55,122.65,-13.85
2669,Festival Of Love,Gene Chandler,The Duke Of Earl,1994,148.11,92.29,-15.63
2671,Fever Dream,Steve Vai,The Ultra Zone,1999,364.54,112.15,-6.44
2673,FEZ-Being Born,U2,No Line On The Horizon,2009,316.97,187.84,-7.90
2679,Fig Leaf Rag  (LP Version),Joshua Rifkin,Scott Joplin Piano Rags,1994,282.10,128.25,-25.04
2685,Final Flash,Hatiras,Arrival,2002,177.14,93.75,-4.60
2687,Final Straw (Album Version),R.E.M.,Around The Sun,2004,246.18,107.55,-7.53
2691,Find Another Way,Captain Hollywood Project,Animals or Human,1995,235.62,159.08,-8.48
2696,Finding My Way,Stanley Clarke & George Duke,The Clarke/Duke Project,1990,339.10,132.47,-14.25
2697,Fingerprints,Minipop,A New Hope,2007,163.00,160.05,-4.99
2700,Fire,Steve Vai,Live In London,2001,363.36,163.69,-7.86
2701,Fire,Jimi Hendrix,Valleys Of Neptune,1969,192.23,167.26,-6.22
2706,Fire and Ice,Outerspace,Blood And Ashes,2004,242.78,96.72,-4.97
2709,Firehouse Rock,Wailing Souls,Firehouse Rock,1980,255.48,86.75,-5.79
2710,Firepower (The Tables Have to Turn) (Explicit) (Feat. Capleton),Dilated Peoples Featuring Capleton,20/20,2006,311.07,158.33,-4.08
2711,Firestarter,The Prodigy,Put Your Hands Up! 4,1996,225.10,94.23,-6.50
2713,First Blood,Jerry Goldsmith,Rambo - First Blood,1985,281.29,77.31,-18.72
2714,First Boyfriend,Helen Love,It's My Club And I'll Play What I Want To,2007,156.21,195.03,-6.67
2715,First Day (Album version),Timo Maas,Pictures,2005,232.38,125.00,-5.80
2718,First You Cry,Lil' Band O' Gold,Lil' Band O Gold,2000,312.84,142.71,-13.54
2719,Fish,Sportsguitar,Happy Already,1998,231.00,142.19,-7.05
2722,Five Long Years,Freddie King,Getting Ready... (World),1971,263.65,148.63,-11.83
2723,Fix The Cracks,Humanzi,Fix The Cracks,2006,274.99,158.97,-6.11
2724,Fixin' To Die Blues,Bukka White,The Panama Limited,1940,172.30,107.08,-14.87
2726,Flame On,Big Daddy Kane,Urban Car Tunes 2 (Megamix),2001,190.82,98.01,-9.25
2728,Flaming Red,Patty Griffin,Flaming Red,1998,134.06,124.79,-6.38
2730,Flamme & co,Les Ogres De Barback,Terrain vague,2004,404.45,131.51,-10.90
2732,Flashflood,Aesop Rock,Labor Days,2001,234.53,167.91,-6.02
2733,Flat Earth Society (Album Version),Bad Religion,All Ages,1995,141.19,161.07,-6.39
2734,Fleeting sound,Time Factory,No borders,2006,243.57,89.34,-6.61
2736,Flesh And Blood,Mary Black,Best of 1991-2001 Hidden Harvest,1993,245.73,120.17,-9.00
2739,Flight of the Elephant,Workhorse,Beasts of Burden,2007,370.86,60.15,-8.82
2740,Flight To Jordan,Tito Puente,Live At The Playboy Jazz Festival,1998,356.41,135.37,-14.45
2743,Floating,Blue Rodeo,Outskirts,1987,491.13,119.83,-8.58
2750,Flute,Les Ogres De Barback,Croc' noces,2001,247.33,71.08,-11.61
2755,Fly High Michelle,Enuff Z 'Nuff,One More For The Road,1989,277.29,90.46,-4.44
2759,Foam Born (A) The Backtrack (Album Version),Between The Buried And Me,Colors,2007,133.82,120.66,-8.06
2761,Foggy Mountain Top,Skeeter Davis,The End Of The World,1963,160.76,148.65,-13.32
2762,FoliAPSo Ausente,Spok Frevo Orquestra,Passo De Anjo Ao Vivo,2007,286.04,102.16,-8.43
2763,Follow Me Up To Carlow,Planxty,Planxty,1973,139.73,71.34,-14.32
2764,Follow The Leader,Eric B. & Rakim,Gold,1988,335.02,219.94,-9.41
2766,Follow The Light (Radio Edit),Sub Focus,Rock It,2009,214.83,86.99,-7.02
2767,Follow You Home (Album Version),Nickelback,All The Right Reasons,2005,260.34,140.03,-3.69
2770,Folly Ranking,Johnny Osbourne,Mr. Budy Bye,2007,202.03,136.72,-13.64
2774,Fool For Your Loving,Whitesnake,Whitesnake's Greatest Hits,1980,250.36,125.78,-7.36
2775,Foolish Little Girl,The Shirelles,Karaoke: 60's Star Power - Singing to the Hits,1963,132.34,116.76,-11.49
2776,Fools Like You,Blue Rodeo,Lost Together,1992,280.66,126.10,-6.03
2778,For All We Know,Ann Hampton Callaway,Signature,2005,304.72,206.98,-16.66
2924,Gangsta Roll,Ini Kamoze,5150 Rule,2009,229.67,119.27,-7.26
2780,For Anything,Vanessa Daou,Slow to Burn (Deluxe),1996,179.93,102.01,-13.95
2784,For My People,EPMD,Business As Usual,1990,188.32,186.39,-10.55
2786,For The Good Times,Dart,Don't Let The Bastards Get You Down,2002,340.53,148.03,-10.01
2789,For You,Mr. Lif,Mo' Mega,2006,327.63,107.32,-7.14
2792,For Your Passion My Love,Aeoliah,Divinaura,2007,307.10,126.98,-15.23
2795,Forever,VHS Or Beta,Night On Fire,2004,343.56,123.85,-5.82
2796,Forever,Orbital,Snivilisation,1994,478.46,87.98,-13.27
2801,Forever Consumed Oblivion,Goatwhore,A Haunting Curse,2006,225.65,110.99,-4.44
2803,Forever Until Sunday,Bruford,One Of A Kind,1979,351.42,78.14,-14.86
2808,Forgiveness (Love Life Album Version),Charlie Peacock,Love Life,1991,295.21,132.76,-10.81
2809,Forming,The Germs,Germicide,1977,206.05,133.14,-11.51
2811,Fortress,Tim Exile,Listening Tree,2009,369.58,110.00,-6.56
2812,Fortunate Fool,Jack Johnson,Brushfire Fairytales,2000,228.70,128.68,-10.74
2813,Fortune Teller,The Rolling Stones,Got Live if you want it!,1963,116.92,173.85,-7.00
2818,Fractured Quantum,Ace Frehley,Anomaly,2009,379.32,89.97,-10.52
2819,Framed,The Sensational Alex Harvey Band,Zalvation,1972,536.03,92.46,-9.25
2820,Frankie & Sue,Darden Smith,Extra Extra,1990,207.41,153.97,-10.05
2821,Frankie And Johnny,Gene Autry,"Blues Singer 1929-1931 ""Booger Rooger Saturday Nite",1996,163.53,81.83,-17.12
2822,Franks Plea,Marco Beltrami,Flight Of The Phoenix,2004,160.78,120.48,-19.31
2823,Freak,Stephen Pearcy,Anthology 1977-2007,2002,216.63,130.28,-2.46
2824,Freak Break,Lady Saw,Oracabessa Volume 1,2000,272.69,90.18,-7.20
2825,Freak it all Night,DJ Guy,Freak it all Night,2009,237.09,146.98,-8.20
2827,Freaks (Album Version),Soul Asylum,While You Were Out,1986,206.76,191.23,-10.29
2828,Freaxxx,brokeNCYDE,BC 13-EP,2008,214.99,119.61,-11.59
2830,Free (Album Version),Dark new Day,Twelve Year Silence,2005,278.02,133.99,-5.91
2834,Free Love,Long Beach Dub Allstars,Wonders Of The World,2001,205.11,150.57,-1.87
2836,Freedom,Jah Cure,The Universal Cure,2008,287.66,85.73,-6.30
2840,Freestyle Ministry (server Verbals),KRS-One,Keep Right,2004,136.96,95.29,-4.18
2842,Freeze,Pepper,Pink Crustaceans and  Good Vibrations,2008,204.51,220.10,-5.29
2843,Freezin' From The Inside Out,John Sebastian,Tar Beach,2001,284.00,71.95,-13.45
2844,Frei zu sein,In Extremo,Frei zu sein,2008,186.07,170.10,-2.14
2845,Frei zu sein,In Extremo,SA$?ngerkrieg,2008,260.60,146.10,-6.44
2846,Freight Train,Elizabeth Cotten,Live!,1958,295.60,99.96,-16.68
2847,Freiwild,K.I.Z.,Hahnenkampf Live,2005,234.68,183.62,-5.46
2849,French Touch,Richard Galliano,Concerts InA(c)dits: Solo - Duo - Trio,1999,201.09,79.53,-16.94
2851,Friday Night,"Sex Machine ft. ShA""na",Friday Night,2006,418.87,128.00,-4.96
2854,Frieda,David Benoit,Here's To You Charlie Brown - 50 Great Years!,2000,274.10,152.08,-10.03
2855,Friend Or Foe,Adam Ant,The Very Best Of,1982,203.91,183.91,-6.27
2856,FRIENDS IN FALL RIVER  (LP Version),Silverstein,18 CANDLES: THE EARLY YEARS,2006,181.81,200.38,-5.99
2859,Frisch Verliebt,Der Plan,Perlen...,1988,163.63,146.14,-13.01
2862,From a Jack To a King,Ned Miller,Sweet Sounds of Country Vol. 1,1963,131.84,99.33,-10.11
2863,From A Jack To A King,Ned Miller,100 Country Classics,1963,128.26,99.31,-7.07
2864,From Afar (Album Version),Van Halen,Van Halen III,1998,324.23,87.90,-9.06
2865,From Da Back,DJ Godfather,Da Bomb Vol 6,2003,45.09,170.55,-9.69
2866,From Ivory Towers Above The Control Grid,Kalibas,Enthusiastic Corruption Of The Common Good,2003,164.21,93.51,-6.04
2867,From My Hands,Salt The Wound,Ares,2009,241.16,174.42,-5.06
2868,From Now Until Then,Marshall Crenshaw,What's in the Bag?,2003,244.77,121.84,-5.94
2870,From The Blind (LP Version),Daath,The Hinderers,2006,230.87,97.15,-3.33
2872,From the Gardner Meditations: African Tarantella,Stefon Harris,African Tarantella,2006,538.28,70.88,-12.17
2873,From The Pain,Adam Richman,Adam Richman Live at Maxwell's 02/28/2006,2005,344.95,127.68,-22.65
2874,From The Ritz To The Rubble,Arctic Monkeys,Whatever People Say I Am_ That's What I'm Not,2004,193.44,184.02,-5.33
2880,Frustration,Rocket From The Tombs,Rocket Redux,2002,138.45,164.23,-7.36
2882,Fuck You,Norther,Till Death Unites Us,2006,122.72,200.06,-3.78
2884,Fuckaz,The Bug Featuring Spaceape,London Zoo,2008,327.99,96.02,-7.84
2885,Fucked,Less Than Jake,Losers_ Kings And Things We Don't Understand,1995,82.65,192.24,-12.56
2888,Fuego De Noche_ Nieve De DAa,Ricky Martin,La Historia,2001,336.20,141.71,-8.53
2889,Fuel the Fire,Unearth,Stings of Conscience,2001,222.28,160.78,-6.34
2891,Full House,Alan Silvestri,Night At The Museum,2006,81.50,84.62,-18.11
2892,Full Of Voices,Maximilian Hecker,Live Radio Sessions,2005,205.79,129.49,-8.06
2893,Function Of The Sun,The Ruby Suns,The Ruby Suns,2005,70.90,42.53,-9.88
2895,Funk You,Babylon Disco,Viva Life,2005,153.44,133.35,-5.14
2900,Future,Cut Copy,Bright Like Neon Love,2004,312.08,119.56,-8.78
2901,Future Prospects,Nic Endo,White Heat,1998,388.02,88.40,-2.93
2902,Future Traffic Song,Ashtrax,Xtreme Control EP,2002,278.36,123.01,-12.80
2903,Future/Now (LP Version),MC5,High Time,1971,381.31,171.94,-12.00
2907,Gabriel's Oboe (La Mision),Carlos NuA+-ez,Cinema Do Mar,2007,179.64,131.99,-10.38
2908,Gaffo's Ball,Sharon Shannon,The Galway Girl - The Best Of Sharon Shannon,2007,191.92,234.33,-10.00
2912,Gallows (Album Version),Atreyu,Congregation of the Damned,2009,208.67,138.54,-3.64
2916,Gamble Calypso,Mau Mau,Safari Beach (Tucasa Micasa),2000,232.12,89.67,-8.71
2920,Games That Lovers Play,James Last,Welthits In Gold,1967,260.13,167.83,-13.38
2922,Gammer Gerten's Needle,Deep Blue Something,Home,1995,199.39,158.24,-7.34
2923,Gangsta Lean (Gangstapella),D.R.S.,Gangsta Lean,1993,237.17,165.17,-22.26
2929,Garbage Dump,GG Allin,You Give Love a Bad Name,1999,143.59,140.97,-12.19
2935,Gay Ranchero,The Mystic Moods Orchestra,Mexican Trip,1967,147.33,124.51,-21.44
2937,Gedroomd,Hef feat. Big2 & Dio,Hefvermogen,2009,219.30,102.37,-9.91
2938,Geek USA (Album Version),Between The Buried And Me,The Anatomy Of,2006,325.12,126.77,-5.09
2942,Generation Aliens,Lizzy Borden,Menace To Society,1986,268.41,145.88,-2.34
2943,Genesis,Busta Rhymes,Genesis,2001,231.60,106.96,-10.07
2944,Genio Atrapado,Christina Aguilera,Christina Aguilera/Stripped,2000,278.05,84.66,-3.68
2945,Genius,Kings Of Leon,Youth & Young Manhood,2003,168.83,125.88,-6.54
2946,Genius Of Love 2002 (featuring Tom Tom Club & Biz Markie),X-ecutioners featuring Tom Tom Club & Biz Markie,Built From Scratch,2001,236.43,102.64,-5.44
2953,Get A Hold,A Tribe Called Quest,Beats_ Rhymes & Life,1996,215.27,95.19,-8.09
2955,Get Away,Rooney,Calling The World,2007,171.94,119.41,-3.32
2959,Get Down,Amil,All Money Is Legal,2000,269.19,90.89,-6.88
2962,Get It For Free,MAPtley CrA1/4e,Dr Feelgood Deluxe Edition,1999,254.01,127.75,-7.20
2963,Get It Poppin' [Featuring Nelly]  (Album Version - Exp. Version) [Serban Main 4/20/05],Fat Joe,All Or Nothing,2005,211.59,100.78,-7.24
2966,Get It Together,Beastie Boys,Ill Communication,1994,245.71,101.04,-8.13
2967,Get It While You Can,Janis Joplin,Cheap Thrills/Kozmic Blues/Pearl,1971,205.53,74.96,-10.51
2968,Get Me To The Church On Time,Shelly Manne,1954-56 Combinations,1996,255.40,121.87,-18.62
2970,Get Moose and Squirrel,Virgil Moorefield,Unsettled Scores,1995,155.87,45.13,-10.37
2971,Get On Our Own,Buzzcocks,French,1978,144.77,181.42,-11.06
2972,Get On Top (Album Version),Red Hot Chili Peppers,Californication,1999,198.06,76.99,-1.48
2975,Get that Girl (Remix),Mother Superior,Grande,2008,169.64,145.48,-7.34
2981,Get Your Hustle On,Lost Boyz,Love_ Peace & Nappiness,1997,243.54,93.17,-9.73
2982,Get-U-Now,KMD,Bl_ck B_st_rds,2001,147.23,103.97,-9.65
2983,Getaway,KRS-One,Adventures In Emceein,2008,187.25,109.07,-5.73
2984,Gettin' Better,Tesla,Five Man Acoustical Jam,1986,210.29,128.26,-10.22
2985,Gettin' Together,Tommy James And The Shondells,Anthology,1989,136.12,142.96,-11.30
2986,Getting Closer,Cocoa Tea,One Up,1993,243.17,110.71,-8.08
2988,Getto Boys,Jack Orsen feat. Fumanschu_ Justus,Note 1+,2004,210.55,100.08,-3.28
2990,Ghastly Indoctrination,Dark Fortress,SA(c)ance,2006,459.34,115.37,-7.57
2992,Ghetto,Bad Azz,Money Run,2003,255.84,121.87,-7.53
2993,Ghetto Child,Eric Burdon,Wild & Wicked,1997,318.38,86.83,-11.16
2994,Ghetto Curse Words (Chopped&Screwed),5th Ward Boyz,Gangsta Funk,1994,120.82,95.47,-10.12
2996,Ghost Town Rituals (Album Version),Nights Like These,The Faithless,2006,305.89,124.87,-4.05
3003,Gief Konjunkturpaket VI,Afrob feat. Sarah,Der Letzte seiner Art,2009,258.19,180.33,-5.32
3007,Gimme Legs,The Chap,Well Done Europe,2010,213.89,120.19,-7.35
3008,Gin House Blues,Bessie Smith,Bessie Smith,2007,195.71,75.32,-21.78
3009,Gina,Geggy Tah,Sacred Cow,1996,165.41,147.51,-12.99
3012,Girl From A Pawnshop,The Black Crowes,Live,1996,404.58,119.71,-8.09
3014,Girl Tonite (featuring Trey Songz)  (Explicit Chopped & Screwed Version),Twista,The Day After,2005,259.71,124.73,-7.48
3016,Girl You're So Together,Michael Jackson,The Motown Years 50,1984,189.00,111.46,-10.44
3019,Girls Against Boys (LP Version),Vitamin C,Vitamin C,1999,256.84,117.20,-6.02
3020,Girls All Pause,Kurupt,Tha Streetz Iz A Mutha,1999,207.99,103.60,-7.80
3024,Give It,Helmet,Unsung: The Best Of Helmet 1991-1997,1992,257.54,144.97,-5.78
3027,Give It To Me,Grayson Capps,Wail & Ride,2006,124.19,101.08,-7.11
3028,Give It Up Or Let Me Go,Dixie Chicks,Wide Open Spaces,1998,296.31,103.86,-6.98
3029,Give It What U Got,SWAMI featuring Asuivre,EQUALIZE,2007,260.28,90.01,-2.94
3034,Give The People,EPMD,Business As Usual,1990,310.54,98.04,-11.44
3035,Give U My Heart,Toni Braxton Featuring Babyface,Ultimate Toni Braxton,2003,240.61,103.83,-4.23
3036,Give Your Heart a Home,Don Francisco,Signature Songs,1991,280.74,103.58,-15.64
3038,Given Up (Album Version),Linkin Park,Minutes To Midnight,2007,189.28,100.07,-4.03
3046,Glory Be,R.L. Burnside,A Bothered Mind,2004,277.79,89.98,-6.94
3047,Glory Bound (LP Version),Martin Sexton,The American,1998,267.36,141.44,-7.32
3049,Gnosis,Paul Avgerinos,Gnosis,2006,423.60,119.90,-23.03
3050,Go And Wash (Those Dirty Feet),Johnny Horton,Country Legend,2005,138.87,104.28,-16.06
3052,Go Back,Crabby Appleton,Rhino Hi-Five: Crabby Appleton,1970,186.70,89.09,-4.59
3057,God Bird Change,Al DiMeola,Electric Rendezvous,1982,231.00,141.51,-10.84
3058,God Bless You (Goddamn it),A Static Lullaby,Faso Latido,2005,237.43,80.41,-4.62
3059,God Don't Never Change,Blind Willie Johnson,Praise God I'm Satisfied,1989,172.25,95.68,-16.16
3060,God Gave Me You (Single/LP Version),Bryan White,How Lucky I Am,1999,245.81,151.53,-7.92
3061,God In My Bed,K's Choice,Live,1998,183.09,87.68,-14.47
3065,God Of Love (Album Version),Bad Brains,God Of Love,1995,163.19,105.45,-5.66
3068,God Save the Queen (Live),Sex Pistols,Punk International,1988,216.61,145.52,-3.74
3069,God Smack,Alice In Chains,Music Bank,1992,230.61,124.14,-4.44
3070,God Unchanging,Jaime Jamgochian,Above The Noise,2008,231.60,151.94,-6.67
3072,God You Are My God,Delirious,Fuse Box Glo / Mezzamorphis,2000,225.15,91.16,-9.83
3074,God's Will,Martina McBride,Martina,2003,349.34,127.43,-10.27
3077,Goin' To The River,Alice Cooper,Live! (Digitally Remastered),1982,210.55,140.46,-10.99
3079,Going Back To Memphis,Memphis Jug Band,Jug Band Waltz,2001,146.15,143.03,-21.85
3080,Going Back To New Orleans,Poncho Sanchez,Latin Spirits,2001,282.20,198.86,-7.15
3081,Going Down,Bryan Ferry,Frantic,2002,188.19,105.36,-10.10
3082,Going Down,The Germs,M.I.A.: The Complete Germs,1993,111.49,115.76,-8.89
3083,Going Down Slow,Mance Lipscomb,Texas Songster,2000,187.53,97.98,-23.53
3089,Going Out West,Jesse Malin,Love It To Life,2004,147.85,133.40,-10.55
3091,Going Under,Devo,Duty Now For The Future/New Traditionalists,1981,205.50,94.48,-16.62
3092,Gold Flames Of Angels,Human Disease,Our Flesh Deception,2004,190.80,140.05,-6.07
3094,Golden Touch (LP Version),Shinehead,Unity,1988,242.68,151.26,-23.20
3096,Gone,Kanye West / Consequence / Cam'Ron,Late Registration,2005,333.35,114.39,-6.03
3097,Gone,Frankie J,The One,2005,273.01,117.84,-6.73
3098,Gone,Sugarbomb,Bully,2001,219.74,139.78,-4.87
3100,Gone Dead On You Blues,Blind Lemon Jefferson,Southern Blues Volume 2,1972,165.35,132.59,-24.32
3101,Gone To The Movies,Semisonic,Feeling Strangely Fine,1998,232.25,98.00,-10.19
3103,Good Day,Britt Nicole,Say It,2007,203.78,132.02,-3.09
3105,Good Enough,Evanescence,The Open Door,2006,331.36,91.37,-12.53
3106,Good Friend,James Horner,Cocoon: The Return,2000,197.38,129.24,-29.41
3107,Good Girl Gone Bad,Rihanna,Good Girl Gone Bad: The Remixes,2007,208.17,128.08,-5.70
3108,Good Girl Gone Bad,Rihanna,Good Girl Gone Bad: Reloaded,2007,213.26,94.99,-6.15
3109,Good Girls_ Bad Guys,DMX / Dyme,...And Then There Was X,1999,233.40,119.58,-4.42
3112,Good Morning Captain,The Black Crowes,Before the Frost... Until the Freeze,2009,202.92,130.69,-12.02
3117,Good Texan,The Vaughan Brothers,Family Style,1990,262.30,142.37,-9.76
3119,Goodbye (Solo Version),Billy Bragg,I Keep Faith,2008,180.19,81.26,-17.81
3123,Goodnight Girl,Wet Wet Wet,All I Want,1992,257.25,93.16,-4.93
3127,Goody Two Shoes,Adam Ant,Friend Or Foe,1982,202.97,95.70,-3.40
3130,Goons Lurkin (Instrumental Album Version),Plies,The Real Testament,2007,233.43,110.93,-9.55
3134,Gossippo Perpetuo,Perrey And Kingsley,The Out Sound From Way In!,2001,127.95,135.78,-12.72
3136,Got It Twisted,Mobb Deep,Amerikaz Nightmare,2004,224.63,103.43,-5.63
3138,Got The Blues,Blind Lemon Jefferson,The Complete Classic Sides Remastered: Chicago 1926 Disc A,1926,175.15,101.68,-19.24
3139,Got The Bull By The Horns,Johnny Horton,The Spectacular Johnny Horton,1996,131.81,87.65,-11.01
3140,Got To Find My Little Woman,Blind Boy Fuller,Goin' Mad Blues Vol. 6,2005,151.20,87.90,-14.24
3141,Got To Give It Up,James Taylor Quartet,Don't Mess With Mr T,2007,198.35,84.19,-5.12
3142,"Got To Keep On (12"" Version)",Cookie Crew,Smash Hits 1989,1989,282.33,85.96,-10.71
3143,Got To Let You Go,Kim Wilson,Smokin' Joint,2001,555.55,163.09,-11.96
3145,Got To Tell The People,Cornell Campbell,Tell The People,1997,185.00,141.26,-15.73
3146,Got You Moving,DJ DLG feat. MC Flipside,On The Run / Back For More / Got You Moving EP,2006,377.63,128.01,-5.98
3147,Gotta Cut Out,Jimmy McCracklin,The Modern Recordings 1948-50,2002,147.64,101.24,-8.44
3149,Gotta Man,Frankee,The Good_ The Bad_ The Ugly,2004,149.99,110.77,-9.04
3150,Gotta Mind To Travel,Coco Montoya,Prime Chops Volume Three,1995,233.48,155.58,-5.67
3151,Gotta Pay (Produced by Oddisee),Wordsworth,Mirror Music,2004,254.98,120.20,-6.26
3152,Gotta Tell Somebody,Don Francisco,Signature Songs,1991,395.15,97.12,-11.01
3153,Govinda,Atman,Eternal Dance II,1997,394.87,125.37,-8.60
3157,Grad,Baroness,The Red Album,2007,354.79,98.76,-9.21
3160,"Grand-mA""re",Les Ogres De Barback,Irfan_ le hA(c)ros,1999,221.39,182.38,-7.47
3161,Grandbag's Funeral,Happy Mondays,Pills 'n' Thrills And Bellyaches,1990,200.80,113.78,-11.93
3165,Gravedom,Goatwhore,Eclipse of Ages Into Black,2000,205.64,113.56,-8.64
3166,Greasers,PRE,Epic Fits,2007,92.71,142.11,-3.97
3167,Great Big Problem,FFH,Voice From Home,2005,264.07,162.00,-5.20
3172,Greatest X,Janet Jackson,Discipline,2008,263.03,114.02,-7.01
3173,Green And Blue,Deep Forest,Comparsa,1997,294.40,87.00,-9.89
3176,Green Mind,Dinosaur Jr,Green Mind [Digital Version] [with Bonus Tracks],1991,298.58,135.31,-5.90
3178,Grey Skies Turn Blue,MxPx,Panic,2004,183.98,87.78,-3.86
3179,Grial II,TYR,TyR,2001,293.38,149.23,-6.34
3184,Grits Ain't Groceries,Rita Chiarelli,No-One to Blame,2004,208.40,120.13,-5.66
3187,Groovin',Jan Wayne,Gonna Move Ya!,2003,230.77,140.05,-5.42
3188,Groovin' In The Midnight,Maxi Priest,Best Of Maxi Priest,1991,301.82,61.97,-8.10
3192,Grottans Barn,Finntroll,NattfAPdd,2004,276.45,150.01,-6.51
3194,Group Sex,Circle Jerks,Group Sex,1980,63.53,162.38,-8.56
3195,Grow Proper,I Wayne,Lava Ground,2005,244.32,67.61,-5.59
3199,Guaguanco Raro,Richie Ray & Bobby Cruz,A life time of Hits.. (Live At Centro De Bellas Artes_ San Juan_ Puerto Rico.),1970,418.53,105.75,-7.62
3200,Guajira Y Ven,Willie Colon,Salsa Legende - Best of Willie Colon,2001,250.07,128.44,-7.82
3201,Guantanamera,Wyclef Jean,The Sunny Side Of Life,1997,208.30,87.97,-11.67
3202,Guarare,Ray Barretto,A Man And His Music,1992,335.23,138.37,-6.39
3206,Guardian Angel,Since The Flood,No Compromise,2007,194.93,174.28,-2.52
3207,Guardian Angel,Novaspace,Supernova,2002,231.55,185.97,-7.30
3209,Guardians Of The Forest,Wolfchant,A Pagan Storm,2007,208.56,210.03,-5.05
3210,Guayabera,Johannes Linstead,Zabuca,2003,294.66,115.05,-7.41
3212,Guided By History,Mithotyn,Gathered Around The Oaken Table,1999,391.03,110.90,-7.08
3213,Guidum,Abraham Laboriel,Guidum,1995,423.26,182.77,-10.49
3215,Guilty Partner,New Order,Technique [Collector's Edition],1989,288.03,146.29,-5.73
3216,Guitar Rag,Sylvester Weaver,Slidin' On The Frets: The Hawaiian Steel Guitar Phenomenon,1997,181.18,110.69,-20.44
3218,Gullveig,Black Messiah,First War Of The World,2009,488.41,124.04,-5.46
3221,Gun Pull,Theodore Shapiro,Fun With Dick And Jane,2006,109.84,131.41,-32.17
3223,Gun Thirsty,Bounty Killer,Nah No Mercy - The Warlord Scrolls,2001,225.25,96.01,-7.63
3224,Guns And The Young,Mighty Mighty Bosstones,More Noise And Other Disturbances,1992,142.73,143.26,-7.98
3225,Gut Rot,Fudge Tunnel,In A Word,1991,235.70,80.62,-12.42
3227,Guys Do It All The Time,Mindy McCready,Super Hits,1996,192.63,165.76,-6.78
3228,Gwendolina,Line Renaud,Les AnnA(c)es Chansons,1994,146.15,137.57,-12.16
3229,Gwithian,Luke Vibert,Lover's Acid,2005,418.79,101.91,-15.20
3231,Hablando A Un Cristal,CafA(c) Quijano,La Extraordinaria Paradoja Del Sonido Quijano,1999,205.40,104.04,-4.13
3232,Hack 1/Charlie X,Information Society,Hack,1990,211.96,120.58,-11.33
3233,Had To Call (featuring Snoop Dogg & Sleepy Eyed Jones)  (Explicit Chopped & Screwed Version),Twista,The Day After,2005,259.37,114.75,-6.95
3234,Hai Shava,Malkit Singh,Hai Shava,1993,324.52,210.31,-11.27
3235,Hala_ Tumba And Timbal,Airto Moreira,Life After That,2003,313.00,164.33,-12.59
3236,Half Ain't Been Told,Otis Spann,Walking The Blues,1989,283.30,113.84,-15.03
3238,Half The Fun,Snow Patrol,Final Straw,2004,174.60,142.01,-4.02
3245,Halloween,Dead Kennedys,Milking The Sacred Cow,1982,216.84,92.90,-4.26
3246,Halloween II,The Misfits,Collection 2,1981,133.28,83.95,-9.74
3248,Hammer & a Stone,Seven Mary Three,Backbooth,2008,283.17,140.67,-13.85
3261,Happy Cycling,Boards of Canada,Music Has The Right To Children,1996,472.53,100.01,-13.21
3263,Happy Mother's Day,Casiotone For The Painfully Alone,Etiquette,2006,47.46,72.69,-11.09
3264,Happy Safari,Bert Kaempfert,Two In One - A Singin' Safari/Safari Swings Again,1997,169.90,139.19,-15.94
3267,Happy Valentine's Day,OutKast,Speakerboxxx/The Love Below,2003,323.11,100.03,-4.02
3269,Harajuku Girls,Gwen Stefani,Love Angel Music Baby,2004,290.56,114.00,-4.17
3271,Harboring An Apparition,Mouth Of The Architect,111,2006,475.22,124.56,-8.32
3272,Hard Hitters,Dilated Peoples Featuring Black Thought,Expansion Team,2001,236.72,87.33,-5.27
3275,Hard Times,Eastmountainsouth,Eastmountainsouth,2003,225.62,125.99,-8.84
3276,Hard Times,RUN-DMC,Run DMC,1984,234.66,119.67,-12.75
3280,Hard To Laugh,Pursuit Of Happiness,Love Junk,1988,159.61,125.10,-9.22
3283,Harder To Breathe,Maroon 5,Songs About Jane,2002,173.66,149.92,-4.76
3284,Hardly Wait,Placebo,The Never Ending Why,2009,180.14,121.35,-4.42
3285,Harlem Nocturne,Les Brown,Live 12 May 1957,2007,172.88,86.44,-14.32
3286,Harlem Shuffle,Righteous Brothers,Classic,1999,188.55,103.23,-8.60
3289,Harmonic Necklace,Penguin CafA(c) Orchestra,Preludes_ Airs And Yodels (A Penguin Cafe Primer),1981,72.78,33.01,-41.69
3290,Harmony,Jesse Malin,On Your Sleeve,2008,165.41,139.01,-6.39
3291,Harmony Of The Forest,Kitaro,Thinking Of You,1999,382.51,98.76,-18.18
3292,Harry Flowers,William Orbit,Strange Cargo III,1993,270.94,146.39,-20.61
3295,Hasta El Final,La Portuaria,Rio,2005,224.91,122.03,-7.29
3296,Hasta Los Huesos,Andy & Lucas,Andy & Lucas,2003,208.93,93.36,-7.04
3297,Hate,Organized Konfusion,The Equinox,1997,198.35,175.77,-8.71
3298,Hate Zone,Brand X,Morrocan Roll,1977,281.52,201.01,-13.36
3300,Haughtiness And Puerile Dreams,Autumnblaze,Perdition Diaries,2009,277.76,159.89,-5.90
3302,Haunted House,Gene Simmons,Haunted House:The Complete Gene Simmons on Hi Records,1987,155.11,96.74,-10.31
3305,Have Fun Prelude,Speech,PEECHY,2003,24.92,72.85,-19.41
3306,Have It Your Way,Leigh Jones,Music in My Soul,2008,279.74,172.35,-9.03
3313,Have Yourself A Merry Little Christmas,Hem,Peace At Last - EP,2005,133.28,89.86,-15.74
3321,He Can't Love you,Michael Stanley Band,Right Back at Ya (1971-1983),1980,216.35,151.72,-10.92
3327,He Put The Hurt On Me,Tina Britt,Blue All The Way,2006,177.95,118.84,-7.16
3330,He Took A Cab To Neptune,Art Ensemble Of Chicago,Sirius Calling,2004,384.55,183.94,-15.73
3332,He Wasn't Man Enough,Toni Braxton,The Essential Toni Braxton,2000,262.09,175.96,-3.83
3333,He Who Breeds Pestilence,Behemoth,Evangelion,2009,341.24,129.83,-2.74
3334,He Will Break Your Heart,Jerry Butler,Spotlight On Jerry Butler,1960,167.18,87.76,-18.34
3343,Head Banger,EPMD,Def Jam 25_ Vol 16 - Lifer's Picks: 298 to 160 to 825,1992,291.16,180.47,-3.35
3344,Head Butt Da Deck,Silkie Ft. Harry Craze,City Limits Volume 1,2009,365.77,140.02,-8.68
3345,Head For Backstage Pass,Jeff Beck,Original Album Classics,1976,163.84,131.55,-8.95
3346,Head Gone/Wine Up Uh Self (Album Version),Elephant Man,Good 2 Go,2003,233.59,80.52,-7.47
3348,Head Over Heels,Sylvia Tosun,Head Over Heels - Club Mixes,2004,575.79,127.97,-6.32
3350,Headlines,John Fogerty,Eye Of The Zombie,1986,269.30,130.46,-5.07
3351,Headlock,Esser,Headlock,2008,191.56,121.99,-4.62
3352,Headsprung,LL Cool J,Headsprung,2004,270.11,99.91,-7.55
3353,Heal (The Separation) [H.E.L.P Breakbeat],The Shamen,Heal (The Separation),1996,247.54,110.04,-8.07
3354,Heal (The Separation) [PM Dawn Alt. Lead Mix],The Shamen,Heal (The Separation),1996,280.32,109.96,-9.20
3357,Healing of All Nations,Yami Bolo,Healing of All Nations,2001,214.31,139.04,-7.92
3358,Healing Power,Virgil Moorefield,Distractions On The Way To The King's Party,1994,236.28,123.00,-10.83
3360,Hear Me Now,Wet Wet Wet,Best Of,2004,242.65,95.47,-7.81
3363,Hear My Train A Comin',Jimi Hendrix,Valleys Of Neptune,1989,449.75,146.77,-8.24
3364,Heard 'Em Say,Kanye West / Adam Levine,Heard 'Em Say,2005,204.51,95.10,-11.38
3371,Heart Trouble,Martina McBride,The Way That I Am,1993,198.43,175.95,-7.96
3374,Heartbreaker,Free,Chronicles,1972,229.56,165.90,-11.68
3376,Heartburn,Alicia Keys,Unplugged,2003,183.43,105.78,-9.74
3378,Heather,Floor,Riddim Of Silence,2009,211.90,160.60,-7.03
3381,Heaven Can Wait,Michael Jackson,Invincible,2001,289.38,117.36,-3.57
3383,Heaven Only Knows,K-OS,Exit,2002,235.05,90.51,-9.64
3384,Heaven Stood Still,Mink DeVille,Le Chat Bleu,1980,173.92,41.95,-20.06
3386,Heaven's Hung In Black (Reprise),W.A.S.P.,Dominator,2007,193.75,161.03,-7.94
3387,Heaven's In New York,Wyclef Jean,CARNIVAL VOL. II Memoirs of an Immigrant,2007,287.50,85.96,-6.75
3388,Heavenly Father,FU-Schnickens,Greatest Hits,1992,276.95,102.74,-9.72
3390,Heavy Like Sunday,Leona Naess,Heavy Like Sunday,2008,179.75,147.26,-9.04
3391,Heavy On My Mind (Album Version),Back Door Slam,Roll Away,2007,319.84,92.97,-4.33
3397,Hel Vete,Finntroll,NattfAPdd,2004,255.01,149.95,-5.56
3400,Helium,Cargo Cult,Vibrant,2004,240.09,96.00,-7.76
3401,Hell,Foo Fighters,In Your Honor,2005,117.00,152.13,-5.70
3402,Hell On Earth (Front Lines),Mobb Deep,Hell On Earth (Explicit),1996,274.10,91.91,-3.41
3403,Hell On High Heels,MAPtley CrA1/4e,New Tattoo,2000,260.05,132.13,-8.21
3405,Hello,Jan Wayne,Hello,2010,381.28,127.97,-5.62
3406,Hello,LL Cool J / Amil,G.O.A.T,2000,232.15,184.15,-3.95
3408,Hello Space Boy,Behemoth,Thelema 6,2000,209.06,156.76,-4.16
3412,Help Me Make It Through the Night,Charley Pride,The Pride of Country,2002,172.09,76.98,-13.55
3413,Help There's A Fire,Jason & The Scorchers,Fervor / Lost & Found,1983,172.25,184.88,-5.02
3414,Help Youngblood Get To the Freaky Party,Teena Marie,Starchild,1984,345.68,99.98,-12.23
3415,HengA$?hA$? tok,Esa Pakarinen,Esa Pakarinen,1990,200.20,125.35,-14.99
3416,Henrys Death,BT,Stealth,2005,214.54,150.08,-7.65
3417,Her Golden Robe In Silence Veiled,Autumnblaze,DA$?mmerElbenTragAPdie,1999,286.25,119.43,-9.03
3418,Herb Philbrick - Counter Spy ( LP Version ),Bob Newhart,Behind The Button-Down Mind Of Bob Newhart,1961,72.33,133.72,-12.04
3419,Here And Beyond,Behemoth,Zos Kia Cultus,2002,206.45,114.93,-4.46
3420,Here Comes The Big Parade,Harry Connick_ Jr.,She,1994,251.77,138.41,-6.13
3421,Here Comes The Hotstepper,Ini Kamoze,Massive Reggae,1995,248.92,100.34,-9.59
3422,Here Comes The Hotstepper,Ini Kamoze,100 R&B Classics - The Anthems,1995,242.60,100.34,-3.70
3424,Here I Am,Phantom Planet,Negatives,2004,120.66,105.90,-9.63
3425,Here I Am,FFH,Ready To Fly,2003,263.84,138.50,-6.32
3426,Here I Am King,Primordial,Imrama,1995,264.88,87.64,-5.23
3427,Here The Sun Never Shines,The Funeral Pyre,The Nature of Betrayal,2006,271.23,227.30,-5.59
3432,Here Without You,3 Doors Down,Seventeen Days,2002,232.07,143.70,-6.35
3434,Here_ Swing_ Sing,Kooii,Beads on a String,2005,391.00,112.93,-10.78
3437,Hermitage,Pat Metheny,New Chautauqua,1979,338.02,103.56,-26.86
3438,Hero In A Dream,Ensiferum,Ensiferum,1999,218.62,200.06,-2.60
3442,Hesitation Blues,Hot Tuna,Platinum & Gold Collection,1970,304.46,134.62,-13.56
3444,Heut' Nacht,Spliff,85555,1982,264.41,107.97,-18.58
3446,Hex Breaker,Taint,Secrets & Lies,2009,281.47,92.04,-4.58
3447,Hey Daddy,Korn,Issues,1999,224.52,94.06,-6.69
3448,Hey Daddy (Daddy's Home),Usher,Raymond v Raymond,2010,224.10,96.00,-4.33
3450,Hey Joe,Carl Smith,Honky Tonk Rockabillies_ Volume 2,1993,141.48,120.55,-11.85
3451,Hey Joe,Carl Smith,Replay: Carl Smith,1993,151.25,110.08,-10.21
3452,Hey Joe,Carl Smith,Honky Tonk Rockabillies_ Volume 1,1993,136.05,124.65,-11.65
3453,Hey Joe,Roy Buchanan,20th Century Masters: The Millennium Collection: Best Of Roy Buchanan,1974,329.66,119.09,-8.88
3454,Hey Joe,The Creation,Our Music Is Red  - With Purple Flashes,1967,250.28,85.45,-10.61
3456,Hey Louise,Neil Diamond,The Jazz Singer Original Songs From The Motion Picture,1980,181.16,100.42,-14.34
3457,Hey Sexy Lady,Shaggy / Brian & Tony Gold,Lucky Day,2002,199.94,101.79,-6.47
3463,Hidden Documents,Alexandre Desplat,The Ghost Writer,2010,128.63,91.95,-30.18
3464,Hidden Sun,Room 5,Music & You,2003,403.02,127.99,-7.61
3465,Hide Away,Freddie King,King Of The Blues,1960,286.82,134.74,-6.62
3468,High Horse,Daniel Johnston,Is and Always Was,2009,153.34,128.02,-8.21
3469,High Horse,Workhorse,Beasts of Burden,2007,251.40,85.21,-7.20
3472,High-Speed French Train,Alexandre Desplat,Fantastic Mr. Fox (Original Soundtrack),2009,86.23,120.08,-20.55
3474,Highland,Bill Douglas,Universe One,1990,201.95,138.21,-13.21
3475,Hillbillies From Outerspace,The Vaughan Brothers,Family Style,1990,222.64,141.60,-13.32
3478,Hindsight,Call To Preserve,From Isolation,2008,44.30,208.17,-2.03
3480,Hip Replacement,Paris_ Texas,Polyvinyl 2002 - 2003 Sampler,2002,225.67,100.53,-6.74
3481,Hippa To Da Hoppa [Explicit Version],Ol' Dirty Bastard,Return To The 36 Chambers: The Dirty Version,1995,181.63,96.22,-14.81
3490,HISTORY,Michael Jackson,King Of Pop,1995,249.99,128.70,-2.62
3494,Hit The Lights,Metallica,Some Kind Of Monster,1982,252.34,167.49,-3.03
3497,Ho Shit (Chopped&Screwed),5th Ward Boyz,Ghetto Dope,1993,261.12,130.73,-6.71
3498,Hoes & Discos,Non Stop DJs,Furious EP,2004,237.92,150.96,-9.87
3500,Hold Me,DCX,Hold Me,2008,193.72,135.05,-5.55
3502,Hold Me While I Cry,Irma Thomas,The Story Of My Life,2001,205.30,112.11,-14.53
3503,Hold On,Hot Chip,Made In The Dark,2008,381.18,134.50,-6.36
3504,Hold On,22-20s,22-20s,2004,317.47,133.33,-6.81
3505,Hold On,The Jason Bonham Band,MAD HATTER,1992,260.52,142.26,-8.01
3509,Hold On Baby,Janet Jackson,Janet,1993,10.34,61.88,-32.74
3510,Hold On I'm A Comin' (Album Version),Bill Cosby,Bill Cosby Sings Hooray For The Salvation Army Band!,1968,156.39,117.05,-11.19
3511,Hold On Tight,Lambda,Hold On Tight,1996,180.79,128.07,-7.94
3514,Hold Up My Heart,Brooke White,Hold Up My Heart,2009,233.80,89.67,-8.02
3515,Holdin' On,Terry Callier,LifeTime,1999,327.05,95.86,-10.86
3516,Hole In My Head,Dixie Chicks,Fly,1999,201.17,153.45,-7.28
3520,Holli Holi Nach Kuriye,Malkit Singh,Best Of Golden Star,2007,430.94,56.89,-10.74
3521,Hollow Dream,M.I.K.E.,The Perfect Blend,2006,440.53,135.05,-10.74
3525,Homegrown,The Pharcyde,Humboldt Beginnings,2004,138.50,130.02,-9.63
3526,Honey,Mariah Carey,Greatest Hits,1997,301.19,95.93,-7.49
3527,Honey,Mariah Carey Featuring Da Brat & JD,The Remixes,1997,314.12,95.14,-10.73
3529,Honey Fingers,Richard Galliano,Spleen,1992,196.26,106.15,-15.06
3979,If We Loved,Chuck Wicks,Starting Now,2008,222.01,99.12,-5.28
3530,Honey I Sugar Pie,Tanto Metro & Devonte,Riddim Driven - Adrenaline,2003,207.33,195.98,-8.41
3532,Hoochie Coochie Man,The Jeff Healey Band,Road House,1989,313.78,107.20,-11.49
3539,Hope  (Edited Album Version),Twista Featuring Cee-Lo,Kamikaze,2004,272.51,106.97,-5.13
3540,Hope For The Fallen,Call To Preserve,From Isolation,2008,175.23,158.02,-1.67
3542,Hopelessly,Rick Astley,Body And Soul,1993,215.09,150.11,-10.61
3546,Horns Of The Bull,Penguin CafA(c) Orchestra,Signs Of Life,1987,275.12,191.61,-19.45
3547,Horrible,Jack Off Jill,Humid Teenage Mediocrity,1995,149.37,177.87,-12.63
3549,Hot Cross Bun,Mikey Dread,Rockers Vibration,1982,193.12,132.09,-8.17
3552,Hot Night Downtown,Charlie Peacock,West Coast Diaries Vol.1-cass.,1988,202.34,118.16,-9.54
3554,Hot Rod Lincoln,Asleep At The Wheel,House Of Blue Lights,1988,399.05,123.40,-12.71
3555,Hot Spot (Terrible Love Mix),Steinski,What Does It All Mean? - 1983-2006 Retrospective,2003,169.98,185.33,-12.74
3556,Hot Tamale Baby,Buckwheat Zydeco,Best Of/20th Century,1987,246.49,124.58,-7.82
3560,Hotta,T.O.K.,Reggae Gold 2006,2006,190.72,126.68,-5.98
3561,Hound Dog,Big Mama Thornton with Kansas Bill and his Orchestra,A Lesson in Rock,1953,169.85,148.91,-7.96
3563,House Full Of Bullets,Joe Satriani,Live In San Francisco,1998,415.48,98.43,-8.53
3565,House of Love,Steel Pulse,Rage and Fury,1997,261.35,168.24,-6.65
3566,House Of Pain,Van Halen,Jump / House Of Pain [Digital 45],1983,199.10,200.52,-12.06
3567,House Of Sin,Leeroy Stagger,Beautiful House,2005,304.22,75.49,-14.81
3568,House Of Wolves (Album Version),My Chemical Romance,The Black Parade,2006,184.01,127.15,-2.90
3570,How Bad Do You Want It,Mark Wills,And The Crowd Goes Wild,2003,210.34,96.07,-5.85
3571,How Beautiful (Cry For The Desert Album Version),Twila Paris,Cry For The Desert,1990,290.19,105.83,-12.13
3572,How Can I,Jah Cure,Ghetto Life,2003,240.48,160.66,-6.34
3574,How Can You Resist It,Teena Marie,Ivory,1990,328.57,81.95,-11.04
3576,How Do I Maintain Pt. II,Shout Out Out Out Out,Reintegration Time,2009,233.95,120.01,-7.57
3577,How Does It Feel,Avril Lavigne,Under My Skin,2004,224.94,118.06,-4.77
3580,How Insensitive,Charlie Byrd,Byrd & Brazil,2004,361.56,121.89,-22.94
3585,How Many More Years (LP Version),John Hammond,Sooner Or Later,2002,196.36,105.36,-12.44
3586,How Old Are You,Loudon Wainwright III,I'm Alright,1994,128.16,193.64,-16.12
3590,How Y' All Doin',Kyle Eastwood,Now,2006,207.20,100.18,-14.23
3591,How Ya Like Me Now,Kool Moe Dee,The Masters Series: Hip Hop,1987,336.43,104.17,-7.00
3598,Hum Drum,Terror Squad / Remy / Prospect / Armageddon,True Story,2004,251.90,181.30,-5.51
3599,Human Being,The New York Dolls,Too Much Too Soon,1974,344.06,154.95,-9.25
3600,Human Being,The New York Dolls,Too Much Too Soon,1974,344.45,154.76,-10.19
3602,Human Cannonball,Loudon Wainwright III,Grown Man,1995,190.48,102.43,-15.66
3603,Human Guinea Pig,Suicidal Tendencies,Join The Army,1987,125.91,186.16,-9.96
3604,Humanity,The Berzerker,The Berzerker,2000,105.46,86.50,-6.95
3605,Hummingbird,Jimmy Page,Outrider,1988,322.98,139.02,-13.87
3606,Hummingbird,Leon Russell,A Song For You,1970,226.22,86.99,-12.89
3607,Humppa,Kapelle Herrenweide,Kavalierstart,2009,214.36,109.29,-12.25
3608,Humppa,Elakelaiset,In Humppa We Trust-Live!,1996,182.83,166.91,-11.93
3612,Hunger Strike,Temple Of The Dog,Temple Of The Dog,1991,243.96,137.94,-10.85
3613,Hungry People,Otis Taylor,White African,2001,301.87,84.56,-10.43
3615,Hunter,30 Seconds To Mars,A Beautiful Lie,2005,234.74,106.53,-10.81
3616,Hunter And The Hunted (Live),Simple Minds,Silver Box,1983,352.44,106.14,-8.01
3617,Hunting,Deep Forest,Made In Japan,1992,397.77,145.46,-9.31
3620,Hurry Up And Come,Cocoa Tea,Israel's King,2008,225.54,160.02,-5.75
3622,Hush,Mongo Santamaria,Mongo Returns!,1995,366.71,175.61,-11.26
3624,Hydraulic Pimp,Non Stop DJs,Furious EP,2004,222.25,123.98,-7.38
3629,I Am,Devanic,Mask Industries,2006,336.06,87.04,-7.07
3632,I Am Fred Astaire (Album Version),Taking Back Sunday,Where You Want To Be,2004,223.40,147.75,-4.50
3634,I Am Here,F.I.R.,Let's Smile !,2009,232.49,85.96,-6.39
3637,I Am The Walrus,Spooky Tooth / Mike Harrison,That Was Only Yesterday - An Introduction To,1970,384.76,134.80,-9.95
3638,I Am Your Mother Too,Keb' Mo',Big Wide Grin,2001,242.81,86.63,-16.24
3642,I Can Dig It,The Box Tops,Nonstop,1968,142.37,93.77,-11.67
3644,I Can't Be Satisfied,John Hammond,Bluesman,2002,195.32,123.14,-10.70
3648,I Can't Feel You Anymore,Loretta Lynn,Gold,1994,195.32,93.31,-13.14
3651,I Can't Quit You Baby (Live) [Never Released],The Fabulous Thunderbirds,Tacos Deluxe,2003,342.20,92.74,-9.57
3652,I Can't Rest,Fontella Bass,Rescued : The Best Of Fontella Bass,2006,175.39,124.83,-6.75
3653,I Can't Stand It,Sam Baker,Sugar Man,2005,144.74,111.85,-14.85
3654,I Can't Stop Loving You,Martina McBride,Timeless,2005,261.96,100.19,-13.63
3656,I Can't Wait 'Til Christmas (LP Version),Bryan White,Dreaming Of Christmas,1999,240.90,126.62,-8.28
3658,I Cannot Believe It's True,Phil Collins,Hello_ I Must Be Going,1982,316.39,121.04,-11.76
3660,I Changed My Mind (DJ Spinna Remix),Lyrics Born,Same !@#$ Different Day,2005,313.16,98.93,-3.53
3661,I Constantly Thank God For Esteban (Album Version),Panic! At The Disco,A Fever You Can't Sweat Out,2005,210.26,167.01,-5.72
3663,I Could Be Dreaming,Belle and Sebastian,The BBC Sessions,1996,226.93,165.04,-9.67
3665,I Cried All The Way To The Altar,Patsy Cline,Walkin' After Midnight - The Original Sessions Vol. I,1995,148.40,91.64,-9.38
3666,I denna ljuva sommartid,Sofia Karlsson,Folk Songs,2002,340.22,101.90,-14.86
3668,I Did it for You,David Cook,David Cook,2008,229.46,82.28,-3.80
3671,I Do (Chris The Greek Remix),Tina Ann,Situations,2003,237.53,134.02,-5.45
3675,I Don't Know,Teenage Fanclub,Bandwagonesque,1991,274.70,116.24,-15.84
3676,I Don't Know You People,Orbital,The Middle Of Nowhere,1999,467.54,91.36,-8.91
3677,I Don't Like It Like This,The Radio Department,Marie Antoinette (Original Motion Picture Soundtrack),2005,248.24,142.95,-9.02
3681,I Don't Wanna be a War Hero,Anti-Flag,Live at the Fireside Bowl,2003,99.00,106.07,-6.46
3683,I Don't Want To Hear Any More,Eagles,Long Road Out Of Eden,2007,261.17,92.19,-6.18
3684,I Don't Want To Let You Go,Weezer,Raditude,2009,228.44,122.85,-10.57
3686,I Don't Want Your Love,Dealership,Action / Adventure,2004,103.52,107.00,-7.40
3687,I Dream Of Chi Chi,Brian Tyler,Dragonball Evolution,2009,52.87,104.99,-19.96
3689,I Feel So Good,J.B. Lenoir,Passionate Blues,1995,114.62,129.58,-7.57
3690,I Found You,The Impressions,The Impressions,1963,207.36,121.90,-16.49
3695,I Go To Work,Kool Moe Dee,Greatest Hits,1989,281.34,83.86,-8.76
3696,I Got A Seecret,Redman,Doc's Da Name 2000,1998,209.63,113.31,-8.75
3699,I Got Over It (Album Version),Robben Ford,Talk To Your Daughter,1988,203.99,154.32,-11.98
3701,I Got Stripes (Live),Johnny Cash,The Legend,2006,112.95,118.04,-7.09
3704,I Guess I'm Crazy,Jim Reeves,RCA  Country Legends,1990,145.14,91.32,-12.65
3705,I Hate Christmas,Asleep At The Wheel,Santa Loves to Boogie,2007,180.51,78.09,-7.83
3708,I Heard Her Call My Name,The Velvet Underground,The Very Best Of The Velvet Underground,1968,276.69,144.56,-14.00
3712,I Hold Your Hand In Mine [Live At Royal Albert Hall],Tiny Tim,Live! At The Royal Albert Hall,2000,43.36,93.78,-24.00
3713,I Hope The Weather Stays Fine (Remix),The Dylans,The Dylans,1991,410.98,106.04,-14.74
3719,I Know A Place,Joe Bonamassa,Black Rock,2010,258.74,75.06,-7.36
3720,I Know I Can,Dave Hollister,Witness Protection,2008,363.39,89.47,-7.05
3721,I Know Somethin (Bout You),Alice In Chains,Jar of flies / Facelift / Dirt,1990,261.77,114.76,-9.66
3723,I Know Where I Am Now,Jake Hess,Special Homecoming Moments,2004,298.89,99.96,-15.10
3724,I Know You Got Soul,Eric B. & Rakim,Paid In Full,1987,282.04,94.50,-12.31
3726,I Like The Way,Tommy James And The Shondells,Anthology,1967,161.85,100.19,-13.96
3727,I Like Young Girls,Love Jones,Here's To The Losers,1993,182.73,87.80,-7.33
3730,I Love It [Clubstar Remix],Sneaky Sound System,I Love It,2006,342.02,145.03,-6.42
3732,I Love No One But You,Don Gibson,Lonesome Number One,1991,169.64,123.53,-14.26
3734,I Love The Life I'm Living,Slim Harpo,The Excello Singles Anthology,1993,153.68,93.77,-14.23
3735,I Love This Town,Bon Jovi,Whole Lot Of Leavin',2007,286.35,134.29,-3.38
3743,I Love You More Than You'll Ever Know (LP Version),Donny Hathaway,A Donny Hathaway Collection,1990,322.87,72.94,-16.34
3744,I Love You_ You Imbecile,Pelle Carlberg,In A Nutshell,2007,174.81,155.07,-4.40
3751,I Need Love,Usher,Live,1999,32.42,118.24,-14.43
3755,I Never Came,Queens Of The Stone Age,Lullabies To Paralyze,2005,288.42,115.61,-8.17
3760,I Only Have Eyes For You (Album Version),John Stevens,Red,2005,245.45,244.37,-12.79
3763,I Put a Spell on You,Screamin' Jay Hawkins,I Put a Spell on You: The Best Of,1956,211.33,130.34,-6.56
3766,I Remember,Patrick Lamb,Soul of a Free Man,2007,290.38,93.04,-5.54
3767,I Remember (amended album version),Lil Boosie,Bad Azz,2006,243.36,171.85,-3.17
3770,I Saw Destruction,The Scare,Oozevoodoo,2009,209.71,110.16,-4.75
3777,I See You,Grayson Capps,If You Knew My Mind,2005,242.18,186.89,-13.01
3780,I Stayed Long Enough,Tammy Wynette,The World Of Tammy Wynette,1968,119.90,111.12,-14.09
3781,I Still Haven't Found What I'm Looking For,Mariano Yanani,Babies Go U2,2003,180.01,96.96,-13.94
3784,I Surrender All,Clay Crosse,I Surrender All,1998,286.75,134.86,-8.00
3785,I Swear the Visine is for my Allergies,Salt The Wound,Carnal Repercussions,2008,218.80,179.63,-8.45
3788,I Think My Wife Is Running Around On Me (Taco Hell),Tim Wilson,The Real Twang Thang,2005,186.49,90.02,-4.52
3789,I Versus I,Seventh Star,The Undisputed Truth,2007,184.84,114.59,-4.68
3791,I Wanna Be Where You Are,Michael Jackson,Hello World - The Motown Solo Collection,1972,182.75,207.54,-8.96
3792,I WANNA HEAR IT FROM YOU,Eddy Raven,LIVE IN CONCERT,1995,204.85,133.43,-11.14
3794,I Want It,Zombie Girl,Back From The Dead,2006,260.54,129.98,-5.20
3800,I Want What I Want,Weirdos_ The,We Got The Neutron Bomb,1978,161.28,139.91,-9.40
3801,I Want You,Sophie B. Hawkins,The Best Of Sophie B. Hawkins,1992,316.76,98.41,-11.76
3802,I Want You (Album Version),Faith Hill,Fireflies,2005,246.10,119.06,-9.70
3803,I Want You (Forever),Carl Cox Vs Yousef,Dave Pearce Best of the Dance Years 1988 - 1992,1991,357.82,130.02,-5.70
3804,I Want You Back,The Plimsouls,Live! Beg_ Borrow & Steal: October 31_ 1981 Whisky A Go Go,1981,147.96,123.45,-7.84
3806,I Was a Human Bomb for the FBI,Zombina & The Skeletones,I Was a Human Bomb for the FBI,2006,210.94,190.04,-7.34
3809,I Will Always Love You,Deborah Allen,Karaoke: Country Queen - Singing to the Hits,2005,189.57,67.90,-11.16
3818,I Wish I Had A Girl,Henry Lee Summer,Henry Lee Summer,1988,266.42,127.68,-10.23
3819,I Wish I Was A Punk Rocker (With Flowers In My Hair),Sandi Thom,I Wish I Was A Punk Rocker (With Flowers In My Hair),2006,425.19,121.98,-4.16
3820,I Wish My Mother Was Here,Byther Smith,Addressing The Nation With The Blues,1989,418.87,117.17,-11.70
3824,I Won't Spend Another Night Alone,The Ataris,So Long_ Astoria,1999,257.85,151.40,-3.12
3830,I.B.S. (Amended Album Version),Cam'Ron,Killa Season,2006,212.79,189.29,-6.80
3832,I'd Like To Be,Jim Reeves,Legends,1994,121.73,151.73,-12.74
3833,I'd Rather Have Jesus,Loretta Lynn,The Gospel Spirit,1965,161.49,79.18,-13.80
3836,I'll Be Glad,Elvin Bishop,Gettin' My Groove Back,2005,335.70,100.17,-4.56
3841,I'll Be Yours,Faron Young,Live Fast_ Love Hard_ Die Young (Best of_ Vol. 1),1994,168.72,74.89,-13.60
3842,I'll Come Running,Connie Smith,The Essential Connie Smith,2001,125.67,124.92,-9.09
3846,I'll Never Find Another You,Sonny James,Capitol Collectors Series,1967,146.02,144.54,-15.91
3849,I'll See You Sunday,Twila Paris,Knowin' You're Around,1980,235.65,135.42,-12.91
3850,I'll Show You Love,Usher,Usher,1994,283.90,90.20,-7.28
3855,I'm A Chicken Head (Skit),Cam'Ron,Purple Haze,2004,85.97,110.06,-19.67
3857,I'm A Lazy Sod (Live),Sex Pistols,Live & Filthy,1998,126.07,130.43,-4.87
3858,I'm A Tomorrow,Ec8or,The One And Only High And Low,2000,123.61,100.01,-4.65
3860,I'm Alive (BT & Sasha Mix),Seal,Seal Best Remixes 1991-2005,2001,828.06,128.45,-6.22
3862,I'm Amazing,Keb' Mo',Keep It Simple,2004,194.48,88.75,-10.98
3863,I'm Back,Eminem,The Marshall Mathers LP,2000,312.27,180.17,-3.99
3866,I'm Chillin,Kurtis Blow,The Best Of Kurtis Blow,1990,220.84,107.37,-12.64
3869,I'm Glad,Jennifer Lopez,I'm Glad,2002,224.39,93.95,-5.23
3874,I'm Gonna Cry Til' My Tears Run Dry,Irma Thomas,Straight From The Soul,2004,146.89,183.88,-10.22
3879,I'm Happy She Said,M83,M83,2001,1071.88,90.26,-6.10
3880,I'm Hot,Erick Sermon,Music,2001,228.44,95.93,-6.92
3881,I'm in Korea,J. B. Lenoir,If You Love Me,1954,190.64,98.02,-9.30
3889,I'm Mad,EPMD,Business As Usual,1990,222.14,109.06,-10.03
3890,I'm Not A Loser,Descendents,Somery,1982,89.23,203.29,-8.87
3892,I'm Not Done,Fever Ray,Live In Lulea,2009,280.24,64.81,-9.07
3893,I'm Not Moving,Phil Collins,Face Value,1981,154.93,100.04,-15.43
3894,I'm Not Worth the Tears,Dolly Parton,The Dolly Parton Classics,1967,152.45,95.98,-12.14
3896,I'm On The Run,JennyAnyKind,Peas And Collards,2003,326.79,150.24,-10.85
3897,I'm On To You,Hurricane,Over The Edge,1988,236.04,110.18,-4.62
3898,I'm On Your Tail,Paul Carrack,Groove Approved,1989,374.96,99.96,-11.38
3901,I'm Poured Out Like Water,Tel Basta,Lickerish,1996,220.37,120.35,-12.38
3902,I'm Real,Jennifer Lopez featuring Ja Rule,J.Lo,2001,263.21,83.49,-8.15
3903,I'm Running Out Of Love,Dolly Parton,Just Because I'm A Woman,2008,125.34,100.06,-10.61
3905,I'm So Bored With The U.S.A.,The Clash,The Future Is Unwritten,1977,140.77,203.94,-8.33
3907,I'm Still In Love With You,T-Bone Walker,Mean Old World,1967,171.83,81.07,-16.96
3909,I'm The Man (Explicit) (Feat. Jeru The Damaja And Lil Dap),Gang Starr Featuring Jeru The Damaja And Lil Dap,Daily Operation,1992,244.32,95.30,-15.55
3912,I'm Wanderin',Jackie Wilson,The Jackie Wilson Genesis,1958,160.78,108.25,-12.53
3914,I'm Wrong,Dave Hollister,The Definitive Collection,2006,301.87,113.09,-4.94
3916,I'm Your Money (12'' Extended Version) (2006 Digital Remaster),Heaven 17,Penthouse And Pavement,1981,311.43,122.27,-9.80
3917,I'm Your Witchdoctor,John Mayall & The Bluesbreakers,Bluesbreakers With Eric Clapton - Deluxe Edition,1988,129.49,117.73,-6.32
3918,I'ma Bang,DMX,The Great Depression,2001,306.05,92.40,-4.56
3919,I'mma Break It Down,Eazy-E,Eazy Duz It,1988,208.33,115.69,-8.08
3922,I've Been Lonely (For So Long),Frederick Knight,True Soulful Love,2000,198.82,96.53,-8.48
3924,I've Been Missin' You,Kenny G,G Force,1983,255.71,117.66,-17.57
3925,I've Been Thinking featuring Cat Power (Album Version),Handsome Boy Modeling School,White People,2004,324.07,160.02,-9.42
3926,I've Been Trying,Archie Bell and The Drells,I Can't Stop Dancing,2004,193.96,100.92,-14.48
3927,I've Been Working on the Railroad,Laurie Berkner,Buzz Buzz,2001,115.83,171.74,-15.30
3929,I've Got a Home,Five Blind Boys of Alabama,101 Great Black Gospel_ Vol. 4,2008,131.81,93.42,-7.50
3933,I've got Vilking in Me,Four Tet,My Angel Rocks Back and Forth,2004,136.20,70.30,-17.98
3934,I've Got You Under My Skin,Louis Prima And Keely Smith,Jump_ Jive an' Wail: The Essential Louis Prima,1960,159.16,108.50,-12.68
3939,Ice Cream Cakes,Jeff Beck Group,Original Album Classics,1972,340.35,98.09,-13.64
3940,Ice Cream Cone,Laurie Berkner,Buzz Buzz,2001,169.38,82.59,-16.90
3941,Ice Cream Man,Session Americana,Beer Town: The Table Top Collective Vol. 3,2007,210.31,141.87,-8.76
3942,Ice Cream Man,Martin Sexton,Live Wide Open,2001,352.89,133.39,-8.73
3944,Ich bin jung und brauche das Geld,Eko Fresh feat. G-Style,Ich bin jung und brauche das Geld,2003,266.58,93.20,-7.99
3945,Ich bleib so wie ich bin,Eko Fresh feat. Ado,Ekaveli,2007,215.93,126.69,-5.77
3949,Ida Red,Bob Willis,Texas Swingtime,1993,146.73,125.31,-9.60
3950,Idaho Red,Wade Ray,Trains & Cars - A Trip To Rock 'n' Roll Vol. 1,2005,135.78,171.53,-9.71
3951,Idnnitkhtr,TAKARU,There Can Be Only None,2004,128.34,121.55,-6.10
3952,If A Woman Answers,Leroy Van Dyke,Walk On By,1962,124.53,163.94,-18.57
3953,If Ever,Foo Fighters,The Pretender,2007,253.67,150.83,-7.44
3955,If Every Day Could Be Christmas,Richie McDonald,If Every Day Could Be Christmas,2009,290.69,99.78,-4.39
3956,If I Ain't Got You,Alicia Keys,Essential-Soul Love,2003,231.18,118.27,-8.41
3957,If I Can't Have You,Jackie Wilson,Lonely Teardrops,1958,101.77,161.73,-10.28
3961,If I Had My Way I'd Tear This Building Down,Blind Willie Johnson,The Roots Of Rap: Classic Recordings From The 1920s & 30s,1996,189.39,164.64,-16.11
3962,If I Know You,The Presets,If I Know You,2008,351.32,128.98,-7.17
3963,If I Miss You Again Tonight,Tommy Overstreet,The Best of Tommy Overstreet,1964,169.22,93.72,-16.74
3964,If I Ruled The World,Regina Belle,Lazy Afternoon,2004,274.81,67.75,-10.72
3965,If I Run,Semisonic,20th Century Masters: The Millennium Collection: Best Of Semisonic,1993,258.93,186.01,-5.81
3966,If I Talk To Him,Connie Smith,The Essential Connie Smith,2001,146.34,141.55,-13.23
3967,If I Was Your Woman,Alicia Keys,Unplugged,2005,244.45,74.08,-12.52
3970,If Loving You Is Wrong I Don't Wanna Be Right,George Faith,Soulful,1996,277.08,119.87,-14.24
3971,If Money Talks,Jason & The Scorchers,Fervor / Lost & Found,1985,154.83,175.95,-3.47
3975,If That's True,Esperanza Spalding / Leo Genovese,Esperanza,2008,451.29,106.19,-12.24
3977,If This Is The End,Jeff Scott Soto,Lost In The Translation,2004,281.70,105.84,-8.06
3978,If Today Was Your Last Day (Album Version),Nickelback,Dark Horse,2008,248.06,89.96,-4.16
3980,If You Ask Me,Nick Colionne,Keepin' It Cool,2006,215.14,102.04,-7.11
3982,If You Don't Pray For Me,5 Blind Boys Of Alabama,Collector's Edition,1996,173.71,110.88,-15.68
3986,If You Love Me,Becky Baeling,Becstasy,2003,247.67,132.89,-5.96
3988,If You Should Walk Away,Chris Clark,The Motown Anthology,1967,192.65,160.01,-13.78
3991,If You Wanna Be My Friend,Oscar Lima,Desert Caravan,1999,218.72,85.20,-8.66
3993,If You're A Viper (LP Version),Jim Kweskin,Rhino Hi-Five: Bluegrass and Jug Bands,1990,122.33,182.77,-12.53
3995,Ignis,Floor,Its Not The Same,2009,144.93,144.80,-9.11
4005,Il Y A Des Anges,Line Renaud,Les AnnA(c)es Chansons,1994,140.30,117.54,-12.76
4006,Il Y A Une Question (Live),Cali,Le Bordel Magnifique,2006,328.15,99.99,-6.03
4007,Ill Always Love You,The Tokens,The Lion Sleeps Tonight,1994,149.34,101.81,-10.68
4008,Illuminate,Orbital,The Altogether,2001,327.86,125.98,-6.53
4010,Im Club,Massive TAPne,MT3,2002,220.79,97.05,-5.84
4012,Im Slowly Turning Into You,The White Stripes,Icky Thump,2007,274.60,131.28,-6.21
4014,Imaginary Love,Mae West,I'm No Angel,2006,174.50,81.88,-23.04
4015,Imagination,Beenie Man,Concept Of Life,2006,230.24,159.25,-6.17
4016,Imagination,Hysterie,San Francisco Love House Volume 2,2005,389.64,130.03,-10.98
4017,Immigrant Song (Album Version),Led Zeppelin,Led Zeppelin III,1970,145.06,150.57,-10.54
4018,Immonumental,Flowin Immo et Les Freaqz,Immoment,2009,185.10,51.71,-6.79
4019,Immortal_ Invisible,Glad,Acapella Hymns,1993,174.52,68.83,-14.04
4023,Improv #1,Gonzalo Rubalcaba,Solo,2006,206.00,72.07,-24.57
4029,In Da House Skit,50 Cent,Dealin' w/50,2007,27.69,152.23,-13.10
4032,In Fate's Hands (Album Version),The Red Jumpsuit Apparatus,Don't You Fake It,2006,208.80,199.00,-2.98
4033,In Hell (Album Version),A Perfect Murder,War Of Aggression,2007,229.80,239.41,-5.12
4037,In My Arms,Snow Patrol,Eyes Open,2006,276.69,84.60,-5.10
4039,In My Bed,Amy Winehouse,Frank,2003,274.99,192.67,-3.15
4040,In My Dreams,Lionel Richie,Just For You,2004,296.10,84.82,-9.16
4041,In My Heart,Paul Avgerinos,Words Touch,2004,338.96,85.56,-28.41
4042,In My Hood (Explicit Album Version),Fabolous,Real Talk,2004,319.92,90.09,-4.64
4043,In My Life,Boyz II Men,Love,2009,151.59,94.92,-10.34
4047,In Progress (Original Mix),Trentemoller,Hotel St Tropez - La Suite Deluxe,2009,368.74,124.99,-9.92
4049,In Style,David Johansen,In Style (With Bonus Tracks),1979,247.98,87.37,-7.44
4051,In The Hills,Jim Chappell,The EarthSea Series Volume I,1994,227.37,126.05,-14.89
4052,In The Midnight Hour,Cross Country,Cross Country,2009,193.65,81.95,-13.49
4057,In The Rain,Pedro Luis e a Parede,Astronauta Tupy,1997,151.93,92.07,-15.51
4059,In the Underworld,Skyforger,Kurbads,2010,252.81,100.14,-4.19
4062,In the Wordless Chamber,Emperor,Live Inferno,2010,334.68,169.42,-5.32
4063,In This Legacy,Monty Are I,Wall Of People,2006,245.11,189.92,-4.65
4064,In This Life,Cama,In this Life,2009,210.36,155.07,-5.90
4065,In This Skin,Jessica Simpson,In This Skin,2003,258.77,95.10,-4.96
4067,In Your Dreams,Justo Almario,Count Me In,1995,243.43,216.56,-8.86
4068,Ina Your Rights,Aswad,New Chapter,1981,280.95,167.31,-8.78
4069,Inaudible Melodies,Jack Johnson,Brushfire Fairytales,2000,207.10,147.60,-15.22
4070,Incide,Dark Fortress,SA(c)ance,2006,320.44,152.60,-14.15
4073,India,Jeff Wahl,Guitarscapes,2003,124.68,150.08,-25.42
4074,Indian Love Call,Slim Whitman,Country Lovers. Vol. 3,1990,195.92,91.49,-11.98
4081,Inertiatic Esp,The Mars Volta,Inertiatic Esp,2003,266.47,112.49,-3.95
4083,Infantil (Dedicated to John McLaughlin),Gonzalo Rubalcaba,Avatar,2008,424.52,187.41,-12.21
4084,Infected,Bad Religion,Stranger Than Fiction,1994,247.59,121.52,-8.51
4086,Infernal Calling,Satan's Host,Satanic Grimoire,2006,412.11,136.47,-3.92
4089,Informer,Sugar Minott,Dance Hall Showcase Vol. II,2008,226.40,154.59,-5.63
4091,Inherent Scars,Symphony in Peril,The Whore's Trophy,2005,245.13,100.03,-6.78
4092,Inhume,Inhume,In for the kill,2003,185.21,141.42,-4.47
4095,Innizar,The Forms,Icarus,2003,208.14,78.13,-9.07
4096,Innocence,Avril Lavigne,The Best Damn Thing,2007,232.20,138.36,-4.17
4098,Inoculated City,The Clash,London Calling / Combat Rock,1982,130.64,87.66,-13.14
4099,Inolvidable,Bebo & Cigala,Lagrimas Negras,2003,198.27,132.97,-14.51
4103,Inside Job,Pearl Jam,Pearl Jam,2006,428.56,105.99,-8.40
4105,Intensity In Ten Cities,Embrace the End,Ley Lines,2008,247.48,231.85,-3.40
4107,Interlude (Album Version),My Chemical Romance,Three Cheers For Sweet Revenge,2004,57.18,132.47,-22.42
4112,Into A Swan,Siouxsie,Into A Swan,2007,234.55,115.03,-6.93
4113,Into Battle,Ensiferum,Iron,2004,352.50,105.05,-5.83
4114,Into Hiding,Amorphis,Tales From The Thousand Lakes,1994,225.41,130.68,-9.53
4115,Into My Eyes,Cherrelle,The Right Time,1999,290.82,145.61,-6.22
4116,Into The Groove,Madonna,Celebration,1985,285.10,116.51,-4.10
4117,Into The Mouth Of Hell We March [Explicit],Trivium,Shogun,2008,352.03,141.81,-3.18
4118,Intro,Gertrudis,500,2009,106.53,97.76,-12.39
4119,Intro,A-Mei,Star Live Concert,2008,71.89,120.23,-12.02
4120,Intro,Papoose,21 Gun Salute,2006,46.47,95.15,-10.95
4121,Intro,Bizzy Bone Presents,Double R,2004,50.91,81.90,-7.84
4122,Intro,40 Grit,Nothing To Remember,2003,75.68,186.88,-22.75
4124,Intro,Tha Liks,X.O. Experience,2001,43.23,97.07,-12.58
4125,Intro,DJ Clue / P. Diddy,The Professional,1998,64.70,81.23,-23.13
4126,Intro,DJ Godfather,Da Bomb Vol 5,1998,53.21,97.08,-14.85
4127,Intro,Diamond D,Diamond,1997,52.79,146.85,-13.15
4128,Intro,Erick Sermon,No Pressure,1993,34.09,185.55,-11.85
4466,Keep It Alive,Lee Ritenour,Rit/2,1982,291.84,82.73,-14.20
4133,Intro / Time For Some Action,N.E.R.D.,Seeing Sounds,2008,222.67,113.03,-5.80
4134,Intro 2/ Kick Out The Jams (LP Version),MC5,Kick Out The Jams,1969,172.30,145.51,-10.22
4138,Intro/Chamber The Cartridge,Rise Against,The Sufferer & The Witness,2006,214.88,109.45,-4.50
4141,Introduction (Album Version),Fort Minor,The Rising Tied,2005,43.39,122.84,-14.87
4149,IRM,Charlotte Gainsbourg,IRM,2009,154.96,120.15,-8.01
4150,Iron Man,The Cardigans,First Band On The Moon,1996,259.76,137.34,-10.18
4154,Irreplaceable (Irreemplazable),BeyoncA(c),Irreemplazable,2007,230.56,87.99,-4.88
4155,Irresistible,Jessica Simpson featuring Lil Bow Wow,This Is The Remix,2001,215.67,93.08,-6.29
4158,Is It A Sin,Deepest Blue,Euphoria: A Decade of Trance Anthems,2004,514.46,130.01,-6.37
4160,Is It Love,3 of Hearts,3 Of Hearts,2001,224.08,101.68,-8.81
4161,Is It Love,Gang Of Four,A Brief History Of The 20th Century,1983,274.00,117.00,-17.76
4162,Is It The Skin I'm In?,Lyrics Born,Everywhere At Once,2008,233.33,151.05,-5.76
4164,Is It You?,Lee Ritenour,OverTime,1979,274.73,164.59,-9.73
4166,Isabel,Juana Molina,Tres Cosas,2004,262.90,108.50,-16.76
4168,Isku PitkA$?stA$? Ilosta,Korpiklaani,Karkelo,2009,250.83,100.00,-4.54
4169,Isla del Luna,Lisa Lynne,Seasons Of The Soul,1999,316.50,95.98,-14.54
4170,Isle Of Inishmore - Part 1 (Air),Kathy Mattea,Roses,2002,124.84,79.09,-14.48
4171,Isle of St. Helena,Mary Black & General Humbert,Holding Up Half the Sky: Voices of Celtic Women,1984,303.75,99.24,-10.27
4175,Isolate,ZO2,Ain't It Beautiful,2007,276.43,150.72,-4.10
4177,It Ain't No Use,Z.Z. Hill,Second Chance,1971,189.47,87.01,-18.22
4179,It Ain't The Meat It's The Motion,Maria Muldaur,The L Word: Season 3,1974,180.87,137.55,-5.96
4183,It All Depends On You,Jerry Lewis,Very Best Of,1995,142.73,124.88,-9.87
4186,It Came Upon The Midnight Clear,Gold City,FANtastic Christmas,1994,173.66,145.16,-10.79
4187,It Could All Get Blown Away,The Jeff Healey Band,Legacy:Volume One,1992,283.04,94.54,-7.54
4189,It Doesn't Matter Where_ Just Drive,Snow Patrol,Chasing Cars,2006,217.57,186.44,-10.79
4190,It Don't Mean A Thing (If It Ain't Got That Swing),Charlie Byrd,Byrd By The Sea,1991,229.33,109.54,-14.05
4191,It Feels Like Rain,Maria Muldaur,Meet Me Where They Play The Blues,1999,411.01,87.70,-17.68
4192,It Feels So Good (Album Version),Twista,Adrenaline Rush,1997,368.04,120.39,-6.83
4197,It Hurts Me Too,Jeremy Spencer,Precious Little,2006,289.78,92.43,-11.99
4199,It Is Us,Mudhoney,Live At El Sol,2006,211.88,152.46,-4.31
4203,It Makes No Difference Now,Billie Jo Spears,20 Of Her Best,1992,133.33,160.84,-9.98
4210,It Only Takes Two To Tango,The Stranglers,La Folie,1981,217.97,107.66,-10.01
4215,It Won't Be Long Now,Frank Stokes,The Best Of Frank Stokes,2005,188.89,94.73,-19.27
4216,It Won't Rain Always,Janet Paschal/Charlotte Ritchie/David Phelps,Bill Gaither's Best Of Homecoming 2002,2003,202.42,103.47,-24.06
4218,It'll All Come Around (Album Version),Back Door Slam,Roll Away,2007,236.88,123.38,-5.56
4219,It's A Long Way Around,Burning Spear,Dry & Heavy,1977,185.55,122.38,-19.63
4221,It's A Secret,Mungo Jerry,The Best Of In The Summertime,1995,193.91,88.58,-9.98
4223,It's All In How You Look At It,Big Jay Oakerson,An American Storyteller,2009,172.51,122.76,-8.33
4224,It's All In My Mind,Teenage Fanclub,Man-made,2005,221.41,122.00,-7.60
4226,It's All Understood,Jack Johnson,Flake,2000,215.88,131.40,-15.90
4228,It's Alright,Graham Central Station,Ain't No 'Bout-A-Doubt It,1975,229.28,119.63,-9.78
4230,It's Alright Bruv,Cockney Rejects,Unforgiven,2007,241.50,163.39,-2.82
4231,It's Bad For Me (Album Version),The Roches,Nurds,1980,165.98,34.34,-20.39
4233,It's Four In The Morning,Faron Young,30 Of His Best,1986,159.79,141.77,-23.91
4234,It's Going Down,Suicidal Tendencies,The Art Of Rebellion,1992,269.82,164.93,-5.93
4236,It's Good To Know Jesus,Mississippi Mass Choir,God Gets The Glory,2003,221.91,116.49,-13.45
4239,It's Like That,RUN-DMC vs. Jason Nevins,It's Like This - The Best Of,1984,250.07,129.07,-6.75
4240,It's My Party,Lesley Gore,60's Triple set,1963,136.49,129.12,-9.09
4241,It's My Party,Lesley Gore,60s Pop Number 1's,1963,140.28,129.16,-7.54
4242,It's Not Me,3 Doors Down,Here Without You,2003,230.43,86.82,-5.98
4243,It's Not Unusual,Willie Bobo,Latin Jazz (Jazz Club),2008,139.49,113.55,-12.04
4244,It's Not What You Say,Louie Ramirez,Ali Baba,1968,174.11,125.03,-8.19
4247,It's So Fine,Jackie Wilson,Lonely Teardrops,1958,128.94,136.75,-9.94
4249,It's Surprising What the Lord Can Do,The Del McCoury Band,The Promise Land,2006,171.68,208.57,-8.47
4251,It's Too Late,Small Faces,Ultimate Collection,1966,157.47,125.30,-5.07
4252,It's You,Toots & The Maytals,Time Tough: The Anthology,1996,128.34,115.37,-13.28
4255,Italian For Goodbye (skit),The Pharcyde,Humboldt Beginnings,2004,11.60,38.23,-19.46
4256,Itchycoo Park,Small Faces,Ultimate Collection,1967,172.72,123.38,-8.64
4264,IV,From Autumn To Ashes,Too Bad You're Beautiful,2002,147.64,97.17,-12.06
4267,j Uh!,Juana Molina,Tres Cosas,2004,213.26,46.87,-19.78
4271,Ja (Hanno's Poppersmonstermix),2raumwohnung,36 Grad Remixe,2007,357.85,126.00,-8.53
4272,Ja Nun Hons Pris,Bryan Ferry,Frantic,2002,35.66,82.57,-18.16
4274,Jaan - Interlude,Rishi Rich,The Project,2006,45.45,95.99,-10.82
4275,Jack and Benton,Sean Callery,24: Redemption,2008,212.85,121.15,-29.33
4276,Jack's Lament,The All American Rejects,Nightmare Revisited,2008,195.19,109.70,-9.32
4279,Jah Jah Children,Sugar Minott,Strictly Vocals 2,1977,185.99,167.95,-9.11
4283,Jake,J. Peter Robinson,The World's Fastest Indian,2006,161.59,159.97,-17.32
4285,Jam 4 U,Redman,Whut? The Album,1992,185.83,94.15,-7.18
4287,Jam-Master Jammin',RUN-DMC,King Of Rock,1985,259.97,99.95,-14.28
4288,Jambalaya (On The Bayou),Johnny Copeland,Flyin' High,2000,221.96,87.23,-11.34
4291,James (Hold The Ladder Steady),SUE THOMPSON,Sue Thompson - Her Very Best,1985,124.86,137.52,-12.33
4293,Jane 5,EPMD,Back In Business,1997,161.36,86.82,-8.67
4295,Janice's Party,Fountains Of Wayne,Out-Of-State Plates,2005,165.62,134.29,-5.09
4296,Janie's Got A Gun,Aerosmith,Big Ones,1989,329.69,115.11,-6.66
4301,Java Sparrow,Terry Callier,Timepeace,1998,315.09,118.61,-12.93
4302,Javalon,Constance Demby,Set Free - The Definitive Edition,1989,259.37,85.16,-8.27
4308,Je Sais Que La Terre Est Plate,RaphaA<<l,Je Sais Que La Terre Est Plate (Deluxe),2008,148.74,124.06,-9.64
4313,Jealous Again,Black Flag,Live at The On Broadway 1982,1980,136.15,124.48,-6.42
4315,Jean Dominique Intro,Wyclef Jean,WELCOME TO HAITII CREOLE 101,2004,68.49,142.67,-12.92
4316,Jeffrey's Dark Side,Angelo Badalamenti,Blue Velvet,1987,109.37,61.88,-18.35
4319,Jenny Take a Ride,Mitch Ryder,American Legend,2004,207.44,97.54,-11.26
4322,Jesus Can Work It Out,The Jackson Southernaires,A Touch Of Class,1985,187.32,110.71,-6.75
4324,Jesus Is Coming Soon,Blind Willie Johnson,The Complete Blind Willie Johnson,1989,193.20,139.87,-17.85
4331,Jetstream - Arthur Baker Remix,New Order,Jetstream,2005,421.96,122.48,-5.72
4341,Jingle Bells,Jim Reeves,Christmas Songbook,1963,108.20,95.26,-13.32
4345,Jody,Jeff Beck Group,Original Album Classics,1971,367.46,159.42,-12.57
4347,Joe Avery's Piece,Harry Connick_ Jr,Eleven,1979,192.08,181.47,-10.70
4351,John the Revelator,Blind Willie Johnson,The Soul of a Man,1991,198.01,125.69,-15.86
4352,Johnny Can't Dance,Clifton Chenier,Live! At Grant Street,2001,281.16,116.52,-4.23
4358,Joking,Speaker,Trace My Track,1999,188.29,131.97,-4.63
4360,Jolie Blon's Gone,Harry Choates,Cajun Honky Tonk,2005,177.79,89.80,-11.87
4361,Jones From Indiana,Daughters,Canada Songs,2003,64.99,143.25,-4.06
4362,Josephine,Chris Rea,The Road To Hell And Back,1985,308.45,168.93,-11.08
4363,Josephine (French Edit),Chris Rea,Weekend Songs,2008,236.36,110.10,-7.19
4364,Josy,Nicolas Bacchus,Balades pour enfants louches,2002,215.01,133.81,-8.12
4366,Journey To Love,Stanley Clarke,The Bass-ic Collection,1975,282.70,84.06,-12.71
4367,Journey's End,Primordial,All Empires Fall,1998,425.19,124.61,-15.18
4373,Ju Ju,Poncho Sanchez,Latin Spirits,2001,427.08,213.72,-9.43
4377,Judge Boushay Blues,Furry Lewis,Furry Lewis,1972,221.96,104.47,-28.95
4379,Judgement,The Bug Featuring Ricky Ranking,London Zoo,2008,309.29,143.81,-9.38
4381,Judgement Day,Dokken,Lightning Strikes Again,2008,242.86,124.29,-4.94
4385,Juguete,Cheo Feliciano,Latin Nights,1972,269.27,165.35,-6.07
4389,Juliet,The Four Pennies,The Very Best Of The Four Pennies,2002,144.14,101.31,-9.43
4390,July,Al DiMeola,The Best of Al DiMeola: The Manhattan Years,1992,319.84,206.10,-10.18
4392,Jump [Jacques Lu Cont Edit],Madonna,Jump,2006,320.18,130.00,-7.29
4393,Jump In My Bed,Rooney,Calling The World,2007,199.29,123.03,-2.30
4394,Jump N Shout Featuring Slarta John (Radio Edit),Basement Jaxx,Jump N' Shout,1999,218.15,126.81,-4.98
4396,Junco Partner,Professor Longhair,Rock'N Roll Gumbo,1985,208.46,96.87,-14.45
4397,June 26th_ 1999 - Slight,Deep Puddle Dynamics,The Taste Of Rain... Why Kneel,1999,353.07,177.88,-5.76
4398,Juneau [Live],Funeral For A Friend,The Great Wide Open,2007,251.22,102.89,-4.52
4399,Junge RAPmer,Falco,Donauinsel Live,1991,271.10,112.35,-5.93
4400,Junior Crehan's Favourite - Corney Is Coming,Planxty,Planxty,1973,156.19,202.79,-14.87
4401,Junk,Photek,Solaris,2000,327.89,115.01,-6.28
4403,Junko partner,Mike Bloomfield,Diamond Master Series - Mike Bloomfield,1996,284.11,167.55,-12.73
4404,Juno,Sub Focus,RAM 15x15 Vol 2,2005,292.99,173.90,-5.04
4405,Juno,Zuma,Juno,2001,735.61,161.92,-7.66
4409,Just A Little Bit Of You,Michael Jackson,Soulsation! The 25th Anniversary Collection,1975,192.57,110.28,-7.98
4410,Just A Little Lovin' (Will Go A Long Way),Eddy Arnold,Number Ones,1967,166.16,157.78,-14.01
4412,Just A Phase,Incubus,Live in Malaysia 2004,2001,353.78,107.92,-8.74
4414,Just An Illusion,Dave Weckl,Hard-Wired,1994,311.01,93.50,-11.64
4419,Just Don't Give A Fuck,Eminem,The Slim Shady LP,1998,242.62,90.18,-2.20
4420,Just In Case,Micachu,Turn Me Well,2008,166.43,117.37,-8.11
4422,Just Keep It Up,Dee Clark,Rain Drops,1990,132.07,95.95,-16.87
4423,Just Let Me Be In Love,Tracy Byrd,Ten Rounds,2007,227.58,96.07,-7.70
4424,Just Like Darts,The Real Kids,Better Be Good,1977,263.76,104.78,-12.43
4425,Just Like Lightnin',Joe Satriani,Satriani Live,2006,300.83,197.44,-5.94
4427,Just My Baby,Rickie Lee Jones,Live at Red Rocks,1989,314.72,147.74,-9.79
4432,Just Say Yes,Snow Patrol,Just Say Yes,2009,284.11,108.00,-5.52
4433,Just Say Yes,Snow Patrol,Just Say Yes,2009,255.61,89.35,-4.82
4435,Just Want To See Ya,Pacha Massive,If You Want it,2009,241.68,140.03,-8.95
4436,Juste Une Fois,Alexis HK,L'homme Du Moment,2004,98.66,96.08,-15.62
4437,Juste Une Petite Fille,Maurane,Differente,1995,263.68,89.39,-15.41
4438,Kablammin' It,Long Beach Dub Allstars,Wonders Of The World,2001,282.62,69.74,-3.83
4440,Kakou,Dobet GnahorA(c),Ano Neko,1997,274.55,104.00,-9.21
4449,Kapitel 4,Oliver Kalkofe,Kalkofe liest Asmussen - Lachen ist gesund Vol.1,2008,549.30,258.68,-14.17
4451,Karma,Alicia Keys,The Diary Of Alicia Keys,2003,256.00,113.49,-6.16
4453,Karola,Remmy Ongala,Songs For The Poor Man,2007,348.53,94.72,-12.06
4456,Kashmiri Love Song,Rudolph Valentino,Movie Stars (CD 2),1992,184.74,101.62,-20.85
4460,Katherine,Steve Riley & The Mamou Playboys,La Toussaint,1995,189.65,94.07,-8.26
4461,Kathleen's Song / Ray Lynch,Ray Lynch,Deep Breakfast,1984,250.23,139.94,-21.45
4462,Katie,Mary Black,25 Years/25 Songs,1987,283.61,116.67,-11.69
4465,Keep Hope Alive,The Crystal Method,Keep Hope Alive EP,1995,341.08,188.02,-9.28
4468,Keep It Like It Is,Louisa Mark,Breakout,2003,156.53,128.30,-14.29
4471,Keep The Change,Joe Bataan,Call My Name,2005,199.39,104.80,-8.65
4472,Keep The Circle Around,Inspiral Carpets,Greatest Hits,1999,230.06,150.23,-4.13
4481,Kettle Black,BLEED THE SKY,Murder The Dance,2008,202.92,116.06,-5.99
4482,Key To The Highway,Freddie King,The Four Kings Of Blues Guitar,1971,332.46,159.87,-13.61
4486,Kick Jump - Part Jump,Cobra Killer,Cobra Killer,1998,112.20,86.96,-10.67
4487,Kick Out The Jams,Rage Against The Machine,Live at the Grand Olympic Auditorium,2000,201.56,140.63,-2.07
4489,Kicking And Screaming,Funeral For A Friend,Memory And Humanity,2008,205.17,134.01,-3.86
4490,Kickstart My Heart (Album Version),Between The Buried And Me,The Anatomy Of,2006,295.29,89.49,-5.49
4491,Kids In the Store,George Lopez,Team Leader,2003,261.51,83.88,-15.34
4492,Kids Now,George Lopez,E.M.C. [Edited],2006,215.80,113.13,-14.40
4493,Kids Of Tragedy,Suzi Quatro,A's_ B's And Rarities,2004,207.88,124.52,-11.38
4494,Kill Me With Your Heart,Fastway,Waiting For The Roar,1986,302.16,133.39,-8.51
4495,Kill Miss America (Album Version),Murderdolls,Beyond The Valley Of The Murderdolls,2002,147.51,195.32,-4.06
4496,Kill Niggaz,Slick Rick,The Art Of Storytelling,1999,169.69,92.55,-6.67
4497,Kill the Poor,Dead Kennedys,Punk of Anagram,1980,184.95,108.98,-10.13
4498,Kill Your Darlings,Soulwax,Kill Your Darlings,1996,201.25,111.22,-8.15
4499,Killed By Love,Pursuit Of Happiness,Love Junk,1988,245.11,131.04,-9.62
4501,Killer Barracuda,Kris Kristofferson,Original Album Classics,1995,183.07,138.09,-17.31
4502,Killing,The Rapture,Echoes,2003,218.23,120.01,-7.69
4503,Killing Machine,Aiden,Knives [Clean],2009,140.41,207.97,-4.46
4506,Kindhearted Woman Blues,Robert Lockwood_ Jr.,I Got To Find Me A Woman,1998,162.46,99.70,-13.16
4509,King Kong,Shanadoo,Welcome To Tokyo,2006,225.20,142.95,-3.20
4510,King Of Pain,The Police,Certifiable,1983,318.01,86.69,-5.03
4511,King Of Rock,RUN-DMC,King Of Rock,1985,446.33,98.00,-5.19
4516,Kiss the Sky,Danielle Bollinger,When The Broken Hearted Love Again,2006,223.53,129.99,-4.52
4518,Kite Live from Sydney,U2,Window In The Skies,2007,485.20,134.08,-7.61
4519,Kitteldags,Finntroll,Jaktens Tid,2001,125.47,110.97,-5.06
4521,Kleina Wixa,AI-TIEM,Wenn hier einer schieAt_ dann bin ich das,1993,200.49,172.02,-10.62
4523,Knight -> King 4,Pagan Wanderer Lu,The Independent Scrutineer,2006,346.25,134.91,-7.52
4526,Knocked Up,Kings Of Leon,Sex On Fire,2007,466.65,114.73,-7.71
4528,Know Your Friends,Tanto Metro & Devonte,Everyone Falls In Love,1999,221.23,180.13,-10.69
4529,Knowing You'll Be There,Gaither Vocal Band,The Best Of The Gaither Vocal Band,2003,276.74,85.10,-9.89
4530,Knowledge Is King,Kool Moe Dee,Knowledge Is King,1989,219.77,107.91,-16.21
4531,Knowledge Of Self (Evol Intent Remix),BT,The Dungeonmaster's Guide,2004,253.07,136.90,-6.21
4535,Komm Computer,Frl.Menke,Hohe Berge,1982,229.51,156.41,-10.69
4537,KOOKOSP}HKIN} - I'VE GOT A LOVELY BUNCH OF COCONUTS-,M.A. Numminen,Suosituimmat Lastenlaulut,1998,168.52,134.97,-4.79
4538,Kopla ja kummisetA$?,Irwin Goodman,Keisari Irwin,1979,184.50,184.15,-7.57
4539,Korea (LP Version),Deftones,White Pony,2000,203.60,178.34,-3.15
4540,Korean Waterhole,BT,Stealth,2005,94.90,148.65,-19.35
4542,Koronoko,Rokia TraorA(c),TchamantchA(c),2008,273.08,109.80,-9.78
4544,Krause seine Kreuzpolka,Polkaholix,The Great Polka Swindle,2007,196.94,118.89,-4.59
4545,Krazy In Luv,BeyoncA(c),Crazy In Love,2003,254.98,99.69,-5.53
4546,Ku Klux Klan,Steel Pulse,Rage and Fury,1978,231.50,153.05,-6.09
4548,Kui rebeneb taevas,MetsatAPll,Aio,2010,269.82,134.90,-4.05
4551,Kuolema Tekee Taiteilijan,Nightwish,Once,2004,238.55,139.48,-12.97
4557,L.A. Arteest CafA(c),Stew,Something Deeper Than These Changes,2003,299.08,117.37,-14.02
4558,L.S.M.,Year of Desolation,Your Blood_ My Vendetta,2005,259.03,98.64,-5.28
4559,L' Envers Du DA(c)cor,Richard Galliano,French Touch,1999,261.75,76.30,-15.01
4560,L'a fAate komine,Edith Lefel,"MA""ci",1992,246.31,135.10,-11.61
4561,L'accordA(c)oniste,Les Hurlements D'leo,13 ans de caravaning,1999,182.05,104.31,-7.69
4563,L'Amour Existe Encore,Lara Fabian,Toutes Les Femmes En Moi,2009,229.72,106.01,-7.34
4565,L'Appart,Patrick Bruel,Seul Ou presque,1991,263.94,140.70,-17.86
4567,L'Aventurier,Jacques Dutronc,En Vogue,1969,151.09,98.73,-7.25
4568,L'education du corps des porcs,Les Ogres De Barback,Croc' noces,2001,287.24,149.59,-5.61
4571,L'Homme De Paille,Jacques Dutronc,IntA(c)grale Les Cactus,1989,142.92,130.20,-10.59
4572,L'horizon ChimA(c)rique,Julien Clerc,Si J'A(c)tais Elle,2000,264.93,128.55,-8.65
4573,L'idole des femmes,Pierre Perret,Le Monde de Pierrot,1994,143.46,112.03,-8.65
4575,L'ombre d'une chance,Eric Demarsan,Les rA(c)alisateurs: Les plus belles musiques de films de Jean-Pierre Mocky,2005,150.18,117.31,-13.35
4577,LA -Bas,Jean-Jacques Goldman,Live 98 En Passant,1991,501.05,148.64,-8.51
4580,La Bamba,The Tokens,Wimoweh!!! - The Best Of The Tokens,1994,154.07,83.81,-10.32
4587,La Bruja Chafa,Bobby Pulido,El Cazador,1999,182.80,179.32,-9.04
4590,La Chola Caderona,Sonora Carruseles,De Colombia Para El Mundo,1999,295.31,76.80,-3.93
4591,La clA(c) parfumA(c)e,Gabriel Yared,Azur et Asmar,2006,53.32,79.69,-23.16
4596,La Excepcion,Gustavo Cerati,AhA Vamos,2006,251.66,125.99,-4.58
4598,La fAate A  la prison,Oldelaf et Monsieur D,"DerniA""re Chance d'Aatre disque d'or (Edition SpA(c)ciale: nouvel album + best of 5 titres)",2009,296.93,145.32,-7.82
4601,La Fruta Bomba,Fruko Y Sus Tesos,Fruko Power Salsa,2000,242.76,84.75,-8.59
4603,La La,The Verve Pipe,The Verve Pipe,1999,249.29,87.15,-7.90
4604,La Ley De La Vida,Fito Paez,ConfiA!,2010,273.03,124.99,-6.12
4607,La MA(c)moire Des Jours,RaphaA<<l,La RA(c)alitA(c),2003,255.66,85.95,-12.92
4928,Listen,FFH,Voice From Home,2005,218.23,61.12,-15.14
4608,La Machine,Pascal Obispo,Les Fleurs Du Bien,2006,246.57,130.06,-8.91
4610,La MamA! De Jimmy,LeA3n Gieco,Un Leon Demente,1999,218.59,124.00,-5.41
4612,La Marca De Tus Labios,Sergio Dalma,Cuerpo A Cuerpo,1995,279.25,124.01,-6.21
4614,La Matanza,Grace Gale,Stronger_ Faster_ Science,2008,247.72,155.17,-6.53
4615,La Medalla,Los Chunguitos,La Medalla,2001,215.33,103.89,-5.55
4616,La Mona Jacinta,MarAa Elena Walsh,Todos Cantamos Con Maria Elena,2000,150.10,131.55,-12.52
4619,La Muneca de Alcazar,Quadro Nuevo,Buongiorno Tristezza,2002,232.91,144.05,-15.49
4621,La Nit De Reis,Gertrudis,Teta,2003,215.56,111.95,-6.43
4624,La paix des A(c)toiles,Alexis HK,Les Affranchis,2009,202.94,109.02,-12.49
4628,La Photo,Basement Jaxx,Jump N' Shout,1999,240.01,126.80,-8.33
4630,La Pierrade,BA(c)nabar,Best of (Deluxe Version),2007,243.59,143.14,-12.50
4634,La PrA(c)tention De Rien,Pascal Obispo,Fan,2004,237.64,130.03,-6.71
4635,La RevoluciA3n,Memphis La Blusera,Cosa de Hombres,1995,261.64,159.67,-7.16
4638,La Romance De La Pluie,Maurice Chevalier,MIMI,2000,214.52,130.28,-13.38
4639,La Rosa,Bobby Pulido,EnsA(c)A+-ame,1996,187.98,196.68,-8.43
4641,La Route Est Belle,Oztara,Ensorsoleil,2005,207.52,191.93,-5.79
4649,La vA(c)ritA(c),Annie Blanchard,Sur l'autre rive,2007,252.45,113.29,-10.02
4651,La valse du mariage,Francis Lai,Le passager de la pluie (Original Soundtrack),2003,123.25,88.97,-9.85
4652,La Vida,Los Fabulosos Cadillacs,Hola,1999,192.08,106.80,-4.54
4657,La Vie Par Procuration,Jean-Jacques Goldman,Live 98 En Passant,1985,236.09,119.04,-11.33
4658,La Vuelta,Gustavo A. Santaolalla,Ronroco,1998,186.59,159.50,-15.45
4659,Laakista humppa,Elakelaiset,Humppakonsertto,1995,67.32,116.34,-2.42
4660,Lachen und weinen,2raumwohnung,Kommt zusammen,2001,335.18,111.02,-9.32
4662,Ladies And Gentlemen,Spiral Stairs,The Real Feel,2009,65.51,100.09,-22.71
4665,Lady Marmalade,Mongo Santamaria,Afro-Indio,1975,194.77,118.30,-8.67
4671,Lake Of Dreams,Lisa Lynne,Daughters Of the Celtic Moon: A Windham Hill Collection featuring Lisa Lynne,1998,298.11,94.03,-12.81
4673,Lament for Frankie,Solas,Solas,1996,192.68,47.93,-22.19
4674,Lametavolante,Facto Delafe y las flores azules,Facto Delafe y las flores azules VS El monstruo de las ramblas,2005,127.79,194.01,-5.73
4676,Lappi Pt IV EtiA$?inen,Nightwish,Angels Fall First,1997,153.44,131.25,-9.33
4677,Laquelle Des Deux Est La Plus Snob,Jacques Dutronc,IntA(c)grale Les Cactus,1969,152.76,126.97,-9.77
4678,Larger Than Life,Backstreet Boys,Just Want You To Know,1999,236.25,112.79,-5.12
4684,Laser Show (LP Version),Fountains Of Wayne,Utopia Parkway,1999,144.72,115.69,-5.76
4685,Last Good Time In Town,Eagles,Long Road Out Of Eden,2007,427.36,115.28,-6.99
4688,Last Night,Northern State,All City (Clean),2004,208.09,129.35,-7.49
4691,Latinas,Flora Purim,Encounter,1994,222.90,136.23,-20.83
4693,Laula kanssain,Fredi,20 Suosikkia / Laula kanssain,1977,243.72,121.12,-10.61
4695,Laundry & Dishes,Adrienne Pierce,Faultline,2008,269.64,151.95,-8.43
4698,Lawyer Clark Blues,Sleepy John Estes,Working Man Blues,1965,190.28,85.19,-19.30
4701,Laziest Gal In Town,Marlene Dietrich,Marlene Dietrich,1991,158.46,99.36,-15.20
4704,LDN (Warbox Original Cut Dub),Lily Allen,LDN,2009,234.19,99.98,-7.79
4706,Le Bal Du P'tit Jardin,Gus Viseur,50 Reasons To Love Paris,2005,128.94,206.45,-16.68
4707,Le bar du grand dA(c)sir,"MichA""le Bernard",Mes premiers vinyls,2002,232.38,83.12,-12.84
4711,Le Chagrin de Coco,Alexandre Desplat,Coco Avant Chanel,2009,177.42,170.02,-21.01
4713,Le chanteur malheureux,Claude FranASSois,PODIUM,1994,197.25,134.24,-12.47
4714,Le Chat du CafA(c) des Artistes,Charlotte Gainsbourg,IRM,2009,241.66,150.26,-9.84
4723,Le gardien de musA(c)e,Les Blaireaux,En concert au Splendid,2007,297.77,140.17,-9.91
4724,Le mouton dans la baignoire,"MichA""le Bernard",Mes premiers vinyls,2002,253.65,85.44,-11.36
4727,Le poulet,Pierre Perret,Le Monde de Pierrot,1994,90.46,135.49,-11.37
4736,Le temps des cerises,"Jean LumiA""re",The Greatest Hits from 40's and 50's_ Vol. 66,2002,183.38,38.64,-10.62
4737,Le Temps Des Cerises,Toots Thielemans,Chez Toots,1998,109.17,63.33,-19.74
4742,Le Zoo De Vincennes,Benabar,Les Risques du MA(c)tier,2003,238.45,88.02,-11.26
4743,Lead Me Lord,The Brooklyn Tabernacle Choir,Praise Him...Live!,1995,324.44,216.20,-11.83
4745,Leader (Album Version),Phantom Planet,Raise The Dead,2008,169.85,179.51,-4.37
4746,Leaders Of Men,Joy Division,Let The Movie Begin,1978,141.09,150.04,-6.02
4748,Leather Prowler,Liars,Liars,2007,265.09,143.75,-10.58
4750,Leave My Kitten Alone,Little Willie John,Rhythm & Blues Vol 9,1991,147.25,105.65,-10.98
4752,LEAVE!,V V Brown,LEAVE!,2009,203.31,100.01,-6.45
4753,Leaving Melbourne,TEN MADISON,Grounded,2006,283.77,133.33,-7.83
4754,Leaving The Docks,Zbigniew Preisner,The Secret Garden,1993,87.46,120.23,-25.22
4756,Led By the Master's Hand,The Del McCoury Band,The Promise Land,2006,173.98,140.90,-9.33
4758,Left Alone...,Philip Glass,Theater Music Archive Volume 1,2007,93.34,69.98,-33.66
4760,Left For Dead (Album Version),Chimaira,Chimaira,2005,342.36,93.51,-3.16
4761,Left To Starve,Eyehategod,10 Years Of Abuse And Still Broke,1992,247.01,97.92,-11.31
4763,Lemons_ For Kevin,Alternative TV,My Life As A Child Star,1994,237.09,136.96,-13.85
4764,Lend Me Your Chopper,Johnny Osbourne,Auralux Reggae Showcase,2004,215.30,163.45,-9.74
4766,LentA$?vA$? kalakukko,Esa Pakarinen,Vuosikirja 1951 - 50 hittiA$?,1990,202.87,171.88,-15.20
4768,Leo's place,Eric Burdon,I Used To Be An Animal,1999,246.52,138.59,-12.73
4769,Lero Do Bolero,Nana Caymmi,Desejo,2001,188.66,110.41,-10.45
4771,Les Amours de Nathalie,Les Malpolis,PiA(c)denA(c)s,1998,246.70,172.06,-9.76
4772,Les chasseurs d'esclaves,Gabriel Yared,Azur et Asmar,2006,118.83,111.03,-13.01
5366,Mean Streak,Y&T,Yesterday & Today Live,1983,285.15,165.71,-9.46
4773,Les Chaudrons,AndrA(c) Minvielle,La Vie D'Ici Bas,2007,295.97,125.47,-7.63
4776,Les Corps Glorieux: III. L'Ange aux parfums,Timothy Byram-Wigfield,Olivier Messiaen: Les Corps Glorieux - Le Banquet cA(c)leste - Apparition de l'Eglise A(c)ternelle,2002,473.47,112.24,-32.93
4778,Les Deux Guitares,Jean Ferret,CABU - From Paris With Jazz: Guitar,1991,172.62,124.09,-16.53
4779,Les Femmes Des Autres,Jacques Dutronc,L' Aventurier,1969,192.34,122.23,-11.90
4780,Les Femmes Des Autres,Jacques Dutronc,IntA(c)grale Les Cactus,1969,189.86,122.83,-8.67
4781,Les Fleurs,Minnie Riperton,Les Fleurs & Other Favorites (Digitally Remastered),1990,197.69,151.75,-10.32
4782,Les Forains,Richard Galliano,Luz Negra,1999,190.75,98.99,-12.70
4786,Les Playboys (Version Espagnole),Jacques Dutronc,En Vogue,2004,189.36,112.78,-9.77
4787,Les Psys,Les Malpolis,PiA(c)denA(c)s,2003,156.03,169.33,-7.94
4792,"Les Trois OrfA""vres",Pierre Perret,Le Plaisir des Dieux,2007,132.07,177.81,-8.12
4795,Lesson Learned,Alice In Chains,Black Gives Way To Blue,2009,256.52,107.85,-3.91
4796,Let Him Fly,Patty Griffin,Living With Ghosts,1996,191.40,111.83,-9.32
4798,Let It Bang,X-ecutioners featuring M.O.P.,Built From Scratch,2001,210.08,185.50,-4.33
4800,Let It Be Me,Dionne Warwick,Pop Masters: I Say A Little Prayer For You,2006,226.59,87.45,-18.06
4806,Let It Flow (Feat. Gauran-T and Freaky Frederali),Five Fingers of Funk,About Time,1998,177.01,111.92,-10.00
4812,Let Me Be the One,Hank Locklin,Please Help Me I'm Fallin',1995,150.28,116.28,-12.80
4814,Let me fly,Jefferson Starship,Windows Of Heaven,1999,329.51,132.61,-9.86
4816,Let Me In,The Fabulous Thunderbirds,The Fabulous Thunderbirds,1979,154.54,118.02,-6.92
4817,Let Me Out,Maximilian Hecker,Infinite Love Songs,2001,295.60,65.94,-12.40
4819,Let Me Show You [I Just Want To Make You Smile],Marcus Miller,Suddenly,1983,280.14,125.15,-13.08
4820,Let Me Show You The Way (Out),Toni Braxton,More Than A Woman,2002,258.48,91.07,-4.75
4821,Let Men Burn Stars,M83,Before The Dawn Heals Us,2005,116.45,110.18,-12.69
4824,Let The Drummer Have Some,fIREHOSE,Fromohio,1989,61.83,76.35,-21.44
4829,Let Thy Ale Swing,Mithotyn,In The Sign of the Raven,1998,58.30,179.83,-5.23
4830,Let's Blame The Lightman,GWAR,Carnival Of Chaos,1997,189.57,169.24,-3.49
4834,Let's Get It Started,Black Eyed Peas,Total Workout Running 102 - 135 - 84bpm Ideal For Jogging_ Running_ Treadmill & General Fitness,2004,229.62,105.21,-4.88
4835,Let's Get It Started,Black Eyed Peas,Kids Sing Along Pac,2004,223.03,107.20,-5.94
4840,Let's Have Some Fun,Rodney O_ Joe Cooley,The Best of Rodney O and Joe Cooley,1995,222.25,99.61,-11.26
4841,Let's Lock The Door (And Throw Away The Key),Jay & The Americans,Come A Little Bit Closer,1990,149.89,131.01,-10.62
4843,Let's Make Love (Album Version),Faith Hill & Tim McGraw,Breathe,1999,252.89,146.85,-8.36
4844,Let's Plan A Robbery,Three 6 Mafia,Most Known Unknown (Screwed and Chopped),2005,213.60,130.30,-10.61
4845,Let's Roll (Take 1),J.B.Lenoir,I Feel So Good_ The 1951-54 J.O.B.Sessions,1991,169.22,150.59,-15.65
4846,Let's Seize The Time,Jimmy Cliff,The Universal Masters Collection,1973,301.71,122.77,-7.45
4848,Let's Stay Together (Together Forever),RUN-DMC Featuring Jagged Edge,Crown Royal,2001,197.77,108.07,-8.69
4849,Let's Stop Talkin' About It,Janie Fricke,American Legend,1999,194.51,130.02,-12.06
4850,Let's Wrap Up,Roy Roberts,Every Shade of Blue,1997,189.94,114.51,-16.14
4853,Letter To Heaven,Dolly Parton,Heaven,1971,155.22,114.03,-11.97
4855,Letters to Norway,Planetakis,Out of the Club Into the Night,2007,234.74,137.94,-2.02
4858,Ley Lines,Embrace the End,Ley Lines,2008,364.15,119.83,-3.60
4862,Liar in the Glass,Eyes Set to Kill,Reach,2006,238.05,91.87,-3.49
4868,Lies,Pennywise,Fuse_ The,2005,242.34,119.98,-5.81
4869,Lies Of Hate,Soul Asylum,Candy From A Stranger,1998,279.22,68.73,-6.58
4870,Life,Cece Winans,Everlasting Love,1998,249.00,124.33,-7.18
4874,Life Deprived,Old Man's Child,In Defiance Of Existence,2003,288.44,164.60,-5.52
4876,Life In Line,The Last Days Of Jesus,Alien Road,2004,209.55,125.13,-6.25
4878,Life Is Real,Ayo,Joyful,2006,534.62,122.91,-9.16
4879,Life Is Wild,The Clash,Cut The Crap,1985,159.66,150.87,-5.61
4880,Life Of A Star,MIMS,Guilt,2009,230.53,127.78,-4.21
4882,Life's Blood,Eighteen Visions,Best Of,1997,171.13,109.44,-6.08
4883,Life's Railway To Heaven,PATSY CLINE & WILLIE NELSON,Rhinestone Cowboy,1991,175.41,98.99,-6.94
4884,Lifeboat Serenade,Jimmy Herring,Lifeboat,2008,359.86,124.07,-10.00
4889,Light,Teena Marie,Starchild,1984,78.97,59.25,-22.00
4891,Light Of A Clear Blue Morning,Dolly Parton,Legends,1977,294.24,137.87,-8.78
4892,Lightning Breaks,Plasmatics,Coup D'Etat (UK),1996,168.25,134.10,-5.94
4895,Likambo,KA(c)kA(c)lA(c),Rumba Congo,2001,219.87,112.00,-11.01
4898,Like A Dog,Long Beach Dub Allstars,Right Back,1999,213.63,93.32,-6.97
4903,Like Dylan In The Movies,Belle and Sebastian,The BBC Sessions,1996,250.70,104.49,-10.50
4904,Like I Never Loved Before,Phil Vassar,Phil Vassar,2000,265.25,131.46,-8.39
4905,Like It Like That,A Tribe Called Quest,The Best Of,1998,166.87,94.97,-9.31
4911,Lil' Boy Fresh,Juelz Santana,What The Game's Been Missing!,2005,233.93,99.74,-4.15
4912,Lillie Anne,Chalk Farm,Notwithstanding,1996,294.09,191.03,-7.80
4913,Limbo Rock,Dora The Explorer,Dora The Explorer Dance Fiesta!,2006,159.29,105.02,-6.01
4914,Limelighters (feat. Camp Lo) / Flunkadelic Interlude,Aesop Rock,Bazooka Tooth,2003,273.61,57.33,-8.01
4915,Limosna De Amores,Isabel Pantoja,A Tu Vera,1999,237.32,128.50,-8.36
4918,Lindas Africanas,Africando,Martina,2003,460.49,90.86,-6.85
4920,Lingan,Atman,97 | 07,1997,341.37,109.10,-10.02
4922,Lion Paw,Fyah Blaze,Truths and Rights,2005,217.26,208.30,-5.10
4924,Lip Smacker,Poncho Sanchez,El Mejor,2004,372.38,111.99,-11.95
4926,Liquid Mercury,Jimmy Page,Outrider,1988,184.79,149.98,-10.94
4932,Little Bar Butterfly,Mae West,I'm No Angel,1996,95.09,123.20,-11.13
4933,Little Bird,Annie Lennox,Dance Vault Mixes - Little Bird (1st Set of Mixes),1992,385.02,125.03,-9.03
4934,Little Bit of Inner Air,Atomic Rooster,Made In England,1972,159.61,124.71,-9.08
4936,Little Bluebird,Little Milton,The Very Best Of Little Milton,1995,394.76,167.67,-14.25
4938,Little Brother,Grizzly Bear,Yellow House,2006,384.68,169.04,-14.20
4940,Little Drummer Boy,The Almost,X Christmas,2008,187.11,163.98,-7.39
4941,Little Edith,O'2L,Doyle's Brunch,2005,290.09,130.09,-9.34
4942,Little Girl (LP Version),Donny Hathaway,Donny Hathaway,1971,283.22,111.19,-15.14
4944,Little Latin Lupe Lu,Righteous Brothers,The Collection,1975,130.04,135.60,-11.47
4945,Little Louie Bonus,The Bucketheads,All In The Mind,1995,383.16,121.90,-16.49
4948,Little Sister,Debbie Davies,Round Every Corner,1998,225.67,116.98,-6.91
4954,Live At Brixton Academy 1999,Atari Teenage Riot,Live at Brixton Academy 1999,2000,1598.20,74.38,-7.64
4958,Lively Up Yourself,Bob Marley,Keep on Moving,1991,173.24,127.77,-7.24
4959,Liverpoolin pokia,Irwin Goodman,Dirly dirly dee,1985,157.34,155.74,-4.40
4961,Livin' A Lie (Video Mix),Milk Inc.,Double Cream,2001,204.25,141.01,-6.62
4962,Livin' Above Your Head,Jay & The Americans,Come A Little Bit Closer,2002,174.68,124.52,-10.94
4965,Livin' On The Edge,Aerosmith,A Little South Of Sanity,1993,324.07,101.66,-5.75
4969,Living The Dream,D:Fuse,Begin,2004,352.94,131.88,-12.98
4970,Living Underground,Atomic Rooster,The Greatest Hits - Vol. 1,2005,220.39,146.71,-11.70
4974,Llama y VerA!s,Luis Alberto Spinetta,Silver Sorgo,2001,209.48,196.52,-16.08
4975,Llamado De Emergencia,Daddy Yankee,Talento De Barrio,2008,239.88,195.99,-4.34
4981,Lo and Beholden,Patti Smith,Gung Ho,2000,283.19,97.15,-8.34
4984,Lo Siento En Mi CorazA3n,Luis Alberto Spinetta,Mondo Di Cromo,1983,191.61,113.10,-20.01
4985,Loaded Gun,C.C. Adcock,Lafayette Marquis_ The,2004,168.33,116.01,-7.66
4987,Loba,Shakira,Loba,2009,222.38,128.22,-5.16
4995,Locomotive (Complicity),Guns N' Roses,Use Your Illusion II,1991,524.88,118.10,-7.22
4996,Locust Reign (Live in California),Converge,Unloved and Weeded Out,2003,100.00,133.55,-3.83
4998,Loko,Kassav',Nou La,2000,335.57,98.00,-6.82
5002,Lonely,Akon,Lonely,2004,211.67,90.07,-10.87
5007,Lonely Street,Boots Randolph,Boots Randolph's Yakety Sax!,1963,150.20,101.49,-11.93
5008,Lonesome Road,Junior Kimbrough,Meet Me in the City,1997,294.77,92.32,-14.85
5010,Lonesome To The Bone,Johnny Cash,Wanted Man: The Johnny Cash Collection,1974,162.30,171.00,-10.06
5012,Long Distance Moan,Blind Lemon Jefferson,Penitentiary Blues,2007,201.80,106.80,-28.20
5014,Long Live The Party,Andrew W.K.,The Wolf,2003,240.40,191.14,-4.01
5015,Long Lonesome Blues,Blind Lemon Jefferson,The Complete Classic Sides Remastered: Chicago 1926 Disc A,1926,178.39,100.33,-24.11
5016,Long Summer Days,The Moody Blues,Caught Live + 5,1977,194.98,91.45,-9.77
5017,Long Way 2 Go (Album Version),Cassie,Long Way 2 Go,2006,222.75,52.71,-8.08
5019,Long Way From Home,The Vaughan Brothers;Stevie Ray Vaughan;Jimmy Vaughan,The Essential Stevie Ray Vaughan And Double Trouble,1990,196.57,114.09,-7.83
5020,Long Way Home,Ginny Owens,Charlotte's Web (OST),2006,256.39,120.17,-12.10
5025,Look Thru My Eyes,DMX,It's Dark And Hell Is Hot,1998,230.50,95.75,-8.67
5026,Look Up At The Stars And You're Gone,Evergreen Terrace,Losing All Hope Is Freedom,2001,159.48,112.42,-4.73
5027,Lookin' For Me Somewhere,BoDeans,Love & Hope & Sex & Dreams [Deluxe Edition],1986,186.20,156.29,-13.85
5028,Lookin' for My Baby,Little Milton,Best of 40's and 50's_ Vol. 16,1994,175.83,110.30,-11.80
5030,Looking Back,John Mayall & The Bluesbreakers,Out Of Sight: More Sounds From The In Crowd,1997,156.92,120.74,-7.17
5031,Looking Back,John Mayall & The Bluesbreakers,Looking Back,1997,157.20,131.20,-13.45
5032,Looking For A Kiss,Sex Pistols,Spunk,1977,190.75,133.60,-6.62
5033,Looking For Clues,Robert Palmer,Gold,1980,299.78,141.67,-11.51
5034,Looking In Your Eyes,Suicidal Tendencies,Join The Army,1987,167.78,166.09,-9.97
5035,Loose Talk,Carl Smith,Hey Joe,1990,152.42,113.73,-26.05
5036,Lord of Shadows and Golden Wood,Beherit,Drawing Down the Moon,1993,202.92,130.96,-18.65
5037,Lord Of The Thighs,Aerosmith,Classics Live,1974,425.04,108.66,-10.94
5041,Los Conguitos,Mongo Santamaria,Afro Roots,1959,130.01,120.45,-23.58
5046,Lose This Skin,The Clash,Sandinista!,1980,308.51,120.22,-5.49
5047,Lose Your Money,Delbert McClinton,Voices Of Americana: Delbert McClinton,2000,114.31,221.86,-10.26
5048,Losers,J.J. Cale,#8,1983,160.63,136.27,-15.60
5051,Losing Love (DJ Wout Remix),Milk Inc.,Apocalypse Cow,1999,430.65,140.02,-10.67
5053,Losing True (Album Version),The Roches,Keep On Doing,1982,295.13,147.09,-12.51
5054,Losing Weight Part 2,Cam'Ron / Juelz Santana,Come Home With Me,2002,366.05,110.57,-6.43
5055,Lost,Roger Sanchez,Lost,2006,532.38,127.93,-11.05
5056,Lost,Roger Sanchez,Lost,2006,589.87,128.00,-15.54
5057,Lost,The Cure,AOL Sessions,2004,232.49,85.01,-11.20
5058,Lost (Actress Remix),Various Production,Versus,2008,366.24,118.52,-12.99
5062,Lost In Space,Hatiras,Arrival,2001,295.39,130.02,-5.11
5063,Lost In The Funhouse Again,Michael Stanley Band,You Break It...You Bought It!,1975,220.06,140.65,-12.25
5064,Lost In The Future,Sneaky Sound System,Sneaky Sound System,2008,225.83,130.05,-3.95
5068,Lost Tribe,Moving Ninja,Shellcode,2005,287.01,90.17,-8.72
5069,Lotion (LP Version),Deftones,Around The Fur,1997,237.74,102.72,-3.59
5071,Loud & Clear (featuring Defari_ King T & Butch Cassidy),Xzibit,Restless,2000,213.79,96.57,-6.07
5073,Loud Up!!,The Mad Capsule Markets,1997-2004 (Hits),2004,161.02,170.94,-4.28
5075,Louise,Willy DeVille,PISTOLA,2008,282.30,60.65,-8.98
5076,Loup Garou,Deville_ Willy,Loup Garou,1996,291.92,103.26,-13.75
5079,Love & Devotion,Sizzla,Riddim Driven: Wanted,2003,197.49,131.87,-6.38
5081,Love & Understanding,Lady Saw,Give Me The Reason,1996,218.41,67.14,-11.50
5082,Love Ain't A Play Thing,Earl Hooker,Two Bugs And A Roach,1968,298.92,94.10,-14.48
5083,Love Ain't No Stranger (2003 Digital Remaster),Whitesnake,Best Of Whitesnake,2003,252.08,125.02,-8.71
5088,Love Attack,Kim Wilson,Lookin' For Trouble!,2003,286.51,119.64,-8.10
5091,Love Can Run Faster,Robert Palmer,Double Fun,1978,247.95,119.39,-17.66
5095,Love Dump (Clean Album Version),Static-X,Wisconsin Death Trip,1999,259.63,130.10,-7.30
5098,Love Happens Just Like That (LP Version),Bryan White,How Lucky I Am,1999,166.24,107.67,-5.80
5099,Love In Time,Esperanza Spalding / Leo Genovese,Esperanza,2008,345.55,171.99,-15.53
5100,Love Is All Around,Wet Wet Wet,Picture This,1994,246.39,84.08,-6.57
5103,Love Is Gonna Bring Us Back Alive,Rickie Lee Jones,Flying Cowboys,1989,291.58,189.52,-19.54
5106,Love Is So Unkind (Album Version),Gabriela Anders,Wanting,1998,228.07,148.12,-9.39
5108,Love Is What We Make It,Kenny Rogers,Very Best Of Kenny Rogers,1999,258.90,156.51,-15.84
5110,Love Letter,Gerald Veasley,Love Letters,1999,251.22,76.69,-11.73
5112,Love Lights,The Sonics,Fire and Ice II - The 'Lost' Tapes,1967,171.15,163.37,-14.88
5113,Love Like This,Natasha Bedingfield,Love Like This,2008,341.42,162.33,-8.65
5115,Love Me,Jars Of Clay,Mini Monsters EP,2006,191.82,128.02,-4.89
5116,Love Me,Jeanne Pruett,Satin Sheets,1973,193.02,113.38,-18.61
5119,Love My Way,William Orbit,Best Of Strange Cargo,1987,159.11,98.82,-20.14
5120,Love N' Gold,C.C. Adcock,Lafayette Marquis_ The,2004,272.95,162.02,-5.52
5125,love shelter,Sundial Aeon,Apotheosis,2007,459.94,90.01,-11.79
5132,Love Thing,Bebe Winans,Live Up  & Close,2002,278.23,161.41,-10.49
5133,Love Unlimited (Explicit),Fun Lovin' Criminals,100% Colombian,1998,205.66,94.08,-7.12
5136,Love You Again,Marc Dorsey,Crave,1999,301.50,137.95,-7.01
5137,Love You to Pieces,Lizzy Borden,Love You To Pieces,1985,232.99,90.13,-4.12
5141,Loveless,Tullycraft,The Singles,1999,206.13,144.44,-15.80
5142,Lovely Day,Lit,A Place In The Sun,1999,246.80,135.02,-3.93
5145,Lover In Demand,Delbert McClinton,Voices Of Americana: Delbert McClinton,2000,105.35,112.05,-11.19
5146,Loverman,Nick Cave & The Bad Seeds,Let Love In,1994,382.01,137.59,-7.97
5151,Lovin' You,Minnie Riperton,Love To Love,1974,224.68,122.83,-13.90
5154,Loving You Too Long,Billy Bragg,Billy Bragg Vol.1,2006,173.50,83.48,-7.34
5159,Lullaby,Dixie Chicks,Taking The Long Way,2006,351.84,109.74,-12.75
5161,Lullaby [With Ladysmith Black Mambazo] (Album Version),Josh Groban,Awake,2006,152.03,91.09,-15.95
5162,Lullaby For The Dead In Our Life,Lexie Mountain Boys,Sexy Fountain Noise,2006,239.57,51.93,-19.07
5163,Lullaby For The Summer,Jimi Hendrix,Valleys Of Neptune,2010,228.91,86.10,-7.05
5164,Luminous Bliss,Atman,97 | 07,2005,290.48,118.06,-8.73
5165,Luna de miel en Guama,Arturo Sandoval,Best Of Arturo Sandoval,1997,238.29,138.73,-11.40
5168,Lunes Por La Madrugada,Los Abuelos De La Nada,El Album,1984,194.01,139.69,-14.41
5176,M 14,Derek Bailey,Improvisation,1975,237.53,61.31,-13.28
5183,Ma PrA(c)fA(c)rence (Live),Julien Clerc,Olympia 94,1994,266.29,97.01,-12.62
5184,Ma Rainey's Black Bottom,Ma Rainey,Ma Rainey,1927,188.94,99.08,-17.71
5186,Ma vie n'est pas la tienne (album),Najoua Belyzel,Au FA(c)minin,2009,237.71,112.97,-7.88
5190,MA(c)dium,Gustavo Cerati,AhA Vamos,2006,333.19,196.43,-7.00
5193,MA$?dchen mit Plan,2raumwohnung,In wirklich,2002,272.95,124.02,-9.85
5194,Macarena,Los Del Rio,Fiesta Macarena,1993,249.50,206.02,-12.01
5195,Macarena,Los Del Rio,Party Time,1993,251.22,206.38,-5.22
5196,Machine Gun Majesty [Live] (Album Version),Soilwork,The chainheart machine,2000,323.21,93.24,-3.05
5197,Machinenfunk,1. Futurologischer Congress,SchA1/4tzt die Verliebten,1982,204.93,146.04,-10.64
5198,Machopolka,Polkaholix,The Great Polka Swindle,2007,190.56,144.00,-6.20
5201,Mad About the Boy,The Radio Dept,Are You Scared To Get Happy?,2006,207.20,124.97,-11.95
5204,Madazulu,Deep Forest,Made In Japan,1997,301.06,133.39,-8.69
5211,Magdalaine,L.A. Guns,Cocked & Re-Loaded (Millenium Edition),1989,398.45,150.30,-9.24
5212,Magic,Black Eyed Peas / Terry Dexter,Legally Blonde,2000,275.04,103.65,-3.57
5217,Magnificent Obsession,Fehlfarben,Glut Und Asche (Remaster),1983,291.13,122.75,-8.98
5218,Mahafinaritra,Rajery,Volontany,2005,219.48,132.67,-8.24
5219,Mai,Loudermilk,The Red Record,2002,272.04,112.40,-6.56
5220,Mai [Live],Josh Groban,Awake Live,2008,282.85,125.96,-7.34
5221,Maiden Voyage (Rudy Van Gelder Edition) (2006 Digital Remaster),Bobby Hutcherson,Happenings,1967,349.73,86.45,-12.94
5222,Mailbox Arson,Alexisonfire,Crisis,2005,212.11,89.89,-4.83
5223,Main Street Eyes,Iggy Pop,Brick By Brick,1990,221.44,131.81,-11.28
5225,Main Title,Christophe Beck,Elektra,2002,91.22,131.49,-26.63
5226,Main Title,Jerry Goldsmith,The Sand Pebbles,1966,169.14,138.31,-23.82
5230,Mais La Vie,Maurane / Lara Fabian,Quand L'Humain Danse,2003,198.87,107.09,-13.64
5231,Make A Move On Me,Joey Negro,The Very Best Of Euphoric Dance Breakdown,2005,535.69,128.32,-6.98
5232,Make It Funky (Album Version),Information Society,Information Society,1988,68.36,149.91,-19.78
5233,Make It Last,The Ataris,...Anywhere But Here,1997,99.50,228.64,-5.30
5234,Make it up,Anthony Cruz,Tsahai Riddim (aka Receive),2005,264.15,95.37,-11.40
5235,Make It With You,Sugar Minott,Good Thing Going,2007,207.91,148.38,-12.69
5236,Make Me Bad,Korn,Crossing All Over Vol. 12,1999,231.73,110.07,-6.38
5237,Make Me Believe,Martina McBride,Emotion,1999,230.66,159.89,-6.15
5239,Make My Home Where I Hang My Hat,Johnny Copeland,Down On Bended Knee,1983,206.00,94.55,-13.03
5549,Molly Darling,Eddy Arnold,Cattle Call,1956,183.51,120.42,-16.97
5240,Make That Money (Scrooge's Song) (Album Version),Alice Cooper,Zipper Catches Skin,1982,209.48,92.69,-11.00
5241,Make The World Go Away,Ray Price,Karaoke: Country Super Stars - Singing to the Hits,1989,125.15,126.71,-12.82
5242,Make This Love Last,Wendy Moten,Wendy Moten,1992,230.37,109.00,-8.63
5243,Makin' Believe,Kitty Wells,Backline Volume 56,1990,165.62,117.82,-10.32
5246,Malice,Behemoth,Thelema 6,2000,146.47,126.15,-5.50
5250,Mama Kin,Guns N' Roses,Lies / Appetite For Destruction,1986,237.14,156.65,-8.59
5252,Mama's Boy,Suzi Quatro,The Wild One - The Greatest Hits,1979,217.47,168.17,-11.31
5253,Mambo Bacan,Line Renaud,Les AnnA(c)es Chansons,1994,157.94,121.85,-11.05
5256,Mambo Suavecito,Tito Puente,Mamborama,1993,178.47,179.59,-13.81
5257,Mambo Tipico,Tito Puente,Mamborama,1993,180.01,146.24,-10.70
5260,Man  On The Side,Bill Perry,Raw Deal,2004,217.89,107.08,-6.62
5262,Man I Used To Be,K-OS,Joyful Rebellion,2004,304.17,104.13,-8.61
5263,Man In A Suitcase,The Police,Message In A Box,1980,137.46,159.11,-11.64
5265,Man No Sober (LP Version),Steel Pulse,True Democracy,1982,266.06,153.26,-10.76
5266,Man Of No Reputation,Bob Carlisle,Collection: B. Carlisle,1994,331.26,103.63,-16.20
5269,Mango Del Monte,Tito Rodriguez,A Man And His Music  - El Inolvidable,2001,176.59,103.17,-10.32
5270,Mangos,Kai Winding,The Incredible Kai Winding Trombones,1961,223.48,112.01,-14.44
5271,ManhAPS de Carnaval,Luiz Bonfa,Solo in Rio 1959,1989,147.88,104.48,-24.34
5272,ManhAPS de Carnaval (Morning of the Carnaval) (Cantando As MAosicas do Film Orfeo do Carnaval),JoAPSo Gilberto,Chega de Saudade,1959,153.70,91.49,-14.96
5273,Manies Manigances,Maurane,Differente,1995,172.17,130.99,-8.40
5274,Manila,Martin Denny,Singing Bamboos,1996,144.72,125.05,-17.31
5276,Manteca,Poncho Sanchez,Papa Gato,1987,350.28,221.81,-15.82
5277,Manuel SantillA!n_ El LeA3n (VersiA3n Reggae),Los Fabulosos Cadillacs,Vasos VacAos,1993,239.67,214.94,-4.88
5278,Manuel's Mambo,Cal Tjader,Latin Kick,1956,197.22,176.28,-23.55
5279,Many Are We,Keep Of Kalessin,Armada,2006,292.41,110.04,-5.38
5282,Map Your Psyche,Busdriver featuring Abstract Rude & Ellay Khule,Fear Of A Black Tangent,2005,255.63,114.90,-12.09
5283,MAPnchengladbach Love,Eko Fresh feat. Summer Cem & DJ Ses,Ich bin jung und brauche das Geld,2003,244.64,91.99,-6.52
5286,Maracaia,Timbalada,Alegria Original,2006,242.10,180.06,-7.20
5288,Marbles,Spunk,En Aldeles Forferdelig Sykdom,2005,139.23,118.72,-14.11
5291,Marcel,Pierre Perret,Le Monde de Pierrot,1994,277.21,111.68,-10.42
5292,Marching,The Zebras,Worry a Lot,2006,131.68,151.20,-6.58
5299,Maria De Santiago,Jeremy Spencer,Precious Little,2006,235.05,126.19,-8.75
5300,Maria Morena,AndrA(c) Verchuren,Les Increvables N1,1989,139.62,120.64,-10.06
5303,Marie Marie,Wendo Kolosoy,The Very Best of Congolese Rumba : The Kinshasa-Abidjan Sessions (le meilleur de la rumba congolais,1993,397.77,81.25,-6.82
5305,Marilyn,Juice Leskinen,Lauluja rakastamisen vaikeudesta,1994,158.46,180.80,-11.57
5307,Mark My Words (Album Version),Hatebreed,Satisfaction Is The Death Of Desire,1997,111.23,202.65,-5.67
5310,Marrakech,ATB,No Silence,2004,262.22,133.00,-6.40
5314,Martha Served,I Hate Sally,Don't Worry Lady,2007,163.63,77.15,-5.80
5315,Marvel Hill,The Cardigans,Gran Turismo,1998,255.40,105.92,-8.02
5316,Mary Had A Little Boy (Maestro Mix),SNAP!,Attack - The Remixes Part 1,1996,327.78,121.10,-10.23
5317,Mary Had A Little Lamb,Dora The Explorer,Dora The Explorer Party Favorites,2008,169.09,141.96,-3.22
5318,Mary Had A Little Lamb,Stevie Ray Vaughan And Double Trouble,Soul To Soul/ Texas Flood/ Couldn't Stand The Weather,1988,166.74,122.55,-14.37
5319,Mary Had A Little Lamb,Stevie Ray Vaughan And Double Trouble,Texas Flood,1988,166.74,122.55,-14.37
5320,Mary In Labor,Paul Cantelon,The Other Boleyn Girl,2008,210.55,41.13,-22.79
5323,Mas P**' (America'S Mexican),George Lopez,America's Mexican,2007,238.99,120.49,-8.87
5324,Mas Que Nada,Sergio Mendes / Black Eyed Peas,Mas Que Nada - Full Phatt Remix,1985,267.21,101.06,-6.07
5326,Mass Destruction,Faithless,Live At Alexandra Palace,2004,259.87,88.74,-5.51
5329,Master Of Disharmony,Dimmu Borgir,Death ... Is just the beginning Vol.4,1996,282.54,140.46,-4.20
5330,Master Of The Universe,Sick Puppies,Tri-polar (Edited),2009,212.92,209.74,-5.43
5331,Master_ Faster_ Sweet Desaster,Nightfall,Diva Futura,1999,207.78,101.99,-5.92
5333,Matador,Los Fabulosos Cadillacs,Vasos Vacios,1993,273.79,193.58,-10.27
5334,Matarlatanta,Ghorwane,Majurugenta,1993,343.41,78.67,-12.35
5335,Mate Tron,Luke Vibert,Mate Tron,2007,420.15,125.01,-9.80
5336,Mathilda,The Fabulous Thunderbirds,Butt Rockin',1981,196.44,115.48,-8.04
5338,Matilda Mother (Stereo) (2007 Remaster),Pink Floyd,The Piper At The Gates Of Dawn,1967,187.43,54.40,-10.81
5340,Matter Of Fact,Love Jones,Here's To The Losers,1993,384.13,102.47,-7.48
5341,Matti Ja Teppo,Jope Ruonansuu,Kunnioittaen-Yhden miehen tribuutti,2009,216.63,127.97,-7.71
5342,Maudits anglois,Alexis HK,Les Affranchis,2009,202.58,160.07,-12.22
5344,May The Good Lord Bless And Keep You,Jim Reeves,Christmas Songbook,2000,155.40,87.04,-22.38
5345,Maybe,Janis Joplin,Janis,1969,246.73,151.72,-12.49
5347,Maybe Someday...,Simply Red,Men And Women,1987,258.09,83.73,-9.38
5349,Mayday,Natural Elements,Lyricist Lounge Vol. 1,1998,338.10,185.88,-6.32
5350,Mazurcas das RAas Baixas,Susana Seivane,Os soA+-os que volven,2010,294.06,150.78,-14.47
5353,McHattie's Waltz,The Waybacks,Devolver,2000,288.50,240.98,-13.92
5357,Me Duele,Joe Lopez,A.B. Quintanilla III Presents Joe Lopez,2004,199.37,161.98,-7.43
5358,Me Falta El Aliento,Estopa,X Anniversarivm,1999,226.51,170.74,-4.87
5361,Me Recuso,Gal Costa,Caras E Bocas,1977,252.03,149.04,-17.23
5364,Mean Machine (Remastered LP Version),Sugar Ray,The Best Of Sugar Ray,2005,161.83,92.30,-4.07
5365,Mean Old World Blues,T-Bone Walker,My Baby Left Me,1983,174.97,87.06,-15.85
5368,Meathead (Album Version) (Non-PA),Story Of The Year,In The Wake Of Determination,2005,145.40,209.70,-4.22
5369,Medicate Myself,The Verve Pipe,Underneath,2001,292.83,133.31,-4.95
5370,Medicine,Bobaflex,Apologize For Nothing,2005,151.43,104.08,-4.52
5382,Meet Me In The Bathroom,The Strokes,Room On Fire,2003,177.19,93.32,-3.99
5383,Meet Me in the City,Junior Kimbrough,Meet Me in the City,1997,190.07,129.58,-14.02
5384,Meeting Daisy,Alexandre Desplat,Music from the Motion Picture The Curious Case of Benjamin Button,2008,81.71,244.27,-23.47
5387,Megalodon,Mastodon,Leviathan,2004,262.90,146.00,-7.63
5392,Mein Herz kann man nicht kaufen,Gall_ France,En Allemand - Das Beste Auf Deutsch,2006,162.79,131.61,-9.18
5396,Melodia Simple,La Mancha De Rolando,Viaje,2003,243.98,100.05,-4.30
5402,Memorabilia,Nine Inch Nails,The Downward Spiral - Deluxe Edition,1994,441.97,133.90,-6.96
5403,Memories,George Lopez,Right Now Right Now,2001,153.50,118.06,-16.02
5405,Memory,Uphill Battle,Blurred 1999-2004,2002,210.36,137.91,-6.47
5406,Memory In The Snow,Michael Gettel,Places In Time,1992,221.91,138.10,-13.08
5407,Memphis,Bob Marley,Top Ranking Reggae - Bob Marley - Soul Almighty,1999,177.71,180.88,-15.02
5408,Memphis In The Meantime,John Hiatt,Greatest Hits: The A&M Years '87- '94,1987,239.54,181.36,-8.63
5409,Memphis Jug,Memphis Jug Band,The Best Of The Memphis Jug Band,2001,187.53,141.19,-17.19
5412,Mental Beat,Hanoi Rocks,Back to Mystery City,1983,304.22,135.65,-4.46
5416,Menutha,Tony Joe White,Album 95,1999,252.11,136.62,-9.65
5418,Mercury & Solace,BT,In Search Of Sunrise 1,2000,506.28,136.00,-11.59
5420,Mermaid,Grayson Capps,Wail & Ride,2006,236.59,132.68,-9.07
5422,Merry-Go-Round,Helen Hobson,Hobson's Choice,1996,176.98,107.54,-24.63
5423,Merry-Go-Round,MAPtley CrA1/4e,Too Fast For Love,1981,201.40,121.69,-7.61
5424,Merry-Go-Runaround,Bob Hope,Thanks For The Memory,2003,147.72,133.33,-13.21
5431,Metal,Nine Inch Nails,Things Falling Apart,2000,426.89,63.02,-12.95
5433,Metal Militia,Metallica,Kill 'Em All,1982,311.20,88.73,-9.51
5434,Metamorphosis,Amoral,Wound Creations,2001,306.39,129.96,-5.31
5441,Mexican Joe,Jim Reeves,RCA  Country Legends,1990,157.62,126.69,-9.61
5442,Mi Alma Esta Enamorada,Bobby Pulido,EnsA(c)A+-ame,1996,233.06,199.83,-9.43
5445,Mi CorazA3n Y Mi Mente,Bobby Pulido,El Cazador,1999,207.99,160.67,-8.97
5449,Mi Morena (Revised Live Version),Josh Groban,Live At The Greek,2004,286.28,142.98,-10.44
5458,Micael,Juana Molina,Son,2006,183.64,123.28,-12.06
5460,Michael A Grammar,Broadcast,Tender Buttons,2005,237.01,85.74,-9.66
5461,Michael Nobody aka Poetic Death,Snowgoons,A Fist In The Thought,2009,197.85,80.51,-6.01
5462,Michaelangelo,23rd Turnoff,The Psychedelic Scene,2001,143.80,91.12,-11.69
5464,Midnight,Joe Satriani,G3 Live:  Rockin' in the Free World,1987,185.70,83.96,-16.10
5466,Midnight  (LP Version),Axe,Nemesis,1983,211.54,157.61,-7.47
5469,Midnight In Memphis,J.J. Cale,The Very Best Of J.J. Cale,1997,263.94,111.49,-14.29
5470,Midnight Jump,Sunnyland Slim,Be Careful How You Vote,1994,246.05,186.51,-18.68
5471,Midnight Lovers,Wyclef Jean,Masquerade,2002,7.13,195.21,-13.56
5472,Midnight Rider,Buddy Miles,Best Of Buddy Miles,1997,218.36,94.57,-9.98
5475,Midnight Train,Darden Smith,After All This Time: The Best Of Darden Smith,1990,226.32,154.40,-8.67
5477,Mientras me quieras,Tranzas,Por Siempre,2000,213.71,112.05,-7.75
5478,Miesten tA$?hden,Rauni Pekkala,20 suosikkia / ToiveiskelmiA$? 3 / Virran viemA$?A$?,1994,162.14,93.66,-9.81
5483,Miina ja Mikko markkinoilla,Esa Pakarinen,Esa Pakarinen,1990,119.27,178.94,-13.31
5485,Mikawa Miya,Novika,Tricks Of Life,2006,268.90,90.02,-9.66
5486,Mikhail's Dream,Stephan Micus,Desert Poems,2001,504.95,92.20,-19.57
5488,Mile High and Risin',Roger Clyne & The Peacemakers,Sonoran Hope and Madness,2002,170.81,149.01,-5.03
5490,Milk Cow Blues,Cliff Bruner,Blues Legends 1930 - 1939,2004,188.32,161.25,-13.84
5491,Milkcow Blues,Aerosmith,Pandora's Box (Display Box),1991,255.66,103.98,-10.67
5494,Mill Creek,Darden Smith,Circo,2004,234.74,120.05,-14.18
5496,Million Miles,Blue Rodeo,The Things We Left Behind,2009,543.97,99.64,-8.25
5501,Mind Control,Stephen Marley,Mind Control,2005,270.05,118.14,-9.36
5503,Mindless,Steve Porter,Sensor,2000,509.34,139.04,-9.37
5504,Mine Again,Mariah Carey,The Emancipation of Mimi,2005,241.66,131.76,-9.64
5505,Mine All Mine,Jimmy Wakely,Vintage Collections,2005,178.10,92.60,-16.63
5507,Minha Namorada,VinAcius de Moraes,20 Grandes Sucessos De Vinicius De Moreas,1965,243.54,62.78,-17.67
5512,Miracle,Bizarre Inc,Surprise,1996,420.10,139.91,-9.06
5514,Mirror (Album),Cinder,House Full Of No Trust,2006,167.26,120.12,-4.63
5524,Miss Elaine,RUN-DMC,Tougher Than Leather,1988,185.23,124.99,-4.92
5526,Miss X (LP Version),MC5,High Time,1971,307.72,75.71,-8.39
5534,Missionary Man,Eurythmics,Revenge,1986,269.95,124.97,-4.36
5535,Mississippi Boweavil Blues,Charley Patton,Charley Patton Vol. 1 (1929),1929,191.11,114.18,-14.87
5536,Mistadobalina,Del Tha Funkee Homosapien,The Best Of Del Tha Funkee Homosapien [The Elektra Years]: The B-Boy Handbook,1991,257.70,99.57,-9.50
5538,Misty Blue,Billie Jo Spears,Country Greats,1976,159.82,101.63,-15.34
5539,Misty Bog,Winifred Phillips,SimAnimals,2009,80.61,144.84,-13.51
5540,Misty Mountains,Mando Diao,Never Seen The Light Of Day -Deluxe Version,2007,144.04,152.04,-3.94
5541,Misty Valley,Frank Chacksfield & His Orchestra,Velvet And Lovely Lady,2001,155.38,151.20,-19.61
5542,"mixture of noize (part two: ""walter sobchak"" - live extract)",Aphasia,Brain Patch Error,2001,984.55,65.01,-4.18
5546,Mohair Locker Room Pin-Up Boys,Adam Ant,Ants Remastered Boxset,1998,226.51,82.05,-12.11
5548,Moisture,Dishwalla,Live&Greetings From the Flow State,1995,540.42,183.66,-6.68
5550,Molten,Digital Mystikz,Tectonic Plates 03,2006,299.49,143.01,-6.30
5560,Monarchy Now,Falco,Nachtflug,1992,252.97,94.78,-8.73
5561,Monday Morning Blues,Mississippi John Hurt,The Immortal,1967,238.94,174.23,-23.98
5563,Monde De Fou,Suburbs,Un Titre de Toune,2005,187.25,183.92,-4.42
5565,Money Didn't Change Me,Three 6 Mafia,Da Unbreakables (Explicit Version),2003,190.75,155.08,-5.72
5572,Monkey Junction,Weedeater,And Justice for Y'all,2001,269.01,142.64,-9.04
5574,Monopoly On Sorrow,Suicidal Tendencies,The Art Of Rebellion,1992,312.55,130.35,-6.61
5575,Monsieur qui s'engraisse,"MichA""le Bernard",Mes premiers vinyls,2002,212.14,109.97,-12.88
5576,Monsoon,Jack Johnson,Sleep Through The Static: Remixed,2008,264.83,142.45,-6.89
5580,Mood Ring,Paul Thorn,Aint Love Strange,2006,236.54,159.89,-8.15
5582,Moon Going Down,Charley Patton,Essential Delta Blues,1930,196.62,107.88,-15.16
5589,Moonlight Serenade,Klaus Badelt,Pirates Of The Caribbean Original Soundtrack,2003,128.63,138.54,-10.30
5591,Mopao,Africando All Stars,Mandali,2003,274.26,167.68,-8.04
5592,More,The Crystal Method,Keep Hope Alive EP,1997,357.64,114.31,-10.85
5599,More Than Words,Tom Barabas,Tom Barabas Live,1992,276.79,138.83,-22.65
5600,More to This,Information Society,Synthesizer,2007,233.43,220.03,-6.21
5606,Mornin' Glory,Glen Campbell And Bobbie Gentry,The Best of Bobbie Gentry: The Capitol Years,1968,183.12,101.58,-13.88
5607,Morning,Poncho Sanchez / Dianne Reeves,Morning Cup Of Jazz,1999,355.06,215.46,-9.68
5608,Morning at the hotel,Zbigniew Preisner,3 Couleurs : Blanc,1994,146.47,82.26,-16.89
5609,Morning Bird,Sade,Soldier of Love,2010,234.27,87.55,-17.28
5611,Morning Glow,Michael Jackson,Gold,1973,217.97,100.65,-8.49
5619,Moses,Patty Griffin,Living With Ghosts,1996,208.33,95.74,-7.85
5620,Mosquito Coil,Zeromancer,Zzyzx,2003,277.81,93.00,-8.70
5621,Moss Garden (1999 Digital Remaster),David Bowie,Heroes,1977,305.06,221.66,-16.60
5622,Mostly Tha Voice (Explicit),Gang Starr,Hard To Earn,1994,218.38,91.40,-10.11
5627,Mother-In-Law Blues,Little Jr. Parker,Blues Consolidated,1958,154.83,101.91,-14.93
5632,Mothers Rastas,Taya wooden,Mone Zion,2007,267.60,160.25,-24.45
5634,Motivator,Midwest Product,World Series Of Love,2003,301.74,141.00,-8.87
5635,Motorcycle girl,Eric Burdon,My secret life,2004,232.65,145.86,-7.11
5636,Motownphilly,Boyz II Men,Cooleyhighharmony - Expanded Edition,1991,245.76,112.26,-7.94
5638,Mountain Theme,Bruce Rowland,The Man from Snowy River,1982,114.00,120.66,-21.14
5641,Move On,Paul Stanley,Paul Stanley,1978,191.56,140.17,-7.20
5642,Movement 4 [from Kiss] (Album Version),John Cale,Eat / Kiss: Music For The Films By Andy Warhol,1997,228.47,137.00,-12.41
5644,Moving Mountains,Usher,Moving Mountains,2008,309.84,126.96,-5.69
5645,Moving On,Constance Demby,Set Free - The Definitive Edition,1989,285.75,153.94,-13.13
5647,Mozart,Suzanne Ciani,Pianissimo,1989,192.21,139.19,-23.99
5650,Mr. Bozack,EPMD,Business As Usual,1990,159.27,173.42,-11.50
5651,Mr. Brightside (Jacques Lu Cont's Thin White Duke Mix),The Killers,Rock Hits Workout 45 Minute Continuous Fitness Music Mix. 114Bpm  152Bpm For Jogging_ Cycling_ Spin,2005,527.99,134.02,-8.36
5656,Mr. Prime Minister,Ms. Dynamite,Judgement Days,2005,286.33,125.92,-9.90
5657,Mr. Sellack (Album Version),The Roches,The Roches,1979,243.51,131.84,-19.51
5658,Mr. Wonderful,Peggy Lee,Happy Day Collection - Fonzie's Women,1992,200.67,120.72,-13.27
5662,Much Against Everyone'S Advice (Dave Bascombe Radio Mix),Soulwax,Much Against Everyone's Advice,2000,171.47,137.33,-8.10
5664,Muh- F***a,Redman,Malpractice,2001,199.81,92.80,-3.58
5668,Multiplayer,Babylon Disco,Natsukashii,2007,181.39,89.99,-16.16
5670,Mumbo Jumbo (jazz),Chris Standring,Soul Express,2006,257.59,97.96,-9.45
5673,Murder Academy,Ultraviolence,Psycho Drama,1995,303.05,210.47,-10.57
5674,Murder In The Graveyard,Screaming Lord Sutch,Monster Rock,1982,184.06,144.10,-11.59
5675,Murder One,Bone Thugs-N-Harmony,BTNHRESURRECTION,2000,255.74,101.17,-5.72
5677,Murphy Lee,Murphy Lee / Zee,Murphy's Law,2003,268.90,92.04,-4.94
5678,Music And Politics,The Disposable Heroes Of Hiphoprisy,Hypocrisy Is The Greatest Luxury,1992,241.53,108.62,-18.45
5680,Music For The Head,Porcupine Tree,On The Sunday Of Life,1991,162.06,44.82,-25.75
5681,Music In Dreamland,Be Bop Deluxe,Air Age Anthology,1975,285.15,126.73,-11.97
5682,Music Is The Healing Force Of The Universe,Albert Ayler,Nuits De La Fondation Maeght 1970,1969,632.35,71.64,-9.80
5684,Music Of The Sun,Rihanna,Music Of The Sun,2005,235.99,85.98,-8.30
5687,Musical 69,Pepper,Pink Crustaceans and  Good Vibrations,2008,172.88,98.17,-5.94
5688,Musical Episode,Horace Andy,Exclusively,2005,234.45,102.06,-10.17
5689,Must Have Been The Devil,Otis Spann,Windy City Blues,1990,160.84,99.46,-13.39
5690,Mutations,Salt The Wound,Ares,2009,151.09,144.68,-5.42
5693,My Babe,Lightnin' Slim,The Original Blues,1997,177.68,94.72,-16.55
5695,My Baby (Feat. Kanye West),Janet Jackson Featuring Kanye West,Damita Jo,2004,257.15,191.41,-6.95
5697,My Baby Likes To Shuffle,Sonny Terry,Blowing The Blues,1994,149.42,150.06,-17.29
5699,My Buddy,Alvino Rey And His Orchestra,Big Band Favourites Vol 1,2005,193.75,101.31,-18.27
5701,My Butcher Man,Memphis Minnie,Queen Of Country Blues,1991,180.30,107.45,-16.54
5703,MY CONSOLATION (LP Version),Silverstein,18 CANDLES: THE EARLY YEARS,2006,242.83,202.07,-6.82
5704,My Dear,Tha Liks featuring Defari,X.O. Experience,2001,233.93,184.05,-5.03
5705,My Fault (LP Version),Faces,Ooh La La,1973,187.43,119.03,-9.36
5707,My FoFo  (Album Version - Amended),Fat Joe,All Or Nothing,2005,235.21,80.87,-7.00
5709,My Friend the Blind,Workhorse,Beasts of Burden,2007,276.38,132.09,-6.79
5710,My Funny Valentine,Arturo Sandoval,Trumpet Evolution,2003,266.61,61.02,-14.82
5850,New Born Soul,The Blind Boys Of Alabama,Atom Bomb,2005,176.40,86.37,-10.84
5711,My Funny Valentine,Jeanie Lambe & The Danny Moss Quartet,Three Great Concerts - Live In Hamburg 1993-1995,1996,204.62,67.60,-15.10
5713,My God  (Audio Adrenaline Album Version),Audio Adrenaline,Audio Adrenaline,1992,219.11,101.24,-9.02
5714,My God Will Always Be Enough,Karen Peck And New River,The Best Of Karen Peck And New River,2000,280.50,76.72,-13.84
5715,My Greatest Desire,Faye Adams,Shake A Hand,1961,144.12,110.32,-11.51
5717,My Heart Goes Up,Keira Green,My Heart Goes Up,2004,181.26,140.98,-7.28
5719,My Heart Is Yearning,NOFX,Punk In Drublic,1994,143.65,156.08,-11.66
5721,My Heart's Desire,Kane,As Long As You Want This,2004,261.30,120.61,-13.87
5722,MY HERIONE (Acoustic Version),Silverstein,18 CANDLES: THE EARLY YEARS,2006,214.05,150.13,-7.90
5726,My Last Date (With You),Skeeter Davis,The Essential Skeeter Davis,1988,153.50,98.66,-10.49
5727,My Last Date (With You),Skeeter Davis,The Country Queen,1988,146.29,102.12,-12.44
5728,My Life Is Totally Boring Without You,Cracker,Gentleman's Blues,1998,196.60,107.85,-8.75
5729,My Life Would Suck Without You,Kelly Clarkson,My Life Would Suck Without You,2009,230.63,135.91,-5.95
5731,My Little Girl,The Jeff Healey Band,LIVE AT MONTREUX,1988,223.92,126.16,-7.46
5736,My Maria (LP Version),Martin Sexton,The American,1998,244.43,86.81,-10.22
5739,My Mind Is Gone,3 Steps Ahead,Most Wanted & Mad,1997,45.50,74.55,-16.46
5740,My Mind's Eye,Small Faces,From The Beginning,1966,121.73,116.66,-7.12
5741,My Never,Blue October,Approaching Normal,2009,225.67,103.65,-12.64
5742,My Old Man Boogie,The Reverend Peyton's Big Damn Band,Big Damn Nation,2006,179.46,118.17,-6.99
5744,My Party (Kenna Remix),Kings Of Leon,Charmer,2007,225.28,127.01,-6.21
5747,My Prerogative,Britney Spears,My Prerogative,2004,213.18,110.99,-6.45
5748,My Record Company,K's Choice,Paradise In Me,1995,222.30,161.46,-7.30
5757,Mykel And Carli,Weezer,Weezer (Rarities Edition),2004,172.15,104.12,-6.09
5758,Mystic River,Blue Rodeo,Small Miracles,2007,251.40,121.80,-7.23
5759,Myth Takes,!!!,Myth Takes,2007,143.99,193.98,-7.90
5761,N.Y. Electric / Hunter Interlude,Aesop Rock,Bazooka Tooth,2003,310.80,87.62,-10.31
5763,Na Primeira ManhAPS,Alceu ValenASSa,Ao Vivo Em Todos Os Sentidos,1997,162.85,121.99,-9.79
5765,NaASSAPSo,Clara Nunes,Bis - Clara Nunes,1982,213.50,91.81,-12.82
5768,Nada De Ti,Eddie Palmieri,Eddie Palmieri/Lala Rodrigues/Ismael Quintana - Gold 1973-1976,1973,392.86,127.75,-11.88
5770,Nadal De Luintra,BerrogA1/4etto,Cantigas De Nadal,2000,242.62,99.55,-8.77
5773,Naked,Jennifer Brown,Vera,1998,239.07,90.92,-8.25
5774,Naked Albino,Bare Jr.,Boo-Tay,1998,254.80,107.53,-7.31
5776,Naked In The Rain (Album Version),Red Hot Chili Peppers,Blood Sugar Sex Magik,1991,265.64,116.28,-10.56
5778,Naming Ceremony,Finest Dearest,Finest Dearest,2008,299.75,121.03,-7.34
5780,NanAPS,Mario Telles,Mario Telles,1962,212.14,97.34,-9.99
5782,NAPSo Adianta,Zeca Baleiro,Baladas Do Asfalto e Outros Blue Ao Vivo,2006,246.49,122.17,-15.15
5783,Narcotic,Methods Of Mayhem / Scott Kirkland,Methods Of Mayhem,1999,199.31,116.04,-3.25
5788,Nas A!guas de Amaralina,Mart'nA!lia,Mart'nA!lia em Berlim ao vivo,2006,224.37,60.09,-8.09
5789,Nashville Parthenon,Casiotone For The Painfully Alone,Etiquette,2006,175.73,141.92,-10.93
5792,Nasty Little Lonely,Alternative TV,Live 1978,1978,305.71,105.29,-13.11
5794,Native Soul,Danilo Perez,. . . Till Then,2003,197.20,159.23,-16.11
5796,Natural (2002 Digital Remaster),ARRESTED DEVELOPMENT,Classic Masters,2002,270.37,116.03,-7.25
5797,Natural High (Interlude),Ms. Dynamite,A Little Deeper,2002,56.14,112.99,-15.34
5799,Nature Boy,Rick Astley,Portrait,2005,192.10,99.99,-11.55
5800,Nature Boy,Quadro Nuevo,Luna Rossa,2002,133.98,123.01,-9.50
5801,Nature's Disappearing,John Mayall & The Bluesbreakers,Wake Up Call,2010,292.91,89.95,-9.11
5802,Naval War,Gina V. D'Orio,Sailor Songs,2004,139.91,168.63,-10.12
5807,Near My Soul,The Sonics,Fire and Ice II - The 'Lost' Tapes,1996,164.36,158.84,-9.80
5809,Near You,Floyd Cramer,Piano Masterpieces,1964,117.47,83.72,-16.44
5810,Need,Tyrone Wells,Hold On,2005,204.59,159.90,-7.16
5812,Need More Blues,Sleepy John Estes,Mississippi Delta Blues Jam In Memphis,1993,197.07,130.89,-15.16
5814,Need To Belong To Someone,The Impressions,Times Have Changed,1972,236.70,90.09,-8.67
5815,Need To Shout,Architecture In Helsinki,In Case We Die,2005,249.29,140.00,-10.41
5816,Negativ Song,Headliners,Das Album zum Film,2006,169.56,88.00,-4.97
5819,Nehi Mamma Blues,Frank Stokes,Creator Of The Memphis Blues,1995,190.93,172.35,-16.08
5821,Neir,Mau Mau,Sauta Rabel,1992,255.56,162.13,-7.92
5825,Neon Rainbow,The Box Tops,The Letter/Neon Rainbow,1967,177.40,117.38,-10.39
5826,Nerio Compra Una Contestadora,Los Amigos Invisibles,The New Sound of the Venezuelan Gozadera,1998,24.35,142.45,-21.98
5827,Nervous Breakdown,Nerf Herder,American Cheese,2002,167.44,190.00,-2.89
5828,Nevada's Grace (Album Version),Atreyu,The Curse,2004,228.00,128.64,-5.51
5830,Never Again,Kelly Clarkson,Dance Vault Mixes - Never Again,2007,368.93,131.99,-7.56
5832,Never Alone,Open Hand,The Dream,1999,486.97,86.31,-7.66
5833,Never Alone,Walter Hawkins,Love Alive II,1978,468.01,129.76,-13.75
5835,Never Be Ready,Mat Kearney,City Of Black & White,2009,215.74,151.94,-6.81
5837,Never Forget Me,Bone Thugs-N-Harmony / Akon,Strength & Loyalty,2007,286.30,154.09,-6.93
5838,Never Gonna Be The Same,Danny Wilson,Bebop Moptop,1989,167.13,91.26,-11.05
5839,Never Gonna Give You Up,Rick Astley,Big Tunes - Back 2 The 80s,1987,211.70,113.36,-7.75
5840,Never Gonna Give You Up,Musical Youth,True 80's Love,1982,183.01,85.78,-8.97
5842,Never Look Back,Blue Rodeo,The Things We Left Behind,2009,199.05,148.60,-5.78
5843,Never My Love,Kathy Troccoli,Kathy Troccoli,1994,251.30,79.74,-10.85
5852,New Day Rising,VHS Or Beta,The Melting Moon,2004,334.18,131.75,-9.69
5853,New Detroit,Neon Blonde,Chandeliers In The Savannah,2005,170.71,139.56,-5.06
5854,New Friend Request (Amended Version),Gym Class Heroes,As Cruel As School Children,2006,254.51,91.97,-4.95
5857,New Meaning,Mudhoney,The Lucky Ones,2008,159.66,145.18,-6.08
5859,New Morning (Live),Nick Cave & The Bad Seeds,Live Seeds,1993,202.06,70.76,-10.32
5860,New Pin (edit),Oceansize,New Pin,2005,249.94,118.05,-8.08
5861,New Pony,Bob Dylan,Desire/Blood On The Tracks/Street Legal,1978,278.96,80.70,-5.56
5863,New Sensation,Snow Patrol,Snow Patrol Late Night Tales,2009,214.52,114.95,-14.31
5866,New York,U2,Electrical Storm,2000,343.27,125.09,-7.17
5870,Next Year,Foo Fighters,Skin And Bones,1999,274.65,173.98,-4.20
5874,Nice 'N' Easy,Charlie Rich,Feel Like Going Home: The Essential Charlie Rich,1997,184.66,119.96,-11.54
5876,Nie mehr heim,Kapelle Herrenweide,Kavalierstart,2009,270.63,96.60,-12.33
5877,Nie Wieder (Live Version),Pyranja,Nie Wieder,2006,167.55,68.86,-5.91
5878,Nie Wieder (Toktok RMX),Pyranja,Nie Wieder,2006,317.10,85.99,-12.37
5879,Niev nietch nievitch,Les Ogres De Barback,Irfan_ le hA(c)ros,1999,254.07,137.89,-6.01
5885,Night Falls (The Weight Of It),Strata,Strata Presents The End Of The World,2007,201.27,125.56,-3.89
5886,Night is the Notion,Dax Riggs,We Sing of Only Blood or Love,2007,158.51,124.41,-6.17
5887,Night Life,Charlie McCoy,HarpinA' The Blues,1991,282.54,90.81,-13.03
5888,Night of the Hunter (Static Revenger Remix),30 Seconds To Mars,Kings and Queens,2009,297.53,122.92,-5.16
5891,Night Terrors (Album Version),Static-X,Start A War,2005,189.10,120.54,-3.29
5892,Night Time,Suicide,Attempted: Live At Max's Kansas City 1980,2004,394.74,185.46,-5.54
5894,Night Time Blues,Ma Rainey,Night Shift Blues,2005,179.62,85.51,-16.36
5896,Night Won't Last Forever_ The (Kingdom Come Album Version),Charlie Peacock,Kingdom Come,1999,355.34,153.97,-9.64
5897,Nightly Cares,MAom,Nightly Cares,2004,249.05,95.58,-15.78
5899,Nina Nina,ChA(c)co Feliciano And Joe King,Ketukuba,2006,273.66,87.98,-3.87
5902,Ninja Mental,Illya Kuryaki And The Valderramas,Ninja Mental - Unplugged MTV,1996,233.98,154.03,-10.82
5903,Ninja Tattoo,Shanadoo,Welcome To Tokyo,2006,200.88,137.92,-4.59
5907,No,Hot Chip,Worried Noodles,2007,182.15,146.04,-8.21
5908,No Angel (radio/album),Milk Inc.,Supersized,2006,239.83,140.97,-6.26
5909,No Answer (Outro),Lollipop Lust Kill,My So Called Knife,2002,211.90,126.75,-16.79
5911,No Buts - No Maybes,Professor Longhair,The Very Best of Professor Longhair,1993,127.37,164.65,-7.99
5913,No Comprimise_ No Regrets,Hanoi Rocks,Another Hostile Takeover,2005,240.67,126.11,-3.76
5919,No Good In Goodbye,Jason Michael Carroll,Waitin' In The Country,2007,229.88,87.71,-3.66
5920,No Good Without You,The Birds,The Clarion Call,2001,162.66,139.81,-9.94
5921,No Hace Falta Que Lo Digas,Alejandro Lerner,Lernertres,1984,263.63,137.49,-15.18
5922,No Hay Manera,El Gran Combo De Puerto Rico,Arroz Con Habichuela,2006,271.65,192.42,-7.54
5923,No La Dejes Sola,Los Titanes,Rumba Que Te Tumba,2008,214.18,103.55,-6.45
5924,No Loafting,Junior Reid,Visa,1994,199.76,165.47,-8.14
5929,No me imagino,Fran Perea,La Chica de la habitacion de al lado,2005,194.22,180.04,-4.56
5930,No Me Llores MA!s,Sierra Maestra,A!Dundunbanza!,1994,318.56,117.77,-10.11
5932,No Mercy Remix (Cade Money Remix),The Last Eighth feat. Dumi Right(Zimbabwe Legit) and Skillz,House of Stone,2007,239.33,179.91,-6.95
5933,No More Blues,Jimmy Wyble,Goodbye My Heart - Country,2005,181.97,80.02,-18.89
5934,No More Blues (Chega de Saudade),Eliane Elias,Fantasia,1992,326.43,95.11,-24.83
5935,No More Doggin',Otis Spann,The Biggest Thing Since Colossus,1995,180.40,63.26,-12.93
5940,No Night In Zion - Original,Count Ossie,Tales Of Mozambique,1994,235.00,137.71,-14.84
5943,No One Hears You,Agnostic Front,Another Voice,2004,98.12,199.53,-4.88
5945,No Ordinary Love (Remastered LP Version),Deftones,B-Sides & Rarities,2005,334.76,166.03,-6.89
5946,No Pienses Asi,Eddie Palmieri,Eddie Palmieri/Lala Rodrigues/Ismael Quintana - Gold 1973-1976,1973,266.50,153.31,-17.89
5948,No Quieras Marcharte,Los Chichos,Adelante,1984,191.69,150.96,-10.76
5949,No Rainbow,deadboy & the Elephantmen,We Are Night Sky,2005,275.46,161.68,-10.75
5950,No Regrets,Gob,The World According To Gob,2001,153.34,133.99,-5.92
5951,No Reply (Demo),Buzzcocks,Chronology,2008,135.24,177.55,-7.32
5957,No Soy Uno MA!s,Jose Luis Perales,ColecciA3n Diamante,2008,191.22,136.48,-6.03
5960,No Such Thing As Control (Album Version),Beneath The Sky,What Demons Do To Saints,2007,275.96,84.16,-4.00
5961,No Survivors,Speedball,Maximum Speed,1998,212.22,159.70,-9.19
5962,No Sympathy For Fools,Behemoth,Zos Kia Cultus,2002,229.41,118.82,-5.12
5965,No Unexpected Guests,John Frizzell,Ghost Ship,2002,133.20,210.90,-23.69
5966,No Volveras A Mi,KALIMBA,Negroklaro,2007,208.09,133.99,-5.64
5967,No You Girls,Franz Ferdinand,No You Girls,2009,428.46,119.94,-12.69
5968,No-Satellites,She Satellites,Poison Lips,1999,149.37,185.76,-7.80
5970,No. 6 The Coombe,The Chieftains,The Chieftains 7,1977,231.16,105.54,-13.86
5973,Nobody To Blame,Deborah Coleman,Where Blue Begins,1998,230.61,140.44,-5.05
5974,Nobody's Perfect,Mike And The Mechanics,Mike & The Mechanics Hits,1988,283.25,97.88,-6.95
5975,Noche De Paz,SUMO,Obras Cumbres,1987,127.06,105.43,-5.45
5982,Noises,Taal,Mister Green,2000,17.74,219.57,-38.15
5985,Nomades Monades,Frederic Galliano,Espaces Baroques,1997,1394.76,81.98,-20.28
5986,Nomads Alive,Marco Beltrami,Flight Of The Phoenix,2004,201.61,148.56,-23.69
5988,"non-existent track (part one: ""why don't you fuckin' remember anything ?"")",Aphasia,Brain Patch Error,2001,244.32,192.06,-7.47
5991,Nonfiction,The Black Crowes,Amorica,1994,256.21,163.20,-8.31
5992,Nordcore,Pyranja,Frauen & Technik,2004,225.33,178.57,-4.17
5993,Nordfjorloftet,YGGDRASIL,Herrelaus,1998,190.69,132.26,-14.64
5997,Nos plus belles annA(c)es,Miossec,FinistA(c)riens,2009,175.73,109.85,-11.56
6001,Nostradamus,Eduardo Dusek,Olhar Brasileiro,2000,160.76,111.80,-7.67
6002,Not A Kid Anymore,Marco Beltrami,Knowing,2009,115.04,113.86,-30.82
6003,Not Buried Deep Enough,The Gone Jackals,Bone To Pick,1995,229.80,135.18,-12.77
6006,"Not Homophobic/The Word Is ""Cock"" (Spoken Word) (Album Version)",Joe Rogan,I'm Gonna Be Dead Someday,2000,217.10,105.01,-14.03
6011,Not Today,Hotwire,The Routine,2003,200.33,141.74,-4.52
6013,Nothin' On You [feat. Bruno Mars] (Album Version),B.o.B,B.o.B Presents: The Adventures of Bobby Ray,2010,269.64,104.04,-5.39
6014,Nothing (Album Version),unloco,Healing,2001,163.87,126.11,-5.65
6015,Nothing But Sky [Outro] (Album Version),Jaci Velasquez,Love Out Loud,2008,62.28,104.06,-7.26
6017,Nothing In Rambling,Memphis Minnie,Memphis Minnie Vol. 5 (1940-1941),1995,166.66,112.63,-17.05
6018,Nothing Matters Anymore,Showbread,The Fear Of God,2009,252.21,164.96,-3.71
6019,Nothing To Hold Me,Jesus Jones,Doubt,1990,201.17,66.25,-13.42
6020,Nothing To Lose,Boondox,South Of Hell,2010,260.10,200.00,-5.85
6021,Nothing To You,Milk Inc.,Closer,2003,202.11,140.02,-7.60
6023,Nothing's The Same,Gary Moore,Still Got The Blues/After Hours/Blues Alive,1992,304.95,86.32,-20.50
6024,Nothing's The Same (2002 Digital Remaster),Gary Moore,After Hours,1992,306.73,86.43,-18.39
6029,November Has Come,Gorillaz,Demon Days,2005,160.97,84.14,-8.32
6030,Now And Forever,Call To Preserve,Unsinkable,2006,165.82,189.82,-4.83
6032,Now I Got A Woman,John Mayall,IN THE PALACE OF THE KING,2007,264.67,147.13,-7.61
6034,Now I'm All Over The Place_ Scoob (Album Version),Frank Caliendo,All Over The Place,2008,433.48,124.09,-13.15
6036,Now It's My Turn (Aqualite Mix),Berlin,Metro: Greatest Hits,2004,231.18,131.99,-9.42
6038,Now We Know,Sugar Minott,The Serious Reggae Album Vol 2 Prt 2,2007,193.93,163.85,-13.69
6039,Now You Know,The Real Kids,Senseless: Live At Cantone's_ 1982,1996,222.12,147.66,-8.47
6046,Nude With Boots,Melvins,Nude With Boots,2008,217.81,113.39,-7.62
6050,Numba 1 (Tide Is High),Kardinal Offishall / Keri Hilson,R&B In The Mix,2008,224.29,130.14,-3.96
6051,Number Nine (LP Version),Richard Lloyd,Alchemy,1979,172.77,159.08,-10.85
6054,Nunca Sabras,KALIMBA,Negroklaro,2007,229.15,77.72,-6.06
6055,Nuoruusmuistoja,Erkki Junkkarinen,Vuosikirja 1976 - 50 hittiA$?,2002,218.93,164.77,-14.23
6057,Nur eine Nacht mit Dir,Lara,Wahnsinn,2009,211.90,124.01,-6.26
6059,Nutty Block,Rodney O & Joe Cooley,Get Ready To Roll,1991,172.02,175.39,-9.75
6061,O Brother,Monty Are I,Wall Of People,2006,279.25,170.04,-3.70
6062,O Come All Ye Faithful,Nando Lauria,Latino Christmas,2003,210.52,106.66,-12.93
6066,O Hiroteros Ehthros Mou,Peggy Zina,To Pathos Ine Aformi,2009,200.38,96.02,-6.65
6067,O Mein Papa,Eddie Calvert,Number 1's of the 50's,2001,163.53,107.30,-11.98
6072,O.R.P.,Vulgar Pigeons,Imperialism,2004,125.99,132.14,-3.62
6073,O.T. (Skit),Cam'Ron,Purple Haze,2004,24.74,215.00,-28.60
6076,Objection (Tango),Shakira,Laundry Service,2001,224.52,179.49,-5.82
6077,Oblivious Darkness,Astarte,Quod Superius Sicut Inferius,2002,515.37,129.09,-4.69
6080,Obstacles in My Way,Walter Trout,Positively Beale Street,1997,233.25,166.41,-8.39
6081,Obvious ( LP Version ),Jane's Addiction,Ritual De Lo Habitual,1990,355.63,92.73,-7.94
6082,Occasional Rain,Terry Callier,Lifestyle2 - Acoustic Vol 2,1972,243.04,125.96,-12.06
6083,Ocean Drive,Lighthouse Family,The Very Best Of,1995,241.87,90.70,-8.03
6086,Oceans,Vex'd,Cloud Seed,2010,295.50,117.01,-11.60
6088,October,U2,October,1981,142.24,94.84,-14.05
6089,Ode To Billie Joe  (Live @ Fillmore West),King Curtis,The Platinum Collection,2007,199.21,108.16,-11.97
6093,Of Myth And Men (Album Version),Red I Flight,The Years,2008,259.29,92.44,-5.03
6097,Oh It's You,Super Cat,Don Dada,1992,229.67,167.38,-9.35
6100,Oh My God,Sticky Fingaz,Oh My God,2000,266.42,80.15,-5.95
6102,Oh No,Daniel Johnston,Retired Boxer,1984,237.69,105.64,-24.91
6104,Oh Scat Mix Up,Tim Exile,Tim Exile's Nuisance Gabbaret Lounge,2006,78.21,124.43,-3.72
6105,Oh Serena,The Distillers,The Distillers,2000,152.69,162.73,-4.05
6108,Oh! Doctor,Luis Alberto Spinetta,Fuego Gris,1994,143.62,172.33,-16.21
6111,Oi! Oi! Oi!,Cockney Rejects,Oi! The Album,1997,204.93,92.96,-6.97
6114,Ojos AsA,Shakira,Shakira MTV Unplugged,1998,409.99,87.05,-7.94
6115,Ojos Gitanos,CA3mplices,Grandes Exitos: Complicidad,1991,307.57,100.05,-5.96
6116,Ojos Negros,Olga TaA+-on,Sobrevivir,2002,254.20,120.01,-5.76
6120,Old Broom,Wailing Souls,Sly & Robbie present Taxi,1981,204.85,146.45,-9.99
6123,Old Friends,Paul Brown,The City,2005,243.90,122.62,-9.43
6124,Old Friends,Simon & Garfunkel,The Collection,1968,130.77,149.90,-23.96
6127,Old Hobo,Furry Lewis,Good Morning Judge,2003,234.79,146.57,-8.03
6128,Old Man Rocking Chair,John Williams,Dusty Porch,2004,132.65,67.46,-11.15
6129,Old Memory,Ashton Shepherd,Sounds So Good,2008,260.52,45.51,-6.86
6130,Old Shep,Red Foley,25 Country Memories,1936,192.81,38.44,-10.70
6131,Old Times Sake,Shelby Lynne,Suit Yourself,2005,290.98,121.77,-15.55
6137,Olive Oil,Happy Mondays,Squirrel And G-Man Twenty Four Hour Party People Plastic Face Carnt Smile,1987,156.68,129.28,-13.23
6138,Olivia,Shinehead,Total Reggae: Island Vibes,1999,230.71,209.65,-9.89
6143,On Bended Knee,Boyz II Men,Legacy,1994,329.27,116.47,-7.10
6144,On Efface,Julie Zenatti,Comme Vous,2004,253.00,80.08,-11.06
6146,On Independence Day,Anti-Flag,The People or The Gun,2009,171.60,152.27,-5.83
6147,On Misty Pathways,Mithotyn,King of the Distant Forest,1998,313.36,88.34,-3.94
6150,On My Own,Black Eyed Peas / Les Nubians / Mos Def,Bridging The Gap,2000,235.10,94.99,-6.62
6153,On Probation,Youves,Cardio-Vascular,2008,235.21,142.00,-7.01
6155,On The Boards,Taste,On The Boards,1970,362.03,161.53,-13.84
6156,On The Brink,Dinosaur Jr,Without A Sound,1994,194.40,145.23,-6.94
6160,On The Other Hand (Album Version),Randy Travis,Storms Of Life,1986,186.36,95.87,-10.05
6163,On The Road Again,The Sonics,Maintaining My Cool,1967,108.15,154.25,-10.17
6166,On The Wing,Owl City,Ocean Eyes,2008,301.17,115.02,-6.45
6171,Once I Had A Woman,Jimi Hendrix,Blues,1975,469.60,86.99,-13.62
6175,One Eyed Jack,Joe McBride,Texas Hold'em,2005,314.07,91.98,-10.20
6176,One Fine Day,THE CHIFFONS,Original Hits - Rock 'N' Roll,1963,129.67,88.81,-8.23
6177,One Hour Empire,Broadcast,Pendulum,2003,102.95,161.20,-7.42
6178,One I Love,Coldplay,In My Place,2002,274.42,134.03,-7.45
6182,One Love,David Rose & His Orchestra,In A Mellow Mood,2004,179.98,84.69,-16.88
6184,One Moment With You,Jackie Wilson,Reet Petite,1993,182.49,67.56,-12.01
6186,One More Chance,Bloc Party,Sellout Sessions 03,2009,166.27,127.15,-6.78
6188,One More Night,Phil Collins,Hits,1985,285.99,136.32,-11.34
6191,One Night Alone,Vixen,Vixen,1988,229.64,129.85,-12.82
6192,One Of Our Submarines,Thomas Dolby,Premium Gold Collection,1982,309.58,130.02,-8.91
6194,One of Us,Bottom Of The Hudson,Holiday Machine,2005,193.36,106.14,-7.47
6195,One Person At A Time,Jonny Lang,Turn Around,2006,182.80,111.27,-6.83
6198,One Step Forward_ Two Steps Back,John Sebastian,Welcome Back,1976,276.45,101.97,-12.98
6199,One the road (to Damnation),It Dies Today,Sirens,2006,179.41,98.38,-4.03
6202,One Woman Man,Dave Hollister,Chicago '85...The Movie,2001,271.62,91.00,-7.49
6203,One Year_ Six Months,Yellowcard,Ocean Avenue,2003,208.80,89.90,-7.06
6204,Ongoing Plague,Malefaction,Where There Is Power There Is Always Resistance,2003,139.18,137.80,-4.65
6207,Only For The Young,George Lopez,Tall_ Dark & Chicano,2009,345.23,75.47,-8.83
6208,Only Human,Usher Featuring The Nu Beginning,Back To The Beginning - Usher,2004,338.76,118.10,-11.22
6211,Only Lonely,Bon Jovi,7800 Fahrenheit,1985,302.29,120.72,-4.62
6212,Only Love,Daryl Hall & John Oates,Change Of Season,1990,276.66,118.43,-12.09
6214,Only One You,T.G. Sheppard,Devil in the bottle,2002,196.62,96.03,-14.30
6215,Only When I'm Drunk,Tha Alkaholiks,21 & Over,1993,217.36,104.46,-8.01
6216,Only You,Ayo,Live At The Olympia,2006,288.50,57.64,-11.47
6217,Only You,Nana Mouskouri,Songs For You,1997,175.12,137.48,-11.78
6219,Onni,Irwin Goodman,Cha cha cha,1978,231.47,151.00,-5.75
6222,Ooh Wee Baby,Doyle Bramhall,Is It News,2007,252.37,89.92,-7.19
6224,Oops!...I Did It Again,Britney Spears,The Singles Collection,2000,211.02,95.07,-5.21
6226,Open Arms,Gary Go,Pacha Ibiza,2009,217.86,159.16,-4.18
6227,Open Up Your Mind (Guido Osorio Club Mix),Eyes Cream,Open Up Your Mind,2002,492.30,129.99,-7.05
6228,Open your Eyes,Call To Preserve,From Isolation,2008,199.78,115.09,-2.05
6229,Openbare Weg,Mira,Openbare Weg,2006,177.82,85.62,-12.00
6232,Oprah (Album Version),Kathleen Madigan,In Other Words,2006,92.00,87.39,-12.88
6239,Orgasme Tellurique,Stille Volk,Maudat,2003,276.38,149.97,-12.69
6240,Orgofart,Descendents,Enjoy!,1986,140.67,89.50,-28.35
6242,Origins And Endings,Winds Of Plague,Decimate The Weak,2008,270.13,126.18,-3.23
6244,OrmhA$?xan,Finntroll,Ur Jordens Djup,2007,278.94,180.06,-5.73
6247,Ostravaczech,Krystof,Rubikon,2006,285.67,130.04,-10.08
6249,Other Side Of Antarctica,Vangelis,Antarctica / China,1983,416.76,162.44,-18.34
6250,Other Side of You,DJ Harry,Collision,2004,327.47,133.34,-6.15
6253,Ouachita Run (Album Version),Alvin YoungbloodA Hart,Territory,1998,159.40,195.22,-18.91
6254,OuASSa,Maysa,Maysa,2008,180.87,103.17,-10.92
6255,Our Darkest Days,Eighteen Visions,Eighteen Visions,2006,172.20,131.08,-4.81
6260,Ouragan,Oldelaf et Monsieur D,L'Album de la maturitA(c),2006,540.47,116.71,-11.95
6262,Out Deh,Gregory Isaacs,The Very Best of Gregory Isaacs Gold,2001,216.50,138.36,-10.92
6267,Out in the Streets,The Shangri-Las,Best of The Shangri-Las,1965,161.49,105.83,-11.22
6268,Out In The Woods,Leon Russell,Retrospective,1976,218.51,158.75,-14.27
6269,Out Of My Darkness,Legacy Five,Monuments,2009,189.07,90.03,-8.89
6271,Out Of The Blue,Tommy James And The Shondells,Anthology,1989,146.02,133.31,-11.69
6273,Out Of This World,Black Flag,I Can See You,1985,133.25,207.24,-13.77
6276,Outro,Through the Eyes of the Dead,Bloodlust,2005,41.48,97.80,-31.98
6277,Outro,Rakim,The 18th Letter,1997,79.93,50.06,-22.21
6280,Outro Duction,Marcus Miller,Original Album Classics,2005,52.01,78.38,-13.23
6281,Outside,Mariah Carey,BUTTERFLY,1997,286.30,109.25,-8.20
6284,Outta Control,50 Cent / Mobb Deep,The Massacre (Ecopac Reissue Explicit),2005,247.77,91.98,-5.80
6290,Over And Out [Album Version],Britny Fox,Bite Down Hard,1991,285.02,149.01,-12.16
6291,Over And Over,Heavenly,Heavenly Vs. Satan,1990,206.18,174.40,-11.43
6292,Over The Edge,Akon,Freedom,2008,266.89,126.98,-6.10
6293,Over The Hill,R.L. Burnside,Mr. Wizard,1997,257.36,95.56,-9.58
6297,Over The River,Bitty McLean,Natural High,1995,216.22,127.60,-10.17
6298,Over You (feat Joyo Velarde_ prod DJ Shadow),Lyrics Born,Same !@#$ Different Day,2005,256.13,174.29,-4.32
6299,Overdrive,Foo Fighters,ONE BY ONE,2002,270.47,157.74,-2.51
6300,Oversleeping,themselves,Crownsdown,2009,195.19,116.92,-6.32
6303,Own Me,The Frequency,THE FREQUENCY,2004,284.68,153.67,-11.22
6305,Oye,Gertrudis,500,2005,263.47,228.46,-7.96
6314,Packed Up And Took My Mind,Little Milton,Stax: The Soul Of Hip-Hop,1975,278.31,141.61,-11.06
6318,Paid Vacation,Circle Jerks,Group Sex,1980,88.89,156.61,-7.55
6320,Paint It Black,Chris Farlowe,Out Of Time,1966,177.58,146.91,-11.03
6325,Palmer enquAate,Alexandre Desplat,L'enquAate corse - bof,2004,70.27,128.17,-16.94
6331,Panda Bear,Owl City,Of June,2007,187.64,150.07,-7.19
6332,Pantera Fans In Love,Nerf Herder,How To Meet Girls,2000,200.05,171.83,-6.36
6333,Pants_ Meet Shit,Daughters,Canada Songs,2003,52.11,80.99,-4.27
6334,Papa Don't Preach,Madonna,Celebration,1986,269.58,121.95,-3.58
6335,Papa Legba (2005 Digital Remaster),Talking Heads,True Stories,1986,355.74,113.14,-9.31
6337,Paper Aeroplane (Live From 'Drastic Fantastic' Tour),KT Tunstall,Saving My Face,2007,282.59,99.38,-18.05
6339,Paper Thin,Leona Naess,Comatised,2000,645.38,120.36,-12.79
6340,Paper Tigers (acoustic version),Tom Cochrane,Songs Of A Circling Spirit,1997,220.81,119.33,-6.92
6344,Para Milladoiro,Susana Seivane,Os soA+-os que volven,2010,350.72,152.01,-13.04
6348,Paradise,Sade,Lovers Live,1988,271.99,80.29,-8.18
6350,Paragon Rag  (LP Version),Joshua Rifkin,Scott Joplin Piano Rags,1994,229.54,158.57,-25.34
6351,Parallel Universe (Album Version),Red Hot Chili Peppers,Californication,1999,269.35,124.92,-2.98
6352,Paralyzed,The Cardigans,Gran Turismo,1998,296.86,145.27,-6.97
6353,Parasitic Twins,The Dillinger Escape Plan,Option Paralysis,2010,281.23,120.09,-6.99
6354,Parchman Farm,Hot Tuna,LIVE AT SWEETWATER II,2004,461.71,138.51,-9.99
6359,Part 1 (19 Flowerpots_ 2 Hammered Dulcimers_ Bavarian Zither_ Shakuhachi),Stephan Micus,Twilight Fields,1988,519.86,142.16,-22.52
6360,part 2 - Winterlight,Stephan Micus,On the Wing,2006,316.50,30.83,-25.11
6361,Part Of Me (LP Version),Vonray,Vonray,2003,230.09,108.01,-5.47
6362,Part One From Triomusic,Strata,STRATA,2004,377.68,109.67,-21.79
6363,Parto em terras distantes,Brigada Victor Jara,Novas Vos Trago,1998,313.00,86.98,-13.89
6364,Parto em terras distantes (2.Aa versAPSo),Brigada Victor Jara,Novas Vos Trago,1998,223.76,119.90,-9.67
6365,Party,Rodney O & Joe Cooley,Three The Hard Way,2002,252.24,119.07,-14.60
6370,Party In The Sky,Inspiral Carpets,Devil Hopping,1994,232.12,187.66,-11.32
6371,Party In The Stomach (LP Version),Jim Breuer,Smoke 'N' Breu,2002,478.93,83.61,-9.64
6372,Party Til The Cows Come Home,Elvin Bishop,Gettin' My Groove Back,2005,254.56,150.01,-5.21
6373,Party Time,45 Grave,A Devil's Possessions - Demos & Live 1980-1983,1989,163.26,114.14,-12.78
6375,Paseo ColA2n,Mau Mau,Made In Italy,2004,285.15,182.20,-7.61
6376,Pass Me Not (LP Version),Fernando Ortega,Hymns Of Worship,2003,130.77,55.62,-11.77
6379,Pass Through My Will,John Michael Talbot,Master Collection_ Vol. 1,1989,113.79,96.71,-21.51
6380,Passage To Melilla,Pyrolator,Wunderland (plus Bonustracks),2005,180.24,90.25,-8.05
6381,Passin' Me By,The Pharcyde,Bizarre Ride II,1993,303.46,69.57,-6.13
6385,Passo De Anjo,Spok Frevo Orquestra,Passo De Anjo Ao Vivo,2007,269.74,71.16,-6.72
6386,Passover,Joy Division,Let The Movie Begin,1980,128.68,135.07,-9.66
6388,Pastas Y Vino,Los AutA(c)nticos Decadentes,Vinyl Replica: El Milagro Argentino,1989,172.09,117.68,-8.69
6391,Pathfinders,Elvenking,Wyrd,2004,322.56,150.05,-4.52
6392,Patience,Guns N' Roses,Live Era '87-'93,1988,402.36,122.84,-5.45
6393,Patricia,Mighty Mighty Bosstones,Devil's Night Out,1989,168.86,197.21,-9.52
6394,Patterns,Simon & Garfunkel,Parsley_ Sage_ Rosemary And Thyme,1966,182.57,107.59,-14.30
6395,Paul,Eminem,The Marshall Mathers LP,1999,13.58,120.77,-25.00
6397,PDA,Backstreet Boys,This Is Us,2009,228.39,122.99,-5.98
6400,Peace Dance,Terry Riley,Lisbon Concert,1992,349.20,95.07,-16.39
6403,Peaceful World,John Mellencamp,God Bless America,2001,218.67,157.42,-11.41
6417,Pennies From Heaven,Dean Martin,Classic Tracks,1997,134.95,63.16,-13.30
6420,People Like New (LP Version),Seven Mary Three,Rock Crown,1997,238.11,77.89,-10.13
6421,People Make The World,The Box Tops,The Letter/Neon Rainbow,1967,148.61,110.77,-12.35
6422,People Never Give Up,Curtis Mayfield,Beautiful Brother - The Essential,1980,348.60,106.51,-10.35
6426,Per Colpa Tua,Noemi,Sulla Mia Pelle Special Edition,2010,226.38,144.05,-2.96
6428,Perca peso,MA3veis Coloniais de Acaju,Idem,2005,320.05,173.65,-5.65
6432,Perfect Moment,Darden Smith,Ojo,2002,270.63,165.76,-17.86
6433,Perfect Motion,Sunscreem,Renaissance The Classics,1992,590.16,125.06,-9.59
6434,Perfect Peace,Twila Paris,Ultimate Collection: Lullabies,2001,202.71,102.00,-11.05
6436,Perfection Design,Amoral,Show Your Colors,2009,238.94,139.98,-3.39
6438,Performance (Remastered),Happy Mondays,Bummed,1988,243.25,109.21,-9.94
6440,Perkiomen,Hall & Oates,Angelina & Other Favorites (Digitally Remastered),1993,158.41,105.31,-9.93
6442,Pero Me Acuerdo De TA,Christina Aguilera,Mi Reflejo,2000,266.74,117.98,-7.83
6445,Persiana Americana (Live),Soda Stereo,Ruido Blanco,1987,343.56,104.52,-11.95
6446,Personal Tragedy,Ron Goodwin,Battle Of Britain,1999,47.52,61.41,-20.00
6449,Pete's Crusade,Light Of The World,The Best Of The Light Of The World,1980,247.74,120.44,-13.55
6457,Phantoms In The Mirror,W.A.S.P.,The Crimson Idol,1992,276.71,116.82,-6.69
6460,Phone Booth,The Robert Cray Band,Live From Across The Pond,1983,278.54,75.89,-8.04
6461,Phorever People,Shamen,Boss Drum (album),1992,292.28,125.75,-11.20
6462,Photographs,James Newton Howard,The Sixth Sense,1999,54.96,189.04,-37.46
6464,Phylyps Trak II/II,Basic Channel,Phylyps Trak II,1994,793.63,127.92,-12.59
6469,Pianolude,Usher,Live,1999,212.61,209.06,-16.61
6471,Pichleh Janam Dee,XLNC,Kangna,1998,386.56,160.08,-12.37
6472,Pick Me Up On Your Way Down,Martina McBride,Timeless,2005,160.63,131.07,-6.94
6474,Pickled Heads,Elliot Goldenthal,Titus - Original Motion Picture Soundtrack,2000,305.50,140.63,-13.96
6477,Pictures To Prove It,The Mighty Mighty Bosstones,Question The Answers,1994,196.10,160.14,-7.47
6478,Piece Of Mine,Be Bop Deluxe,Axe Victim,1977,312.58,127.80,-11.80
6479,Piece Of My Heart,Janis Joplin,Janis,1972,266.24,80.46,-10.56
6481,Pieni Maailma,Mandi,Pieni Maailma,1998,200.59,113.06,-6.57
6482,Pienso En Ti,Shakira,El Amor En Los Tiempos del Colera (Love In The Time Of Cholera),1995,148.19,115.07,-19.98
6483,Pig Meat On The Line,Memphis Minnie,Queen Of The Delta Blues_ Volume 2 (B),1997,156.42,136.82,-20.17
6485,Pimpin' Don't Fail Me Now [Featuring Jazze Pha and Juvenile] (Explicit Album Version),8Ball & MJG,Ridin' High,2007,236.93,170.05,-5.67
6487,Pinini Reggae,SUMO,SA o SA - Diario del Rock Argentino - Sumo,1989,215.12,101.74,-5.95
6488,Pink World,Planet P Project,Pink World,1984,269.82,86.64,-13.50
6489,Pinned To The Ground (album version),Buzzhorn,Disconnected,2002,239.99,144.84,-5.63
6492,Piranha,Bumblefoot,Abnormal,2008,200.36,98.78,-4.79
6495,Pitch In OnA Party,DJ Quik,Born And Raised In Compton: The Greatest Hits,2000,247.56,106.44,-6.57
6500,Planetary Takeover,Snowgoons,A Fist In The Thought,2009,239.65,94.28,-4.62
6503,Plasma (Album Version),Sinch,Sinch,2002,300.72,135.90,-7.40
6504,Plastic Dreams,Jaydee,Optimo presents In Order To Edit,1992,265.85,124.55,-7.86
6505,Plastic People,Four Tet,There Is Love In You,2010,393.85,124.04,-9.86
6508,Platoon Goons,Snowgoons,A Fist In The Thought,2009,257.25,97.45,-5.19
6509,Play,Jennifer Lopez,J.Lo,2001,211.57,104.80,-1.81
6510,Play That Beat,X-ecutioners,Built From Scratch,2001,286.77,76.17,-5.72
6511,Play The Part,Eyes Set to Kill,Broken Frames,2010,158.95,97.50,-4.39
6513,Playboy,Teena Marie,Robbery,1983,323.19,97.40,-12.26
6527,Please Come Home For Christmas,Lou Ann Barton,An Austin Rhythm And Blues Christmas,1986,241.27,87.49,-10.73
6529,Please Come Out Tonight,Phil Collins,Both Sides,1993,346.59,89.92,-15.02
6530,Please Don't Lie To Me,The Fabulous Thunderbirds,The Fabulous Thunderbirds,1996,127.69,148.45,-8.69
6531,Please Hammer Don't Hurt 'Em,Evergreen Terrace,Burned Alive By Time,2002,143.88,166.03,-5.98
6534,Please Listen To My Demo,EPMD,Unfinished Business (Explicit),1989,181.39,122.84,-11.20
6535,Please Love Me,B.B.King,Take A Swing With Me,1956,167.50,105.55,-10.18
6536,Please Love Me,B.B. King,The Very Best Of The Early Years,1956,170.68,103.86,-6.56
6540,Please Send Me Someone To Love,Percy Mayfield,The Birth of R&B,1950,173.50,93.71,-16.47
6546,"Plus chA""re la vie",Les Malpolis,This Machine Kills Fingers (Live),2009,298.89,96.52,-4.03
6551,Pocket Full Of Stars,Diesel Boy,Rode Hard and Put Away Wet,2001,152.66,181.75,-3.48
6552,Pode Me Chamar,Eddie,Brazil Classics 7: What's Happening in Pernambuco_ New Sounds of the Brazilian Northeast,2007,243.17,160.09,-12.00
6553,Poem To A Horse,Shakira,Laundry Service,2001,246.44,93.98,-6.03
6556,PoesAa De Amor,CafA(c) Quijano,CafA(c) Quijano,1998,262.37,102.68,-9.37
6559,Point And Shoot (Demo),Pepper,To Da Max,2007,264.59,165.17,-7.76
6560,Poison Lips,Lord Sterling,Today's Song For Tomorrow,2004,315.17,141.77,-6.80
6561,Poisonous (Edited) (Feat. Devin The Dude),Dilated Peoples Featuring Devin The Dude,This Way,2004,221.28,178.13,-5.70
6562,Poker Face,Lady GaGa,Live Lounge 4,2008,243.33,86.50,-11.32
6565,Police Story,Black Flag,Everything Went Black,1981,92.37,114.38,-12.21
6567,Politrix,Beenie Man,Concept Of Life,2006,213.11,98.03,-6.11
6570,Polly's Dress,Hem,Rabbit Songs,2000,71.05,123.02,-21.69
6571,Polyester,Maximilian Hecker,Infinite Love Songs,2001,228.81,146.18,-10.69
6572,Pon De Floor,Major Lazer / Vybz Kartel / Afrojack,Pon De Floor,2009,187.06,84.53,-7.10
6574,Poor Tom (Album Version),Led Zeppelin,Coda,1982,182.10,210.80,-10.70
6575,Pop A Cap In Yo' Ass,Ben Watt feat. Estelle,Outspoken Part 1,2005,389.20,125.99,-8.27
6578,Popcorn,Richi M.,Popcorn,2000,350.22,131.01,-7.21
6579,Popovic,Mando Diao,Long Before Rock 'n Roll,2006,306.18,87.79,-4.12
6580,Poppin' Them Thangs,G-Unit,Hot Joints 2,2003,242.52,88.04,-1.62
6582,Por Arriesgarnos,Jennifer Lopez,Como Ama Una Mujer,2007,211.80,201.79,-10.45
6583,Por La Calle Abajo,Los Chunguitos,Grandes Axitos: Los Chunguitos,2000,164.13,158.48,-8.07
6584,Porcelain Man,John Debney,End Of Days,1999,76.80,91.25,-32.64
6585,Porcelaine,Benabar,Live Au Grand Rex,2001,235.02,140.41,-6.71
6587,Porn,Whitney Cummings,Emotional Ninja,2009,78.92,145.56,-4.31
6588,Porque Me Gusta A Morir,Isabel Pantoja,De Nadie,1993,317.36,163.92,-11.88
6589,Porque Nos Queremos,Los Chichos,Todo Chichos,1987,212.53,100.23,-6.16
6591,Port now!,Sirka Ragnar,I am_ you are_ he/she/it is,2007,177.95,160.03,-5.08
6592,Portland_ Oregon,The Cat's Miaow,Songs For Girls To Sing,1997,125.26,146.91,-13.39
6597,Position,Terror Fabulous,Reggae Gold 1993,1995,191.74,94.96,-11.71
6599,Post-Toxic Finger Disorder,Tim Exile,Tim Exile's Nuisance Gabbaret Lounge,2006,80.35,141.84,-4.38
6600,Posterchild for Tragedy,Sugarbomb,Bully,2001,260.94,122.76,-6.12
6601,Posters,Five Fingers of Funk,Slap Me Five,1995,259.32,96.63,-12.60
6602,Pottajenkka,Elakelaiset,In Humppa We Trust-Live!,1996,218.28,131.87,-13.23
6608,"PrA(c)liminaires_ par Philippe PagA""s (feat. Philippe PagA""s)",Nicolas Bacchus,Balades pour enfants louches,2002,65.62,83.57,-18.46
6609,PrA$?natalabhA$?rtung,Django AsA1/4l,Hardliner,2004,182.05,115.02,-14.19
6612,Pranafestation,Desert Dwellers,DownTemple Dub: Flames,2006,406.18,86.68,-11.13
6619,Prayer For The Dying (Live In Paris),Seal,Live In Paris,2005,304.14,133.19,-6.37
6621,Praying For Time,George Michael,Ladies And Gentlemen... The Best Of George Michael,1990,281.34,127.84,-8.18
6622,Praz Him (Broken Album Version),Darwin Hobbs,Broken,2003,212.51,103.00,-4.49
6624,PrecAs,Casual,IlA*luminacions,2008,213.55,156.01,-5.85
6625,Precious Lord,Blind Boy Fuller,Blind Boy Fuller Vol. 6 1940,1995,167.99,96.02,-15.63
6634,Prends-Moi La Main,Princess Lover,Tous Mes RAaves,2007,262.45,166.03,-8.44
6635,Preparation,Vangelis,Alexander (Original Motion Picture Soundtrack),2004,101.88,125.03,-19.66
6636,Prequel To The Sequel (Album Version),Between The Buried And Me,Colors,2007,516.62,132.95,-5.95
6637,Presenting The Eight Wonder Of The World,Max Steiner,King Kong,1993,24.14,134.76,-15.51
6638,President Johnson,Citizen Kaned,Tip World Singles 2000,2000,385.33,108.06,-8.37
6639,Pretend,Shelby Lynne,Just A Little Lovin',2008,167.08,100.85,-17.51
6640,Pretty Girl (Amended Version),No Address,Time Doesn't Notice,2005,286.43,87.11,-8.10
6644,Pretty Vacant,Sex Pistols,Jubilee,1977,194.59,144.57,-6.76
6645,Pretty Woman (LP Version),The Paul Butterfield Blues Band,Sometimes I Just Feel Like Smilin',1971,228.75,77.21,-13.71
6646,Price I Pay,Jane's Addiction,Strays,2003,327.16,138.66,-5.23
6651,Primary,The Cure,Concert - The Cure Live,1981,209.61,165.30,-14.61
6652,Primordial Breath,Eluveitie,Slania,2008,259.03,95.00,-2.73
6653,Princess Black,Sizzla,Black Woman And Child,1997,274.15,168.01,-6.02
6655,Principe Nino - Original,Orquesta Broadway,Paraiso,1981,421.35,115.52,-15.31
6657,Printemps,Les Ogres De Barback,Irfan_ le hA(c)ros,1999,189.39,148.63,-8.79
6659,Private Dancer,Heavy D,Vibes,2008,212.24,153.06,-6.79
6661,Probka (Latvia),Intars Busulis,Eurovision Song Contest 2009,2009,183.59,142.90,-2.71
6662,Problem Inna the System,Black History,Reggae Salute,2001,251.40,127.27,-10.06
6663,Problem Solver,Valient Thorr,Legend Of The World,2006,200.65,91.86,-6.64
6667,Process to decelerate,Inhume,In for the kill,2003,126.04,126.14,-5.01
6668,Procession,Vangelis,The City,1990,573.67,119.71,-17.63
6670,Profecias,Vox Dei,La Biblia,1971,456.70,66.86,-18.34
6672,Prognosis,Steve Morse,Major Impacts,2000,363.86,90.20,-6.98
6673,Programmed to Consume,Abysmal Dawn,Programmed to Consume,2008,261.43,126.43,-6.41
6674,Proibida Pra Mim (Grazon),Zeca Baleiro,LAricas,2000,195.00,66.49,-11.41
6683,Proud,Korn,I KNOW WHAT YOU DID LAST SUMMER THE ALBUM,1996,197.54,80.38,-4.35
6684,Proud mary,Creedence Clearwater Revisited,Recollection/Live,1998,203.70,123.52,-6.55
6685,Prove Something (explicit album version),Fat Joe,Loyalty,2002,235.18,159.50,-3.78
6687,Prvni vesela,Krystof,Rubikon,2006,262.56,93.02,-7.50
6688,Psalm 27,Donnie McClurkin,Live in London and More ..,2000,302.37,150.12,-8.00
6692,Psychopath,Lizzy Borden,The Murderess Metal Road Show,1985,234.92,145.88,-8.38
6694,Pub Pusher,Republica,Speed Ballads,1998,264.23,137.95,-3.65
6697,Punchdrunk,BA(c)la Fleck,Natural Bridge,1982,158.98,140.66,-9.89
6699,Punjabian Di Chale Glassi,Bally Sagoo,Hanji,2003,282.25,96.04,-12.69
6702,Pure Hatred,The Berzerker,Dissimulate,2002,84.19,120.91,-2.91
6703,Puritania,Dimmu Borgir,Alive in Torment,2001,186.57,83.11,-3.09
6705,Purple Pygmies,Walter Ego,Eclipse,1998,535.46,124.14,-10.44
6707,Push It,Salt-N-Pepa,Ultimate Girl Groups,1988,207.62,127.60,-5.67
6709,Pushbike Song,Mungo Jerry,In The Summertime - Greatest Hits,2001,155.25,167.79,-15.51
6710,Pushing Me Away (Album Version),Linkin Park,Hybrid Theory,2000,190.30,103.13,-4.78
6712,Put Down Your Weapons,Yami Bolo,Live In Paris,2000,219.40,85.81,-9.07
6713,Put Him Out,Ms. Dynamite / Bounty Killer,Put Him Out,2002,241.37,105.20,-5.00
6714,Put It Off Until Tomorrow,Mae West,I'm No Angel,2006,150.49,101.28,-16.20
6720,Puzzle of Hearts,Sergio Mendes,Sergio Mendes:  The Swinger from Rio,2006,322.12,103.18,-13.94
6721,Q Loop,Basic Channel,BCD,1995,329.01,107.71,-22.18
6722,Q1.1 Edit,Basic Channel,BCD,1995,62.93,160.55,-23.56
6724,Qu Ni De Hun Li,Candy Lo,Fantasy,2001,202.58,124.02,-8.37
6725,QuA(c) DesilusiA3n,MA$?go de Oz,Bajo La Corteza (26 Canciones De LeA+-o),2010,295.31,121.96,-4.64
6727,Quand j'improvise sur mon piano,Jacques Higelin,Chante Higelin et Vian,1973,163.06,120.20,-10.83
6728,Quand on est amoureux,Les Hou-Lops,XL60 Remix-Jeunesse 1,1964,181.86,95.74,-5.14
6732,Quasar,Kitaro,Spiritual Garden,2006,410.07,126.34,-10.28
6733,QuAtate La Ropa,Los DelinqA1/4entes,Bienvenidos A La Apoca Iconoclasta,2009,192.18,146.64,-3.85
6734,Que Arribi L'Estiu,Dijous Paella,Dijous Paella,2005,253.94,103.99,-5.20
6736,Que Devient Ton Poing Quand Tu Tends Les Doigts,Miossec,"Brest of"" (Tout ASSa pour ASSa)",1995,159.61,103.01,-8.50
6739,Que Suene Mi Campana,Sonora Carruseles,Discos Fuentes Salsa All Stars- La Biblia De La Salsa Vol. 1 & 2,2000,264.07,80.67,-5.88
6740,Que Vas A Hacer Conmigo,Los AutA(c)nticos Decadentes,12 Vivos,2004,205.37,133.82,-5.63
6741,Que Vas A Hacer?,Daddy Yankee / May-Be,Barrio Fino,2004,199.47,91.99,-6.33
6744,Que Vuelvas,Shakira,Donde Estan Los Ladrones,1998,231.76,123.86,-7.17
6748,Quest for Oneness,Mikey Dread,Pave the Way,1991,184.48,157.98,-9.79
6749,Question Authority,Circle Jerks,Wild In the Streets,1982,122.64,173.67,-10.18
6754,Quiero,Juana Molina,Segundo,2003,159.66,87.46,-13.09
6755,Quiero,Carlos Ponce,Ponce,2002,240.35,89.98,-5.93
6756,Quiero Ir Ao Mar,Carlos NuA+-ez,Cinema Do Mar,2005,215.35,211.33,-10.92
6757,Quiero Ser Tu SueA+-o,Andy & Lucas,Desde mi barrio,2005,207.62,96.00,-5.12
6758,Quiet Nights Of Quiet Stars [Corcovado] [The Frank Sinatra Collection],Frank Sinatra,Francis Albert Sinatra & Antonio Carlos Jobim,1967,166.06,107.60,-18.20
6759,Quiet Time,Regina Belle,Passion,1993,307.33,92.67,-8.92
6760,Quiet Time,Regina Belle,Love Songs,1993,307.23,92.64,-9.17
6762,Quitxalla,Gertrudis,Teta,2003,228.23,112.00,-5.45
6765,RA1/4lpsen Sie Eine Hauptstadt,Tresenlesen,GA1/4nther,1995,513.62,111.76,-9.31
6768,Rachel's retribution,Anne Dudley,Black Book,2006,280.87,118.33,-15.43
6771,Radiance I,Basic Channel,Radiance,1994,811.23,71.42,-17.88
6772,Radiation Blues,Dax Riggs,We Sing of Only Blood or Love,2007,150.15,91.36,-3.78
6774,Radio Rape,The Cortinas,Please Don't Hit Me,1978,219.01,134.99,-7.69
6777,Rafaniello,99 Posse,Rafaniello / Salario Garantito,1992,351.35,101.85,-12.49
6779,Raggy Road,Capleton,Live At Negril,1997,86.88,161.74,-8.83
6780,Ragoo,Kings Of Leon,Because Of The Times,2007,181.13,102.07,-6.39
6782,Raha ratkaisee,Irwin Goodman,Lauluja elokuvasta Rentun Ruusu,1966,119.07,111.56,-10.85
6786,Rain Down On Me,Kane,So Glad You Made It,2001,395.83,134.12,-5.54
6789,Rain Love,Al Denson,Signature Songs,1999,249.68,80.14,-8.70
6792,Rainbow Country (Red Gold And Green Version),Bob Marley & The Wailers,Mystic Mixes - An Exclusive Remix Collection,2001,258.30,152.99,-5.31
6794,Rainbow Eyes,Rainbow,Catch The Rainbow: The Anthology,1978,454.11,135.21,-23.44
6798,Rainin' In My Heart,The Fabulous Thunderbirds,Powerful Stuff,1989,221.23,110.98,-14.98
6799,Raining On Our Love,Shania Twain,The Woman In Me,1995,278.54,82.79,-11.96
6801,Raining Revolution (Live) (Unplugged),ARRESTED DEVELOPMENT,Unplugged,1993,273.84,87.58,-16.96
6802,Raise Your Hand,Janis Joplin,Janis,1988,137.80,123.29,-12.44
6803,Raise Your Hands,Bon Jovi,Who Says You Can't Go Home,1986,311.27,139.95,-4.86
6804,Raising Children,The Race,Raising Children/Go Figure,2006,225.18,118.04,-5.30
6805,Raketen,Hubert Kah,Seelentaucher,2005,249.83,110.01,-6.92
6808,Rakkauden veteraani,Kari Tapio,Viimeiseen pisaraan,2009,224.76,103.24,-8.42
6810,Ralph's Rhapsody,Ray Lynch,The Best Of Ray Lynch,1998,283.74,122.90,-16.72
6811,"RamA""ne Moi",Lara Fabian,Carpe Diem,1994,273.14,109.97,-7.39
6817,Rant Kanaria,Jope Ruonansuu,Kunnioittaen-Yhden miehen tribuutti,2009,211.25,111.00,-10.32
6823,Rattlesnake!,A Static Lullaby,Rattlesnake!,2008,213.50,202.23,-5.54
6824,Rave On (Live 1982),Marshall Crenshaw,Marshall Crenshaw,2000,95.87,162.65,-11.03
6825,Raw Power,Iggy And The Stooges,Metallic K.O.,1996,347.53,165.81,-8.50
6829,Razor,Foo Fighters,Razor,2005,288.00,126.99,-16.37
6831,Reaching For The Best,The Exciters,Reaching For The Best,1994,194.53,137.24,-8.03
6832,Ready For Love,Kelly Sweet,We Are One,2007,256.94,130.11,-8.04
6833,Ready For The Floor (Radio Edit),Hot Chip,101 Running Songs,2008,202.11,128.99,-5.09
6836,Ready To Go,Republica;Jonny Male;Dave Arch,Republica,1996,303.86,129.89,-5.31
6837,Real Love,The Smashing Pumpkins,Rotten Apples_ The Smashing Pumpkins Greatest Hits,2000,249.63,153.00,-4.67
6838,Real McKoy Feat. Busy Signal,Mavado,Gangsta For Life: The Symphony Of David Brooks,2007,211.30,125.35,-6.09
6841,Real World,Snowgoons,German Lugers,2007,212.32,85.14,-4.75
6843,REALIZATION: REMORSE,This Is Hell,Misfortunes,2008,106.40,83.34,-5.73
6844,Realizer,The Crystal Method,Legion Of Boom,2004,228.86,130.01,-6.64
6845,Reason,Novembre,Materia,2006,313.31,113.75,-5.44
6846,Reason With The Beast,Shriekback,Cormorant,2005,113.61,100.15,-11.66
6847,Rebel Music,Wyclef Jean featuring Prodigy of Mobb Deep,The Preacher's Son,2003,237.50,196.04,-3.91
6849,Reborn (Explicit),Drowning Pool,Full Circle,2007,248.79,166.06,-6.38
6853,RECKLESS,This Is Hell,Misfortunes,2008,119.80,150.01,-5.26
6854,Reckoning (Album Version),unloco,Healing,2001,205.74,155.79,-5.67
6857,Red,Zebra,Strictly The Best Vol. 23,1999,205.11,90.07,-8.19
6858,Red (Main Version),Motograter,Motograter,2003,226.93,143.93,-4.83
6863,Red Gun,The Forms,The Forms,2007,145.08,108.89,-9.10
6866,Red Orange Yellow,Photo Atlas,No_ Not Me_ Never,2007,189.75,168.25,-5.99
6868,Red Sails In The Sunset,Arthur Tracy,Street Singer,1993,180.32,104.00,-19.40
6869,Red Sky,Thrice,Live At The House Of Blues,2005,313.78,137.91,-9.43
6870,Red Socks Pugie,Foals,Antidotes,2008,315.27,156.92,-6.61
6871,Red Umbrella (Album Version),Faith Hill,The Hits,2007,219.85,118.08,-5.27
6872,Red Wind (World),R. Carlos Nakai,Island of Bows,1994,551.81,142.15,-25.00
6873,Redwing,Hem,Eveningland,2004,252.86,124.00,-10.47
6874,Reefer Head Woman,Aerosmith,Night In The Ruts,1979,241.87,94.42,-12.33
6877,Refuge,Matisyahu,Live at Stubb's,2004,242.15,72.88,-8.70
6879,Regarde Un Peu La France,Miossec,Boire,1995,162.32,166.08,-12.89
6880,Reginella,Rita Chiarelli,The Italian Sessions,2006,261.04,90.64,-15.27
6883,Relax,2-4 Grooves feat. Reki D.,Relax,2009,203.83,126.94,-7.66
6886,Release Me,Don Gibson,Sweet Dreams,1960,184.69,87.81,-20.69
6889,Remember (Walkin' In the Sand),The Shangri-Las,100 Love Evergreen,1964,136.02,65.77,-13.53
6890,Remember Me Lover (Album Version),Porcupine Tree,The Incident,2009,454.16,132.97,-10.32
6891,Reminisce For A While (Sung With Raul Malo),Neil Diamond,Tennessee Moon,1996,267.57,91.30,-9.41
6896,Rendezvous - Ich hab' Dich seit langem nicht gesehen,Jawoll,Hier ist Berlin! - Dieter Thomas Heck prA$?s.: Die NDW Hits,1990,235.31,151.21,-8.03
6902,Rescue And Breakout,James Horner,The Missing,2003,203.55,95.54,-16.49
6903,Rescue Me,Fontella Bass,Brothers In Blues & Sisters In Soul,1965,165.72,124.37,-9.16
6905,Resistance,Cali,L'espoir,2008,156.55,127.79,-8.04
6910,Resurrection,Eddie Turner,Rise,2005,146.10,89.98,-5.80
6911,Resurrection Man,Heaven 17,Bigger Than America,1996,242.29,152.02,-10.48
6914,Rette Mich SpA$?ter (Michael Ilbert Radio Mix),2raumwohnung,Rette Mich SpA$?ter,2010,234.34,124.99,-5.24
6915,"Return Of The ""G",OutKast,Aquemini,1998,289.25,156.69,-6.41
6916,Reuben James,Kenny Rogers,Country Superstar,1993,167.00,187.13,-14.41
6917,Reunion,Bobbie Gentry,Ode To Bobbie Gentry... The Capitol Years,1968,156.21,99.78,-11.80
6919,Revelations,Marco Beltrami,Knowing,2009,209.08,121.28,-28.23
6920,Revelations,Jesse Malin and The St. Marks Social,Love it to Life,2007,243.72,126.11,-4.85
6922,Revitalise,Dub Pistols feat. TK,Rum & Coke,2009,264.83,100.02,-5.60
6924,Revolution,Superchumbo,Wowie Zowie,2001,443.38,85.32,-4.28
6925,Revolution Action,Atari Teenage Riot,60 Second Wipe Out,1999,249.47,100.34,-5.55
6927,Rewind,All Girl Summer Fun Band,Looking Into It,2008,138.97,76.46,-14.93
6931,Rhymin' Spielin',fIREHOSE,Sometimes,1988,122.64,108.49,-15.86
6932,Rice Dream Girl,Casiotone For The Painfully Alone,The First Two Albums,1999,108.41,131.08,-6.70
6934,Rich Girl,Daryl Hall & John Oates,Livetime,1976,216.35,178.83,-5.75
6936,Ricky Ticky Toc,Eminem,Encore,2004,171.73,86.01,-5.92
6939,Ride Out Dip,Crucial Conflict,Planet CruCon,2008,230.58,147.99,-5.79
6942,Ride To Atlantis,Marvin Hamlisch,The Spy Who Loved Me (Soundtrack),1977,209.34,92.87,-16.43
6943,Ride Wit Me,T-Bone,The Last Street Preacha,2001,234.16,96.01,-6.14
6947,Right Now,Korn,Live & Rare,2003,185.94,210.69,-6.74
6948,Right To Work,Chelsea,Live And Loud,1977,200.59,167.60,-9.29
6949,Right to Work (Live),Chelsea,Punk In London,1991,145.55,159.55,-9.73
6953,Ring The Alarm,BeyoncA(c),Ring The Alarm (Urban Mixes),2006,212.17,113.81,-6.30
6954,Ring The Alarm,BeyoncA(c),The Beyonce Experience Live Audio,2006,161.38,113.99,-3.96
6955,Ring The Alarm,Naughty By Nature,Nineteen Naughty Nine Nature's Fury,1999,236.96,142.82,-6.77
6958,Riot In Cell Block #9,Commander Cody And His Lost Planet Airmen,Live From Deep In The Heart Of Texas,1974,195.66,170.92,-13.84
6960,Riot Squad (1991 Digital Remaster),Bad Brains,Rock For Light,1983,119.72,127.19,-10.19
6961,Ripped Pants,Spongebob Squarepants,Spongebob Squarepants - The Yellow Album,2005,76.83,122.89,-8.89
6962,Rise,Eddie Turner,Rise,2005,306.78,91.08,-6.40
6963,Rise & Shine,The Cardigans,Best Of,1994,211.36,161.99,-4.66
6964,Risen From Within,Astarte,Rise From Within,2000,173.82,161.78,-6.24
6965,River Is Waiting,Irma Thomas,Rounder Records' 40th Anniversary Concert,2008,240.69,103.21,-5.76
6966,River Run,Michael Gettel,Places In Time,1992,452.26,168.04,-16.69
6976,Rock America,Danger Danger,Danger Danger,1989,292.86,164.17,-7.87
6977,Rock And Roll (Could Never Hip Hop Like This) Part 2 featuring Lord Finesse_ Mike Shonoda_ Chester Bennington_ Rahzel_ Qbert_ Grand Wizard Theodore & Jazzy Jay (Instrumental),Handsome Boy Modeling School,White People,2004,384.70,118.24,-10.50
6978,Rock Around The Christmas Tree,Daniel Johnston,Lost And Found,2006,130.56,133.14,-7.32
6979,Rock Biter (Album Version),Red I Flight,The Years,2008,179.02,120.62,-4.85
6980,Rock Bottom,House Of Lords,World Upside Down,2006,232.75,127.97,-4.05
6982,Rock Co.Kane Flow,De La Soul / MF Doom,The Grind Date,2004,185.23,86.81,-3.68
6991,Rock Of Gibraltar,Nick Cave & The Bad Seeds,Nocturama,2003,180.04,158.40,-8.54
6992,Rock On The Radio,Firehouse,Firehouse,1990,285.39,169.87,-10.18
6993,Rock Star,Agnostic Front,Riot_ Riot_ Upstart,1999,94.67,116.44,-3.20
6995,Rock Steady,Bad Company,In Concert: Merchants Of Cool,1974,229.59,102.98,-8.06
6996,Rock Steady,Bad Company,Hard Rock Live,1974,249.83,97.70,-7.84
6997,Rock Tha Party,Bombay Rockers,Introducing&,2004,212.71,109.98,-4.34
6998,Rock The House (Explicit),Gorillaz,Gorillaz,2001,249.94,171.92,-7.03
6999,Rock The House (Radio Edit),Gorillaz,G-Sides,2001,183.54,171.92,-7.17
7000,Rock The Night,Hellsongs,Hymns In The Key Of 666,2008,272.14,124.98,-13.96
7001,Rock the Spot,Blackalicious,A2G EP,1999,260.34,100.69,-5.87
7003,Rockberry Jam,L.a. Dream Team,Eazy E & Posse,1985,314.91,241.52,-15.73
7004,Rocket,The Smashing Pumpkins,Siamese Dream,1993,246.94,115.94,-11.25
7006,Rockin' Every Night (Live),Gary Moore,Rockin' Every Night (Gary Moore Live In Japan),2005,198.79,100.08,-11.11
7008,Rocks Off,The Rolling Stones,Exile On Main St,1972,272.43,141.81,-8.24
7010,Roger Milla,Pepe Kalle,Larger Than Life,2005,369.53,140.27,-9.01
7012,Role Model,Steel Pulse,Rage and Fury,1997,262.48,156.08,-6.53
7015,Roll Old Jeremiah,The Black Crowes,Before the Frost... Until the Freeze,2009,263.52,178.30,-12.73
7017,Rollercoaster Ride,Aaron Watson,Angels & Outlaws,2008,217.39,155.90,-8.94
7018,Rollercoasting,Helen Love,Ahead Of The Race,1994,174.60,99.81,-11.94
7019,Rollin' and Tumblin',R.L. Burnside,First Recordings,2001,196.88,107.60,-10.43
7022,Rolo Le Baroudeur,Julien Clerc,Niagara,1971,207.20,193.43,-12.68
7024,Romance,Whitney Cummings,Emotional Ninja,2009,48.64,106.41,-4.43
7025,Romantic Rights,Death From Above 1979,You're A Woman_ I'm A Machine,2004,195.29,150.16,-7.16
7026,Romantic Rights (Jesper Dahlback Remix),Death From Above 1979,Romantic Rights,2004,344.84,91.88,-3.88
7028,Romeo's Exile,Liam O'Flynn,Celtic Twilight 6,1995,234.11,122.43,-9.15
7029,Rompan Todo,2 Minutos,Un Mundo De Sensaciones,2006,88.58,203.99,-3.21
7030,Ronde Lune,Le Vangle,Tiwanaku,2006,258.27,151.31,-4.67
7031,Room 13,Black Flag,Live at The On Broadway 1982,1981,79.52,190.60,-4.61
7032,Room At The Bottom,Vince Guaraldi,Jazz Impressions,1964,270.76,74.26,-24.67
7034,Rosa Rio,Jim Reeves,Moonlight and Roses/The Jim Reeves Way,2000,175.02,158.76,-11.73
7035,Rosalita (Come Out Tonight),Bruce Springsteen,Hammersmith Odeon_ London '75,1973,591.62,167.56,-5.67
7036,Rosemary Recalls,Bruce Rowland,The Man from Snowy River,1985,84.04,115.64,-26.27
7037,Roses,Silverchair,Freak Show,1997,209.01,153.79,-5.95
7039,Rotate,Capone-N-Noreaga feat. Busta Rhymes and Ron Browz,Channel 10,2009,256.18,201.49,-3.16
7041,Rotten Apples,The Smashing Pumpkins,Rarities & B-Sides,1995,184.40,88.79,-16.36
7044,Round and Round,Otis Taylor,White African,2001,107.83,217.29,-6.03
7046,Round the Wheel,DJ Harry,The String Cheese Remix Project,2001,495.91,133.53,-9.71
7048,Rowena,Loudon Wainwright III,High Wide & Handsome - The Charlie Poole Project,2009,152.14,151.29,-12.46
7050,Rubies_ Pearls_ And Emeralds,Tin Hat Trio,The Rodeo Eroded,2002,292.05,167.92,-14.19
7051,Ruby D.,Les Sexareenos,14 Frenzied Shakers,2001,98.90,182.57,-7.27
7060,Rue de Nantes,Oldelaf et Monsieur D,"DerniA""re Chance d'Aatre disque d'or (Edition SpA(c)ciale: nouvel album + best of 5 titres)",2006,249.42,127.61,-9.99
7062,Rules of Attraction (Chris Cox),Tina Ann,Situations,2003,251.77,127.93,-2.62
7064,Rumour (Abstract Hip Hop Mix),bel canto,Magic Box,1996,78.50,106.94,-17.80
7066,Run,Lighthouse Family,The Very Best Of,2001,241.24,153.47,-8.08
7067,Run A Mile,The Pineapple Thief,Little Man,2006,399.83,140.08,-7.72
7070,Run's House,RUN-DMC,It's Like This - The Best Of,1988,201.82,198.56,-5.07
7072,Runaway Train (LP Version),Geddy Lee,My Favorite Headache,2000,271.46,119.95,-5.96
7073,Runnin' Away,Eddie Money,No Control,1983,213.68,120.58,-10.63
7074,Runnin' Through The Jungle - Shootin' The Blues,Willy DeVille,Loup Garou,1996,227.81,142.00,-9.46
7076,Running On The Rocks,Shriekback,Big Night Music,1986,297.93,157.96,-13.34
7080,Ruta Del Coya,LeA3n Gieco,Bandidos Rurales,2002,266.76,120.02,-10.42
7082,S.O.S.,Spliff,85555,1988,225.75,110.60,-15.89
7091,Sabotage,Cancer Bats,Sabotage,2010,180.71,86.01,-4.83
7093,Sachmagehtsnoch,Dendemann,Die PfA1/4tze des Eisbergs,2006,221.99,106.02,-6.13
7094,Sacred,Moonspell,Second Skin,1997,313.47,120.06,-7.15
7095,Sacrifice for the Slaughtergod,Skeletonwitch,Beyond the Permafrost,2007,173.37,201.33,-5.52
7098,Sadness,Mavado,Gangsta For Life: The Symphony Of David Brooks,2007,255.16,135.73,-5.32
7100,Safe Passage,Michael Gettel,San Juan Suite/San Juan Suite II: Narada Classics,1996,330.97,101.53,-16.93
7101,Safe Sex,Erick Sermon,No Pressure,1993,223.48,197.74,-9.44
7102,Safety Net (Album Version),Moros Eros,Jealous Me Was Killed By Curiosity,2007,224.42,90.29,-5.88
7103,Sag es sag es feat. Neo,Samy Deluxe,The big baus of the nauf,2006,282.38,94.31,-6.02
7104,Sag Ihnen Bescheid,Headliners,Sag Ihnen Bescheid,2005,216.89,160.16,-5.89
7106,Sahti Waari,Turisas,Battle Metal,2004,146.60,160.01,-7.25
7107,Said You'd Be,The Panic Channel,(ONe),2006,153.26,143.22,-2.65
7109,Sailing To The Edge Of The Earth,The Abominable Iron Sloth,The Abominable Iron Sloth,2006,130.46,66.28,-12.75
7113,Salamanders In The Sun,Steve Vai,Sound Theories Vol. I & II,1984,305.95,158.00,-7.34
7114,Salario Garantito (Versione Strumentale),99 Posse,Rafaniello / Salario Garantito,1992,369.27,165.76,-14.06
7116,Sally Can't Dance,Lou Reed,Live - In Concert,1974,211.67,154.04,-10.91
7117,Sally In the Garden,Kathy Mattea,Coal,2008,44.64,146.89,-16.50
7120,Salva Mea,Faithless,Ibiza 1991 - 2009,1995,221.99,128.07,-9.00
7121,Salvation,John Van Tongeren,The 4400,2007,45.37,150.11,-8.59
7122,Salvation,Chroma Key,Graveyard Mountain Home,2004,160.31,120.09,-11.24
7124,Sam und Bo_ N.E.O.,Samy Deluxe,So Deluxe So Glorious,2005,247.01,114.07,-6.08
7125,Samaritanas Del Amor,Jose Luis Perales,ColecciA3n Diamante,1984,199.94,92.69,-7.39
7126,Samba De Duas Notas,Luiz Bonfa,Le Roi de la Bossa Nova,2005,192.78,124.84,-14.05
7127,Samba de Paris,Kyle Eastwood,Metropolitain,2009,441.78,115.21,-12.71
7129,Sambangole / Tres Golpes Na' Mas,Colombiafrica - The Mystic Orchestra,Voodoo Love Inna Champeta Land,2007,318.80,186.12,-8.00
7130,Same Game,Leigh Jones,Music in My Soul,2008,200.52,103.47,-7.08
7131,Same Man,Till West & DJ Delicious,Ministry of Sound Presents 100,2006,153.29,125.56,-7.54
7132,Same Old Song,Kris Kristofferson,Original Album Classics,1974,194.38,74.81,-11.66
7133,Same Old Song And Dance,Aerosmith,A Little South Of Sanity,1974,357.54,133.60,-5.69
7134,Same Old Thing,Albert Collins,Collins Mix,1993,356.26,94.56,-11.89
7136,"sample processing failed (part one: ""why don't you fuckin' remember anything ?"")",Aphasia,Brain Patch Error,2001,207.54,68.54,-1.65
7142,San Cristobal,Dusminguet,Postrof,2001,199.13,196.19,-4.31
7145,San Xuan,Hevia,Atnico Ma Non Troppo,2003,261.33,125.02,-5.76
7146,Sanchez Family,Harry Gregson-Williams,Man On Fire,2004,284.68,160.04,-15.12
7148,Sanctuary,Sick Of It All,Live In A Dive,1999,109.01,196.33,-3.90
7152,Sangre americana,Bacilos,Sinverguenza,2004,229.33,156.00,-5.05
7155,Sannyasin,John Mayer,Dhammapada,1976,38.35,121.92,-16.74
7158,Santa Claus Is Coming To Town,Skeeter Davis,Country Christmas,1999,153.97,150.78,-16.87
7161,Santeleco,Luiz Bonfa,Le Roi de la Bossa Nova,2005,141.40,194.10,-15.26
7162,Sapphire,Bill Douglas,Kaleidoscope,1993,273.97,192.82,-16.87
7165,Sarah Yellin',3 Doors Down,The Better Life - Deluxe Edition,2002,208.98,128.71,-5.37
7167,SarankA(c)gni,Djelimady Tounkara,Solon kA'no,2005,487.34,145.93,-9.78
7168,Sarapatel Humano,Marcio Faraco,Interior,2002,293.43,134.78,-13.49
7172,Satin Doll,Terry Callier,I Just Can't Help Myself,2007,258.19,92.93,-19.93
7173,Satin Doll,The Wes Montgomery Trio,The Wes Montgomery Trio,1987,246.80,137.11,-19.80
7174,Satisfaction,Who Made Who,Gomma Dance Tracks Vol. 2,2004,265.33,132.97,-6.15
7175,Saturday,T.O.K.,My Crew_ My Dawgs,2001,225.72,98.00,-6.93
7176,Saturday Love,Alexander O'Neal,Alex Loves...,2008,301.45,117.95,-8.33
7179,Saturday Night's Alright (For Fighting),Nickelback featuring Kid Rock,Charlie's Angels: Full Throttle (Music From The Motion Picture),2003,224.00,156.01,-3.71
7182,Save My Soul (Cypher UK Radio Edit),Kristine W.,Save My Soul,2004,235.13,129.98,-4.50
7185,Savin' Me,Nickelback,NOW (That's What I Call Music) 22,2005,217.63,164.03,-4.28
7186,Savu hA$?lvenee,Kaija Koo,Operaatio Jalokivimeri,1998,192.26,155.05,-8.23
7190,Say Hello,April Wine,Harder Faster,1979,179.04,166.04,-13.67
7191,Say How I Feel,Rhian Benson,Say How I Feel,2004,207.46,117.97,-4.57
7192,Say Say Say (Waiting 4 U) (Tocadisco's Not Guilty Remix),Hi-Tack,Say Say Say (Waiting 4 U),2006,345.97,129.15,-7.91
7194,Say Something [featuring Jean Grae] (Album Version),Talib Kweli,Eardrum,2007,222.12,190.01,-6.43
7195,Say What!?!,Chris Standring,Groovalicious,2003,269.32,140.04,-9.04
7196,Say Yeah,Capleton,Kings of Zion Part III,2005,233.64,127.88,-5.40
7197,Say Your Prayers,Gang Starr,Step In The Arena,1991,84.64,166.09,-18.70
7198,Sayin' Dope,The Bucketheads,All In The Mind,1995,365.71,120.88,-14.98
7200,Scandalon,Michael Card,80's Ultimate Collection,1985,234.79,99.64,-6.28
7204,Scelxenak,Orthrelm,2nd18/04,2002,70.03,164.22,-4.67
7205,Scenario,A Tribe Called Quest,The Best Of,1991,251.14,102.83,-10.09
7206,Schauet Her!,Der Plan,Die Letzte Rache (+Bonus),1983,34.32,121.83,-13.55
7207,Schitzo,brokeNCYDE,BC 13-EP,2008,262.90,113.36,-4.66
7208,Schmerzensschreie,ColdWorld,MelancholieA2,2008,344.69,134.83,-6.16
7210,School Spirit Skit 2,Kanye West,The College Dropout,2003,46.60,201.79,-13.93
7211,Schwarzarbeit,Geier Sturzflug,Mahlzeit!,2006,214.20,116.03,-4.53
7212,Scientas,Shamen,Boss Drum (album),1992,337.71,219.83,-14.44
7214,Scrap,Tin Hat Trio,Helium,2000,44.59,86.83,-15.41
7218,Screen Kiss,Thomas Dolby,Retrospectacle - The Best Of Thomas Dolby,1984,328.72,88.93,-17.43
7219,Scrimmage,Gerald Clayton,Two-Shade,2009,393.64,76.43,-14.23
7221,Se Puede Salir,Vilma E Vampiros Palma,Sepia Blanco & Negro,1995,265.33,127.88,-7.72
7223,Se Viene,Bersuit Vergarabat,De La Cabeza Con Bersuit Vergarabat,1998,220.29,148.41,-3.94
7224,Sea of Green,Slackbaba,And The Beat Goes Om,2006,465.63,88.64,-7.02
7226,Sea_ Subsurface,Aisha Duo,Quiet Songs,2005,350.64,132.89,-21.34
7227,SeA+-ora (bonus track),Francisco CA(c)spedes,Vida loca,1998,204.54,110.67,-9.84
7228,Search For Jenny,Francis Lai,Love Story,1970,184.45,85.13,-16.45
7229,Searching,Buju Banton,Voice Of Jamaica,1993,256.78,85.99,-13.14
7231,Searching For Home,Skrape,Up The Dose,2003,198.82,133.91,-9.30
7235,Second Chances feat. Bilal & Darien Brockington,Little Brother,LeftBack,2010,245.29,100.42,-7.53
7238,Second Time Around,Rickie Lee Jones,Pop Pop,1991,291.97,64.01,-25.34
7239,Secret,Eddie Turner,Rise,2005,254.90,93.99,-6.41
7240,Secret Handshakes,The Ataris,Welcome The Night,2006,222.90,174.47,-4.32
7241,Secret Lovers (Featuring Mica Paris),Alexander O'Neal,Alex Loves...,2008,268.28,160.03,-6.59
7242,Secret Smile,Semisonic,20th Century Masters: The Millennium Collection: Best Of Semisonic,1998,280.01,99.06,-9.43
7243,Secrets,Sunscreem,Secrets,1996,241.89,172.17,-8.09
7244,Sedona Suite (Sunrise/Prayer/Joy/Sunset),Tom Barabas,Sedona Suite,1992,743.37,134.49,-16.39
7246,See That Girl,Righteous Brothers,Gold,1965,190.14,72.66,-10.29
7248,See The Light,The Jeff Healey Band,Master Hits,1988,267.34,111.87,-4.73
7249,See The Lights (2002 Digital Remaster),Simple Minds,Real Life,1991,261.88,125.34,-7.97
7250,See What Tomorrow Brings,Arc Angels,Arc Angels,1992,386.79,125.79,-10.12
7257,Seed Will Grow,Ms. Dynamite / Kymani Marley,A Little Deeper,2002,202.21,90.00,-11.22
7258,Seeing Is Believing,Mike And The Mechanics,Living Years,1988,193.57,132.17,-5.24
7259,Seek 300,Information Society,Don't Be Afraid,1997,288.63,150.06,-8.15
7260,Segredo,JoAPSo Gilberto,Joao Voz E Violato,2000,197.20,127.78,-29.75
7266,Sellotape Flowers,Geiom,Sellotape Flowers,2001,365.61,119.90,-16.69
7267,Sencillamente,Bersuit Vergarabat,Testosterona,2005,307.36,135.98,-7.77
7269,Send Me An Angel,Zeromancer,Eurotrash,2001,236.54,130.00,-5.83
7270,Send Me The Pillow You Dream On,Hank Locklin,Super Box Of Country - 35 Country Classics From the 50's_ 60's_ 70's And 80's,1960,143.36,122.80,-10.07
7271,Sending A Message,Colin James,Traveler,2003,233.72,149.32,-7.38
7273,Seni Unuturum,Ebru GA1/4ndes,KaASSak,2006,249.00,120.06,-7.62
7274,Sensations,Bravehearts,Bravehearted (Clean),2003,209.03,199.07,-10.21
7276,Sense,Beherit,Electric Doom Synthesis,1995,625.58,111.13,-20.67
7280,Sensory Deprivation Adventure,From Autumn To Ashes,Holding A Wolf By The Ears,2007,175.80,93.06,-5.91
7281,Sent By Angels,Arc Angels,Arc Angels,1992,344.06,167.75,-10.63
7287,Separate Ways,Agnostic Front,Disarming Violence,2002,158.33,87.87,-3.50
7289,September Song,The Chico Hamilton Quintet With Fred Katz_ Paul Horn_ John Pisano_ Carson Smith,Classical Katz,1997,218.49,67.45,-23.60
7299,Serus,Workhorse,Beasts of Burden,2007,349.62,122.86,-6.58
7301,Servin' Tha Fiends,Bone Thugs-N-Harmony,BTNHRESURRECTION,2000,232.20,158.06,-4.88
7302,Set The World On Fire,Britt Nicole,Set The World On Fire (Premiere Performance Plus Track),2007,220.37,120.01,-4.58
7303,Set You Free This Time,Gene Clark,Echoes,1998,168.38,98.49,-12.77
7305,Sete Desejos,Alceu ValenASSa,2 Em 1,1992,205.87,144.16,-9.81
7306,Setting Fire to Sleeping Giants,The Dillinger Escape Plan,Miss Machine,2004,207.78,166.86,-4.26
7307,Seuraavassa elA$?mA$?ssA$?,Kaija Koo,Lauluja rakkaudesta,1995,227.37,121.98,-8.52
7308,Seven (Album),Cinder,House Full Of No Trust,2006,167.18,116.06,-4.18
7310,Seven Days Too Long,Dexy's Midnight Runners,It Was Like This,1980,157.75,151.12,-7.75
7312,Seventeen,Sex Pistols,Spunk,1977,129.93,129.72,-6.46
7315,Severe Severing,Klaus Badelt,Premonition,2007,592.56,246.59,-22.28
7323,Sexy Ladies,Justin Timberlake,FutureSex/LoveSounds,2006,238.60,100.01,-5.04
7324,Sfm,Basement Jaxx,Rooty,2001,161.85,130.86,-4.67
7326,Shadow,Warren Barfield,Reach,2006,207.52,117.99,-6.75
7327,Shadow After Dark,Ana Popovic,Still Making History,2007,263.84,177.36,-5.21
7328,Shadows,DJ Harry,Collision,2004,309.60,181.37,-7.25
7331,Shadows That Move,Mastodon,Call of the Mastodon,2001,233.59,89.78,-3.94
7332,Shadrach,Beastie Boys,Paul's Boutique,1989,247.80,100.79,-15.06
7336,Shake,Cam'Ron / JR Writer,Purple Haze,2004,208.93,115.14,-6.61
7337,Shake It Up (Album Version),Boney James And Rick Braun,Shake It Up,2000,243.49,96.14,-5.58
7338,Shake Some Action,Cracker,Clueless / Original Motion Picture Soundtrack,1995,263.86,136.46,-5.50
7340,Shame,Anna Abreu,Anna Abreu,2007,205.45,143.86,-6.69
7342,Shameless,All Time Low,So Wrong_ It's Right,2007,221.67,91.48,-2.84
7344,Shape Of My Heart,Backstreet Boys,Black & Blue,2000,173.56,86.69,-5.47
9538,When,Wilshire,New Universe,2003,181.50,126.18,-4.60
7345,Shattered Life,Seventh Day Slumber,Once Upon A Shattered Life,2005,209.74,150.58,-5.32
7348,She (1997 Digital Remaster),The Misfits,Static Age,1996,82.10,185.62,-8.29
7349,She Blinded Me With Science,Thomas Dolby,Blinded By Science,1982,223.45,128.65,-10.83
7352,She cracked,Modern Lovers,Live at the longbranch and more,1976,260.62,142.86,-12.50
7353,She Don't Belong To You,Sue Foley,Ten Days In November,1998,224.65,105.21,-6.28
7354,She Don't Move Me No More,BB King,The Road from Itta Bena,1995,186.41,52.93,-12.97
7358,She Is,The Fray,Acoustic In Nashville - Bootleg No. 2,2005,227.60,144.24,-6.13
7360,She Left Me A Mule,Sonny Landreth,Voices Of Americana: Sonny Landreth,1999,212.64,87.67,-12.62
7364,She Will Be Loved,Maroon 5,Call And Response: The Remix Album,2002,261.62,102.14,-5.74
7365,She Will Love You (Album Version),Aiden,Conviction,2007,258.82,143.02,-5.25
7366,She Will Never Let Me Down,Toots & The Maytals,Pressure Drop: The Definitive Collection,1998,125.88,115.75,-9.97
7367,She's A Go,Tum Tum / Double T / LiL Ronnie,Eat Or Get Ate,2007,214.02,155.39,-5.24
7370,She's All I Ever Had,Ricky Martin,Ricky Martin,1999,295.34,161.87,-5.68
7374,She's Little And She's Low,Robert Lockwood_ Jr.,I Got To Find Me A Woman,1998,340.87,164.39,-14.19
7379,She's So Tough,Mink DeVille,Cabretta,1977,166.03,109.06,-13.59
7380,She's So Young,Pursuit Of Happiness,Love Junk,1988,216.40,133.32,-10.81
7382,Shed So Many Tears,Johnny Winter,Gangster Of Love & Other Favorites (Digitally Remastered),1984,135.99,111.72,-15.09
7384,Shelter Your Needs,Juliette & The Licks,&Like A Bolt Of Lightning,2005,241.37,156.52,-5.20
7386,Shenandoah,The Statler Brothers,Flowers On The Wall:  The Essential Statler Brothers 1964-1969,1967,201.27,104.07,-16.82
7391,Shifter,Timo Maas featuring MC Chikaboo,Loud,2002,333.87,130.03,-7.14
7392,Shifty Disco Girl,Helen Love,Radio Hits 3,2000,185.36,95.58,-7.53
7395,Shine On Your Shoes,Jerry Lewis,Very Best Of,1995,136.93,71.91,-10.39
7398,Ship in a Painting,Gabriel Yared,1408,2007,100.02,137.15,-15.42
7399,Shirley,Lil' Band O' Gold,Lil' Band O Gold,2000,150.49,146.82,-10.45
7402,Sho' Enough,Tommy Castro,Exception To The Rule,1996,240.27,122.02,-9.31
7403,Shogun [with fade_ for special edition],Trivium,Shogun,2008,678.77,140.11,-4.00
7405,Shoot The Dog,George Michael,Twenty Five,2004,308.77,223.62,-7.26
7406,Shooting Stars,Cauterize,So Far From Real,2003,240.43,97.15,-4.71
7407,Short On Ideas / One Last Cigarette,Less Than Jake,Pezcore,2002,257.02,170.41,-1.98
7409,Should've Said No,Taylor Swift,Fearless,2006,245.79,167.97,-4.95
7413,Shovel,Mistress,In Disgust We Trust,2005,580.70,146.33,-4.52
7414,Show a Sign of Life,High Strung_ The,These Are Good Times,2003,123.87,155.52,-4.40
7424,Show You How,The Killers,Sawdust,2004,166.30,82.91,-6.47
7431,Shut Your Eyes,Snow Patrol,Shut Your Eyes,2006,209.16,125.06,-7.08
7433,Si Es Que Te Vas,Carlos Vives,Coleccion de Oro,2000,262.24,130.51,-8.29
7434,Si Je M'En Sors,Julie Zenatti,Si Je M'En Sors,2000,211.64,94.99,-7.05
7435,Si Juras Regresar,Enrique Iglesias,Enrique Iglesias,1995,263.81,141.22,-7.06
7442,Si Tu Veux Le Savoir,Marc Lavoine,C'Est Ca Lavoine,1995,190.67,140.42,-13.35
7448,Sickman,Alice In Chains,Jar of flies / Facelift / Dirt,1992,329.38,150.08,-5.63
7449,Sickness,Agnostic Front,Riot_ Riot_ Upstart,1999,92.19,151.18,-3.57
7451,Side Steppin',Paul Brown,The City,2005,214.70,114.02,-8.28
7457,Signapur,In Extremo,Mein rasend Herz,2005,233.74,114.13,-3.73
7458,Signs Can Hear All,Ciaran Byrne,Galtrim,2006,150.28,73.31,-14.31
7460,Sigui,Djelimady Tounkara,Sigui,2001,303.91,125.69,-11.58
7466,Silent Hill,Moss,Never Be Scared / Don't Be A Hero,2009,329.35,111.08,-7.67
7467,Silent Movies (Album Version),Grant Geissman,Rustic Technology,1993,349.23,100.33,-13.75
7468,Silent Night,Old Soul,Redeye 2008 Holiday Sampler,2008,85.99,135.04,-5.93
7469,Silent Night,Philip Bailey,The Colours Of Christmas,1998,210.94,160.31,-14.06
7470,Silent Night,Sergio Franchi,The Heart Of Christmas,1987,170.94,69.77,-16.41
7472,Silent Night_ Holy Night! (Album Version),Faith Hill,Joy To The World,2008,189.67,37.66,-16.40
7473,Silent Partner (Peace Out),Steinski,What Does It All Mean? - 1983-2006 Retrospective,2003,52.43,110.05,-18.60
7474,Silver Bells,Fontaine Sisters,Coccole di Natale,2004,199.00,84.14,-7.35
7477,Simon,Lifehouse,No Name Face,2000,360.96,141.78,-7.07
7481,Simple Livin' (Album Version),Gym Class Heroes,The Papercut Chronicles,2005,186.46,160.94,-6.24
7483,Simple Man,Bad Company,Hard Rock Live,1976,296.12,130.05,-9.05
7485,Simple Twist Of Fate,Bob Dylan,Desire/Blood On The Tracks/Street Legal,1975,257.62,136.84,-13.78
7486,Sin,Nine Inch Nails,Pretty Hate Machine,1989,242.96,85.60,-10.15
7493,Since The Last Time,ARRESTED DEVELOPMENT,Since the Last Time,2006,218.07,177.89,-6.25
7494,Since You're In Love,Jesse Malin,Mercury Retrograde,2004,260.62,120.65,-7.44
7503,Single Ladies (Put A Ring On It),BeyoncA(c),Single Ladies (Put A Ring On It) - Dance Remixes,2008,466.05,84.10,-6.59
7508,Sirius Calling,Art Ensemble Of Chicago,Sirius Calling,2004,207.10,96.41,-12.33
7509,Sista,City High,City High,2001,231.34,159.98,-7.99
7510,Sister Seagull (Live),Be Bop Deluxe,Live! In The Air Age,1991,221.94,121.62,-13.04
7511,Sister Sue,Commander Cody & His Lost Planet Airmen,Sea Cruise,1973,162.46,182.92,-14.15
7517,Six,Faithless,Insomnia - The Best Of,2004,142.52,229.81,-10.60
7518,Sixth of June,It Dies Today,Sirens,2007,184.24,160.13,-3.34
7521,Sk8 Tough,UK Subs,Huntington Beach,1986,136.78,137.28,-6.86
7525,Skiff For The Suits,Arsonists Get All The Girls,Portals,2009,218.49,166.41,-3.29
7528,Skinhead on the MBTA (Album Version),Dropkick Murphys,Do Or Die,1997,229.51,168.21,-3.92
7531,Skit,Rakim,The 18th Letter,1997,19.12,45.55,-18.83
7532,Skit #2 (Kanye West/Late Registration),Kanye West,Late Registration,2005,31.32,60.05,-12.37
7533,Skit #2 (Kanye West/Late Registration),Kanye West,Late Registration,2005,31.37,60.28,-12.35
7536,Sky Inferno,Goatwhore,Funeral Dirge for the Rotting Sun,2003,221.20,107.49,-5.51
7540,Skyswimmer,Enter the Haggis,Let The Wind Blow High,1999,399.88,85.40,-10.65
7544,Slap U Around,GWAR,This Toilet Earth,1994,159.69,136.21,-8.87
7546,Slatke male maloletnice,Beogradski Sindikat,Bssst.....Tisincina!,2002,415.50,100.02,-7.76
7548,Slave Song,Sade,Lovers Rock,2000,252.47,118.02,-10.01
7550,Slave To The Wage,Placebo,Black Market Music,2000,246.96,142.12,-6.03
7551,Slaves & Bulldozers,Soundgarden,Badmotorfinger,1991,415.82,131.27,-9.31
7552,Slavinka,Edgar De L'est,Les vacances,2002,317.28,125.03,-8.33
7555,Sleepwalker,Nightwish,Wishmaster,2000,175.80,78.01,-5.92
7556,Sleepwalkers,Non Phixion,Everything Is Nice: The Matador Records 10th Anniversary Anthology,1999,222.56,96.09,-5.72
7558,Sleepy Lad,Maximilian Hecker,Help Me,2004,174.24,77.01,-14.69
7559,Sleepy Man Blues,Bukka White,Blues With Bukka,1940,159.01,96.00,-22.51
7560,Sleuthing,Danny Elfman,Men In Black II - Music From The Motion Picture,2002,140.88,86.90,-22.44
7564,Slip Kid,The Who,The Who By Numbers,1975,271.70,151.80,-9.00
7565,Slip Out The Back (Album Version),Fort Minor (Featuring Mr. Hahn),The Rising Tied,2005,236.67,90.01,-6.48
7567,Slipping Away/Here Is Kazmeyer,Information Society,Hack,1990,251.61,90.01,-13.57
7568,Slips Of Paper,Dave Brockie Experience,Songs For The Wrong,2003,126.43,138.16,-6.29
7570,Sloppy (I Saw My Baby Gettin'),Devo,Q: Are We Not Men?  A: We Are Devo / Devo Live,1978,159.90,88.84,-11.70
7571,Sloppy Love Jingle_ Pt. 3 (Amended Album Version),Gym Class Heroes,As Cruel As School Children,2006,134.92,80.47,-13.12
7572,Slow And Low,RUN-DMC,King Of Rock,1985,266.21,163.88,-7.66
7577,Slow Poke,Pee Wee King,The Fabulous Fifties Vol 4,1989,182.28,133.79,-14.00
7578,Slow Ride [Live Version],Foghat,Live,1977,501.24,114.83,-9.82
7579,Slowly Rising,Soul Asylum,The Silver Lining,2006,235.21,151.94,-5.23
7582,Small Axe,Bob Marley,Lively Up Yourself,1999,224.97,101.12,-9.72
7584,Smile,K'Naan,The Dusty Foot On The Road,2004,249.13,163.44,-8.14
7585,Smile,Xcultures,One World One People,2000,38.35,107.18,-16.01
7586,Smile,Heavenly,Le Jardin De Heavenly,1992,234.61,69.97,-8.34
7589,Smile Jamaica,Bob Marley & The Wailers,Kaya,1992,307.62,146.58,-8.25
7591,Smoke,Vanessa Daou,Zipless (Deluxe),1994,167.63,123.09,-14.90
7594,Smoke In The Air (A Cappella),C.L. Smooth,American Me 12,2006,185.18,100.55,-13.91
7596,Smoke! Smoke! Smoke! (That Cigarette),Tex Williams,Smokin' Hits,1947,181.08,142.40,-27.00
7597,Smoke! Smoke! Smoke! (That Cigarette),Tex Williams,Vintage Collections,1947,174.73,84.85,-11.99
7598,Smooth Operator,Sade,Diamond Life,1983,298.89,119.90,-6.38
7606,Snowball,Test Icicles,For Screening Purposes Only,2005,190.25,75.03,-4.17
7607,Snowdrops,The Pineapple Thief,Little Man,2006,356.54,129.28,-10.06
7611,So deep,Ann Lee,So Deep,2000,380.08,132.00,-7.80
7612,So Different Blues,Mance Lipscomb,The Best of Mance Lipscomb,1993,181.39,161.70,-10.17
7613,So Do I,Arthur Tracy,Street Singer,1993,165.64,123.92,-19.21
7617,So hell mit Klause Duo,Flowin Immo et Les Freaqz,Immoment,2009,225.59,83.32,-7.49
7618,So Hot,Helen Love,Radio Hits,1994,81.97,100.76,-6.75
7621,So ist das nun mal,Andreas Dorau,So ist das nun mal,1997,395.18,124.99,-8.59
7622,So Ist Das Nun Mal,Andreas Dorau,Compact Disco Volume Two - Ladomat 2000,1997,312.95,84.99,-11.19
7624,So Jah Seh,Jackie Edwards,Roots And Culture Volume 3,2006,256.63,161.80,-12.10
7625,So Lonely,The Police,So Lonely,1978,289.65,156.96,-8.28
7627,so long_ astoria,The Ataris,Live At The Metro,2004,199.26,199.03,-3.25
7629,So Many Reasons,Jake Hess,Tribute To Jake Hess,2004,168.78,92.76,-13.48
7631,So Many Roads,Joe Bonamassa,Live From Nowhere In Particular,2006,372.77,66.37,-8.27
7635,So Not Over You (Motivo-Pop Lectro Mix),Simply Red,So Not Over You,2007,302.50,190.01,-8.59
7640,So Unhappy,Byther Smith,Hold That Train,2004,269.79,94.55,-10.48
7641,So What!,Tesla,Alive In Europe!,2008,228.99,88.13,-3.26
7643,So(u)l Invictus,Nightfall,Lyssa - Rural Gods And Astonishing Punishments,2004,190.88,105.06,-4.67
7646,Soc Mediterrani,Seguridad Social,Puerto escondido,2005,378.04,140.04,-5.17
7649,Soda Pop,John Fogerty,Eye Of The Zombie,1986,354.35,105.13,-7.33
7650,Sodding About,The Who,Sell Out,2009,167.44,120.93,-7.70
7652,Softcore,V'ro,Soul Zouk,2003,282.54,67.99,-6.98
7657,Soldats Ne Tirez Pas,Gerard Lenorman,Je Vous Reparlerai d'Amour,1989,191.74,112.19,-5.53
7659,Soldiers Of DoomsdayA,Winds Of Plague,The Great Stone War,2009,246.05,140.24,-3.26
7662,Solemn,Scott Glasgow,The Gene Generation,2009,85.16,42.18,-28.16
7663,Solid Gold (Evolution Mix) (2005 Digital Remaster),VHS Or Beta,Le Funk,2002,508.03,126.98,-6.99
7665,Some Enchanted Evening,Jay & The Americans,Come A Little Bit Closer,1988,137.19,119.44,-11.74
7666,Some Guys Have All The Luck,Robert Palmer,At The BBC,1981,184.35,126.51,-8.11
7668,Some Kind Of Zombie (Criscoteque Remix),Audio Adrenaline,Some Kind Of Zombie,1997,279.98,108.35,-5.93
7669,Some Lie For Love,L.A. Guns,Hollywood Vampires,1992,215.82,133.62,-9.77
7674,Somebody Loan Me A Dime,Fenton Robinson,Born With The Blues Double,1990,263.73,114.26,-12.35
7679,Somebody's Someone,Lonestar,Let's Be Us Again,2004,263.50,141.17,-8.16
7680,Someday,Mariah Carey,Mariah Carey Mtv Unplugged Ep,1990,236.51,111.76,-9.31
7684,Someday Baby,Otis Spann,The Complete Blue Horizon Sessions,1995,318.22,114.24,-9.15
7685,Someday My Luck Will Change,"Clarence ""Gatemouth"" Brown",The Man,1995,333.37,89.02,-9.89
7690,Something 'Bout Love,Lisa Lisa & Cult Jam,Super Hits,1997,302.76,107.78,-8.52
7691,Something About Mary,Wyclef Jean,The Ecleftic -2 Sides II A Book,2000,319.97,189.99,-6.43
7692,Something For The Pain,Robben Ford,Blue Moon,2002,298.37,111.90,-6.31
7693,Something Girls,Adam Ant,Friend Or Foe,1982,233.40,119.29,-9.01
7697,Sometimes,Les Rythmes Digitales feat. Nik Kershaw,Off The Wall - Ten Years of Wall of Sound,1999,297.46,123.83,-4.25
7700,Sometimes I,Plasmatics,New Hope For The Wretched,1979,230.66,113.11,-11.43
7707,Sommarens sista mAY=s,Arne Weise,Minnen _ drAPmmar och lite till,2002,198.24,144.08,-15.88
7708,Somos Gitanos,Gipsy Kings,Somos Gitanos,2001,222.93,118.06,-5.06
7710,Son Of A Bitch,Uriah Heep,Easy Livin' - The Singles A's & B's,2006,243.98,141.12,-7.98
7715,Song 2,Faith Yang,Self-Selected,2009,134.97,136.98,-6.22
7716,Song For A Friend (Live From Montalvo),Jason Mraz,Selections For Friends,2007,740.47,173.47,-10.80
7719,Song For Paul,Alex Gopher,Alex Gopher (Versailles Special Edition),2007,164.02,80.01,-12.84
7725,Song Of The Valley,John Cale,Artificial Intelligence,1985,307.23,134.26,-14.40
7726,Song Sung Blue,Neil Diamond,Hot August Nights II,1972,172.38,127.28,-12.41
7727,Song Sung Blue,Neil Diamond,Play Me: The Complete Uni Studio Recordings...Plus!,1972,194.40,164.36,-8.35
7728,Song Without End,Paul Avgerinos,Words Touch,2004,324.52,91.41,-18.21
7730,Sonnenfreunde,Carl Crack,Black Ark EP,1998,78.97,107.05,-14.16
7733,Soo Bawlz,Devo,Q: Are We Not Men?  A: We Are Devo / Devo Live,1979,141.09,155.26,-11.71
7734,Soon Come (2002 Digital Remaster),Peter Tosh,Bush Doctor,1978,238.24,92.64,-7.26
7736,Soorma,Jazzy B,Romeo,2005,411.69,156.07,-7.17
7737,Soot and Stars,The Smashing Pumpkins,Rarities & B-Sides,2001,399.99,66.41,-9.27
7739,Sophisticated Lady,Toots Thielemans,Only Trust Your Heart,1955,302.63,68.33,-16.25
7740,Sorrow's Call,Dave Eggar,Music For The Spirit Volume 3,1998,240.09,97.24,-27.85
7741,Sorry Feat. Rafaqat Ali Khan,Rishi Rich,The Project,2006,235.26,71.14,-7.68
7742,SOS,Rihanna,SOS,2006,244.51,139.30,-3.93
7743,Sosa (Explicit),A.Z.,Pieces Of A Man,1998,125.41,180.30,-8.01
7746,Soul,Pedro Luis e a Parede,Astronauta Tupy,1997,229.46,159.13,-6.03
7747,Soul Deep,The Box Tops,Dimensions,1969,148.04,121.27,-9.84
7750,Soul Music (ReMastered),Curtis Mayfield,Future Shock,2006,237.61,83.90,-14.36
7751,Soul Of A Man,Erja Lyytinen,Voracious Love,2010,111.80,91.76,-13.41
7752,Soul of Ethiopia,Oh No,Dr. Nos Ethiopium,2009,110.58,128.12,-7.10
7754,Soul Simplicity,Soulwax,Leave The Story Untold,1996,274.78,96.02,-9.06
7756,Sound Clash,Dream Warriors,The Master Plan,1996,262.19,144.07,-6.45
7757,Sound Clash (featuring Beenie Man) - FattaSly Extended Mix,Dream Warriors,The Master Plan,1996,414.25,106.82,-8.16
7759,Sounds So Good,Ashton Shepherd,Sounds So Good,2008,207.10,154.35,-4.66
7764,South,Bob Wills,Bob Wills Sings And Plays,1991,107.94,157.70,-9.39
7767,South Side Story,Lloyd Banks,The Hunger For More,2004,250.75,85.37,-2.84
7771,Souvenirs,Concretes,Hey Trouble,2007,204.85,89.68,-11.11
7774,Space Between Us (Album Version),Sister Hazel,Sister Hazel,1994,303.99,127.71,-8.31
7776,Space Station Liberty,Scott Glasgow,ROBOTECH: The Shadow Chronicles,2007,222.82,77.12,-14.15
7777,Spaced Invader (Ian Pooley Club Mix),Hatiras & Slarta John,Spaced Invader,2000,383.58,128.02,-5.38
7778,Spaceman,The Killers,Hitzone 49,2008,284.34,151.95,-6.55
7780,Spain,Neviss,Backseat Travelling,2003,169.66,94.32,-5.78
7782,Spanish Fly,Fudge Tunnel,Hate Songs in E Minor,1991,325.72,140.64,-13.70
7783,Spanish Grease,Willie Bobo,Willie Bobo's Finest Hour,1997,168.25,127.03,-9.62
7786,Spanish Nights,Michael Stanley Band,MSB,1982,346.57,92.16,-11.77
7788,Spann's Boogie,Otis Spann,Blues Masters Vol. 10,1990,134.90,162.68,-25.65
7789,Spark,Souls Of Mischief,Urban Renewal Program,2002,220.97,96.29,-5.91
7790,Sparkle,Camp Lo,Uptown Saturday Night,1997,227.66,93.73,-13.24
7794,Spaz's House Destruction Party,Anti-Flag,Underground Network,2001,184.06,131.12,-6.55
7795,Speak Low,Charlie Byrd,Byrd & Brazil,1997,348.21,94.22,-17.72
7799,Special,Wilshire,New Universe,2003,184.37,130.12,-3.66
7800,Special Someone,Geggy Tah,Into the Oh,2001,231.55,103.05,-9.78
7801,Speechless,Mish Mash,Ministry of Sound Presents 100,2006,211.90,124.04,-7.96
7803,Speed Of Sound (Live),Coldplay,Speed Of Sound,2005,285.05,122.94,-5.37
7805,Spencer-Tracey,Danny Wilson,Meet Danny Wilson,1987,92.42,158.21,-14.66
7807,Spent,Darwin's Waiting Room,Orphan,2001,204.80,104.97,-6.41
7808,Spider's Nest Blues,Memphis Jug Band,Move That Thing Vol 2,2005,184.53,94.85,-27.74
7809,Spin,Scarlet's Remains,The Palest Grey,2007,198.74,115.06,-7.47
7810,Spin (Album Version),Taking Back Sunday,Louder Now,2006,219.79,95.25,-4.16
7814,Spiritual Passion (aka Dubious),Dexys Midnight Runners,The Projected Passion Revue,2007,202.40,119.45,-8.21
7815,Spitting Games,Snow Patrol,Snow Patrol: Sessions@AOL,2003,229.64,74.58,-14.85
7816,Splendido Sundance,Al Di Meola,Splendido Hotel,1980,291.03,209.58,-13.74
7819,Spoken Word / Ogdens' Nut Gone Flake / Spoken Word,Small Faces,Ogdens' Nut Gone Flake,1968,248.24,77.09,-12.21
7823,Spooks In Space,Perrey And Kingsley,Vanguard Visionaries,1966,122.64,102.54,-8.54
7824,Spoonful,Robben Ford,Soul On Ten,2009,367.99,126.42,-6.63
7826,Sporable,Winifred Phillips,Spore Hero,2009,141.19,130.20,-15.84
7827,Sporco Ma Distinto,Ennio Morricone,Le Ruffian (Bande originale du film de JosA(c) Giovanni (1982)),1983,118.33,87.15,-11.01
7830,Spotlight,Future Leaders of the World,LVL IV,2004,249.68,120.64,-4.18
7833,Squanderer,Shriekback,Glory Bumps,2007,234.68,70.07,-5.97
7834,Squarebiz,Galactic,From the Corner To the Block,2007,205.09,91.89,-4.18
7835,St Patrick's An Dro,Carlos NuA+-ez,Un Galicien En Bretagne,2003,213.89,162.44,-8.30
7840,Stagger Lee,Nick Cave & The Bad Seeds,Murder Ballads,1996,315.09,153.77,-9.29
7842,Stairs To the Attic,The Antlers,In the Attic of the Universe,2007,277.99,80.02,-8.88
7843,Stairway To Cleveland,Jefferson Starship,Modern Times,1981,240.35,189.74,-6.68
7844,Stampede,He Is Legend,Suck Out The Poison,2006,207.12,97.97,-6.81
7845,Stand,Pedro Aznar,David Y Goliath,1995,194.61,110.18,-7.68
7847,Stand By Me,Atomic Rooster,Made In England,1972,203.31,104.80,-6.96
7849,Stand By Your Man,Tammy Wynette,Country 100,1968,159.61,105.20,-13.59
7851,Stand Firm (2002 Digital Remaster),Peter Tosh,Bush Doctor,1978,371.15,146.64,-9.82
7855,Standing In The Shower... Thinking ( LP Version ),Jane's Addiction,Nothing's Shocking,1988,185.16,223.39,-8.79
7856,Standing Knee Deep In a River (Dying Of Thirst),Kathy Mattea,The Ultimate Collection,1992,250.33,132.34,-9.35
7857,Standing On My Own,Agnostic Front,Dead Yuppies,2001,105.85,112.29,-5.15
7861,Star,Krystof,Mikrokosmos,2004,301.24,105.16,-7.02
7862,Star Signs,Leona Naess,Leona Naess,2003,292.88,129.89,-14.51
7864,Starlight,Snowgoons,Black Snow,2008,232.75,104.71,-2.42
7867,Start Me Up,The Rolling Stones,Live Licks,1981,242.21,130.37,-3.24
7869,Start The Fire,Margaret Becker,The Reckoning,1989,261.04,149.92,-9.80
7870,Start!,The Jam,Snap,1980,135.84,139.83,-8.02
7871,Start!,The Jam,Dig The New Breed,1980,147.64,144.42,-12.79
7872,State of Emergency,Nick Jonas & The Administration,Who I Am,2010,214.73,92.11,-4.38
7873,State Of The Union,Rise Against,Siren Song Of The Counter-Culture,2004,139.18,132.05,-3.62
7876,Stay Down Here Where You Belong,Tiny Tim,God Bless Tiny Tim: The Complete Reprise Studio Masters... And More,1968,177.01,105.85,-12.26
7877,Stay Loose,Belle & Sebastian,Dear Catastrophe Waitress,2003,401.87,86.51,-7.92
7878,Stay Real,Erick Sermon,No Pressure,1993,235.52,97.54,-9.36
7879,Stay With Me,Faces,The Best Of Faces: Good Boys When They're Asleep,1971,279.85,182.09,-8.03
7882,Steel Guitar Rag,Alvino Rey And His Orchestra,Big Band Favourites Vol 3,2005,156.06,165.14,-11.96
7883,Steel Guiter Stomp,Hank Penny,Country Hits Vol. 5,2008,170.47,117.73,-12.36
7885,Step Up,Flamin' Groovies,Step Up,1991,199.50,159.34,-9.11
7886,Stephanie Says,The Velvet Underground,The Velvet Underground Story 2CD Set,1985,170.89,112.48,-15.59
7892,Stickin In My Eye,NOFX,White Trash ......,1992,144.51,152.62,-7.79
7893,Still,Foo Fighters,In Your Honour,2005,313.10,110.74,-12.58
7894,Still,Jennifer Lopez,This Is Me...Then,2002,220.55,95.65,-5.05
7896,Still a Fool,Groundhogs,U.S. Tour '72,1968,1023.87,126.57,-13.81
7901,Still I Will,Lisa Lynne,Maiden's Prayer,2001,261.96,106.01,-9.56
7902,Still I'm Sad,Rainbow,On Stage,1975,663.25,162.38,-10.18
7903,Still In Love,Nick Cave & The Bad Seeds,Nocturama,2003,283.74,116.62,-11.77
7904,Still Lost in the Forest,Anne Dudley,The 10th Kingdom,2000,177.45,172.22,-19.60
7905,Still Love Remains (Album Version),Seal,Human Being,1998,354.77,153.73,-11.92
7906,Still There For Me,Keb' Mo',Suitcase,2006,190.56,89.97,-10.55
7909,Sting Me,The Black Crowes,The Southern Harmony And Musical Companion,1992,348.89,97.67,-7.35
7911,Stir The Gift,Deitrick Haddon,Crossroads,2004,199.08,139.54,-7.08
7913,Stolen Pills,Spiral Stairs,The Real Feel,2009,146.99,152.63,-5.68
7915,Stone a Pig,Bongzilla,Live From the Relapse Contamination Festival,2002,422.56,102.74,-9.93
7917,Stood Up,Floyd Cramer,The Essential Floyd Cramer,1979,125.86,104.79,-19.12
7919,Stop Complaining/Remix/Jam,Lyrics Born,Overnite Encore: Lyrics Born Live!,2006,445.49,110.93,-5.41
7920,Stop It,The Frequency,THE FREQUENCY,2004,195.21,118.01,-9.33
7921,Stop That Thing,Sleepy John Estes,Legendary Country Blues Artists - CD A,1935,163.92,96.98,-15.83
7922,Stop The World,RIDDLIN' KIDS,Stop The World,2004,195.66,144.72,-3.04
7925,Stop Whispering (US Version),Radiohead,Pablo Honey (Collector's Edition),1993,250.83,122.43,-14.75
7926,Stop!,Joe Bonamassa,Joe Bonamassa Live From The Royal Albert Hall (Live Audio Version),2009,356.05,85.40,-9.16
7929,Storm,The Pharcyde,Humboldt Beginnings,2004,217.89,97.59,-4.16
7930,Storm In My Heart,Dolores Keane,Celtic Woman 3,1993,272.59,149.62,-12.58
7931,Stormtrooper (Live),Pepper,Kona Gold,2009,108.93,148.71,-5.36
7932,Stormy Weather,Quincy Jones,Take Five,1988,196.05,72.12,-12.18
7936,Stranded In The Jungle,The New York Dolls,20th Century Masters: The Millennium Collection: Best Of The New York Dolls,1974,245.68,88.51,-9.33
7937,Strange Days ( LP Version ),The Doors,Strange Days,1967,186.57,121.74,-6.77
7938,Strange Fruit,James Carter,Gardenias For Lady Day,2003,258.43,81.49,-6.12
7939,Strange Kinda Feeling (Take 4),Elmore James,Dark And Dreary,1993,57.39,172.90,-10.99
7941,Strange Thing,Buzzcocks,French,1980,219.19,176.15,-7.74
7942,Strange Things,Tanto Metro & Devonte,Riddim Driven: Celebration,2004,158.20,104.47,-6.71
7943,Strange Way To Save The World,4Him,Chapter One .. A Decade,2000,270.29,120.08,-12.92
7945,Stranger In My Room,Year Long Disaster,Black Magic; All Mysteries Revealed,2010,222.04,166.03,-4.78
7947,Strangers In The Night,Glen Washington,Romantic Reggae Vol. 3,2000,201.56,153.60,-4.86
7950,Stratus (EP Version),Moments In Grace,These Days Will Fade,2004,254.43,92.22,-5.03
7952,Streamline,System of a Down,Steal This Album!,2001,217.60,130.87,-3.96
7953,Street Car Blues,Sleepy John Estes,Legendary Country Blues Artists - CD A,1930,196.88,158.77,-18.34
7954,Street Crab,Helmet,Betty,1994,212.17,141.17,-10.56
7955,Street Lights,Kanye West,808s & Heartbreak,2008,189.96,125.59,-9.64
7964,Strip The Soul (album version),Porcupine Tree,In Absentia,2002,441.89,154.24,-5.94
7965,Stronger Than Me,Amy Winehouse,Take The Box,2003,256.10,91.20,-7.76
7966,Stuck In A Moment You can't Get Out Of,Mariano Yanani,Babies Go U2,2003,212.06,160.03,-14.33
7972,Studio Gangster,5th Ward Boyz,Ghetto Dope,1993,245.99,165.78,-6.57
7974,Stumble,R.E.M.,Dead Letter Office: The I.R.S. Years Vintage 1987,1982,340.11,153.83,-13.69
7975,Stumblin' Man (Album),Tad,8-Way Santa,1991,215.43,157.53,-12.07
7988,Subterranean Homesick Alien,Radiohead,OK Computer (Collector's Edition),1997,267.21,150.85,-9.15
7990,Succotash,Claw Hammer,Ramwhale,1998,291.79,149.17,-9.47
7992,Suck My Blood,Beherit,Engram,2009,266.89,149.07,-5.27
7993,Sucker,New Found Glory,New Found Glory,2000,172.22,125.31,-5.07
7995,Sudanese Dance,Xcultures,One World One People,2000,273.53,125.01,-6.31
7997,SueA+-o Salvaje,Los Indios Tabajaras,Serie Platino,1997,171.28,128.16,-18.70
7999,Suffocating Under Words Of Sorrow (What Can I Do),Bullet For My Valentine,The Poison,2005,215.54,188.92,-2.32
8000,Sugar Blues,Bob Willis,Texas Playboys,2000,172.09,121.92,-13.56
8001,Sugar Bush,Bert Kaempfert,Two In One - A Singin' Safari/Safari Swings Again,1997,201.43,161.80,-18.99
8002,Sugar Buzz,Russell Malone,Playground,2007,286.67,86.17,-13.76
8004,Sugar Coated Sour,The Dillinger Escape Plan,Calculating Infinity,1999,144.01,71.71,-4.53
8006,Suicidal Dream,Silverchair,Frogstomp,1995,191.95,97.64,-7.71
8007,Suicide,Redman,Red Gone Wild,2007,209.84,98.40,-12.47
8008,Suicide,Aceyalone,Lightning Strikes,2007,170.19,129.96,-4.15
8012,Summer Dying Fast,Cradle Of Filth,Bitter Suites to Succubi,1994,321.36,193.69,-6.20
8013,summer jam,Set Your Goals,This Will Be The Death Of Us,2009,185.86,99.02,-3.24
8014,Summer Love Triangle,David Tao,Zero To Hero,2009,260.34,136.75,-4.60
8015,Summer Nite,The Plasmatics,Beyond The Valley Of 1984,1981,286.90,119.38,-4.91
8016,Summer Of Love,Novaspace,DJ Edition,2004,356.23,131.99,-5.86
8017,Summer Rain,James Last,James Last And Friends,1998,227.94,84.00,-10.24
8019,Summer Shudder,AFI,DECEMBERUNDERGROUND,2006,187.04,170.05,-4.18
8020,Summer Summer,The Almost,Monster Monster,2009,240.80,136.15,-5.35
8021,Summerfish,Leonid Rudenko,Summerfish,2006,395.28,127.98,-5.30
8022,Sun Is Shining,Deekline & Wizard,Breaks_ Beats & Blondes,2004,271.78,90.65,-6.95
8023,Sun Shower - Cadence Weapon Remix (Cd),Busdriver,Sun Shower,2007,316.21,129.99,-7.64
8024,Sun Shower (Single Version),Busdriver,Sun Shower,2007,223.69,130.13,-7.33
8025,Sunday,Bebo Norman,The Way We Love,2006,219.45,90.19,-10.49
8030,Sunny Came Home,Shawn Colvin,Live,1996,250.70,109.15,-12.81
8036,Sunshower,Dave Valentin,Sunshower,1999,277.21,82.76,-12.18
8037,SUPER RISTA,TRAM 11,BLACKOUT 00,2000,303.05,90.02,-7.21
8041,Supercuts,Rodney O & Joe Cooley,Greatest Hits,1995,346.23,118.93,-13.26
8043,Superman,Donna Fargo,100 #1 Country Hits,1999,149.63,202.36,-9.84
8044,Superman,Unwritten Law,Oz Factor,1996,216.82,201.27,-5.24
8046,Superscout,Sensations,Listen To My Shapes,2005,165.20,183.51,-8.65
8047,Superstar,BigElf,Cheat the Gallows,2008,225.59,120.07,-4.46
8048,Superstar,For Squirrels,Example,1995,200.07,162.91,-4.74
8050,Superstar Dog,Curtis,Superstar Dog,1999,456.52,127.87,-11.01
8051,Supertouch/shitfit (Bad Brains),Hatebreed,For The Lions,2009,141.50,175.36,-4.57
8053,Supreme Girl,The Sterns,Sinners Stick Together,2006,151.82,157.75,-4.03
8054,Sur L'autre rive,Annie Blanchard,Sur l'autre rive,2007,260.81,101.87,-11.84
8055,Surf Bat (Album Version),45 Grave,Sleep In Safety,1983,118.39,173.58,-10.29
8056,Surf of Syn,GWAR,Ragnarock,1995,261.80,200.20,-7.51
8059,Survivalism,Nine Inch Nails,Survivalism,2007,256.84,86.62,-6.79
8061,Suti-suti,M.A. Numminen,Gommin ja Pommin metsA$?karnevaali,2002,118.31,110.59,-9.17
8062,Svedomi,Krystof,Rubikon,2006,222.33,88.02,-6.61
8063,Swallow The Knife (Live) (Segue),Story Of The Year,Live In The Lou,2005,75.57,100.03,-7.63
8065,Sweet & Dandy,Toots & The Maytals,From Bam Bam To Cherry Oh! Baby,1984,169.53,163.75,-5.91
8068,Sweet Child O' Mine,Guns N' Roses,Live Era '87-'93,1987,445.18,134.19,-3.89
8070,Sweet Contradiction,Aaron Watson,Angels & Outlaws,2008,257.36,124.15,-9.25
8072,Sweet Disposition,The Temper Trap,Nu Disco '10,2008,232.75,128.96,-5.13
8077,Sweet Lover Hangover,Love and Rockets,Sweet F.A.,1996,311.20,97.04,-9.36
8079,Sweet Southern Comfort,Buddy Jewell,Buddy Jewell,2003,212.90,147.93,-6.99
8080,Sweet Suffering Christ,Margaret Becker,Coram Deo II: People Of Praise,1993,242.13,110.83,-16.69
8081,Sweet To Mama,Frank Stokes,Creator Of The Memphis Blues,2005,176.33,149.06,-16.75
8083,Sweetest Goodbye,Maroon 5,Songs About Jane,2002,270.71,164.05,-6.25
8086,Swing Life Away,Rise Against,Siren Song Of The Counter-Culture,2003,200.12,184.59,-7.68
8088,Swing Swang,Naughty By Nature,Icons,2002,245.66,93.98,-3.74
8089,Swing Vagabond,Quadro Nuevo,Tango Bitter Sweet,2006,272.93,105.07,-11.44
8091,Swinging On A Star,Big Dee Irwin,Christmas With The Stars,1990,156.03,108.10,-9.93
8092,Sympathy,Sylver,Nighttime Calls,2004,170.50,138.94,-9.12
8095,Sympozium,Dimmu Borgir,Puritanical Euphoric Misanthropia,2001,313.89,186.85,-2.31
8096,Synthesizer,OutKast featuring George Clinton,Aquemini,1998,311.30,94.90,-6.79
8098,Syrup Sipping (Banner Beat Break),David Banner,The Greatest Story Ever Told,2008,72.44,167.02,-11.58
8101,T-Ball and Indian Guides (LP Version),Bill Engvall,Dorkfish,1998,482.22,112.96,-11.69
8105,T.V. Eye (Take 3),The Stooges,1970: The Complete Fun House Sessions,1999,328.91,132.60,-6.86
8111,TA3cale Las Palmas,Peret,La Salsa De La Rumba,1973,179.70,86.01,-3.97
8112,Tabernacle Song,Fake Problems,It's Great To Be Alive,2009,195.47,103.78,-7.25
8114,Tabloid Junkie,Michael Jackson,HIStory - PAST_ PRESENT AND FUTURE - Book I,1995,272.72,111.13,-6.78
8115,Tainted Love feat. Tatz,NG3,As Nasty As we Wanna Be,2003,240.51,106.02,-3.30
8119,Take Her Out,Alice In Chains,Black Gives Way To Blue,2009,239.36,96.94,-4.99
8121,Take It For Granted,Atomic Rooster,The Greatest Hits - Vol. 2,2005,249.94,119.98,-13.83
8126,Take Me With You,Marilyn Scott,Take Me With You,1995,245.63,110.23,-11.57
8127,Take My Breath Away,Jessica Simpson,In This Skin (Standard Package),2004,196.13,99.91,-6.22
8128,Take My Hand,Ben Harper And The Blind Boys Of Alabama,There Will Be A Light,2004,234.66,164.64,-9.77
8132,Take The Long Way Home,Faithless,Live At Alexandra Palace,1998,275.12,130.00,-7.85
8133,Take The Time,Michael Stanley Band,MSB,1982,335.10,182.72,-8.93
8134,Take The Time,Bad Company,Desolation Angels,1979,253.02,131.56,-8.89
8135,Take The Veil Cerpin Taxt,The Mars Volta,Deloused in the Comatorium,2003,521.64,174.79,-3.74
8136,Take The Wheel,Pacha Massive,If You Want it,2009,211.17,102.01,-8.33
8139,Take Your Fingers From My Hair  (LP Version),Zebra,Zebra,1983,441.52,138.83,-10.16
8144,Talk About Me,Screamin' Jay Hawkins,Screamin' Jay Hawkins,1995,150.57,63.26,-11.32
8145,Talk About Us,Jennifer Lopez,On The 6 / J. Lo (Coffret 2 CD),1999,275.70,80.98,-6.52
8147,Talk Of The Town,Firehouse,Hold Your Fire,1992,278.13,119.42,-7.35
8148,Talk To Me,Storyville,Dog Years,1998,343.59,91.98,-10.09
8149,Talk To Your Daughter (Album Version),Robben Ford,Talk To Your Daughter,1988,250.54,137.23,-12.69
8151,Talking About It Blues,Otis Taylor,Pentatonic Wars and Love Songs,2009,285.73,148.02,-11.00
8154,Talking To Trees,The Cat's Miaow,A Kiss And A Cuddle,2003,103.00,92.97,-15.83
8157,Tango,Charly Garcia,Rock And Roll Yo,2003,162.72,126.95,-10.26
8162,Tania,Fruko Y Sus Tesos,Greatest Salsa Classics Of Colombia - Vol. 1,1995,223.61,103.20,-8.44
8166,TAo,Shakira,Donde Estan Los Ladrones,1998,214.13,139.95,-10.65
8172,Taste It,Busta Rhymes,It Ain't Safe No More,2002,226.32,146.97,-7.96
8173,Taste Of Dis (Explicit Version),Brooke Valentine,Chain Letter,2005,261.54,111.94,-6.83
8174,Taste You,Auf Der Maur,Auf Der Maur,2004,277.89,125.05,-7.32
8175,Tastes So Good To Me,Cross Country,Cross Country,2009,189.96,185.62,-8.17
8177,Te Ando Buscando,Los MuA+-equitos De Matanzas,Rumberos de Corazon- 50 Aniversario,2007,301.19,91.94,-11.13
8180,Te extraA+-o porque te extraA+-o,Carlos Baute,De mi puA+-o y letra - Edicion Coleccionista,2008,210.68,105.01,-4.76
8182,Te Hacen Falta Vitaminas,Soda Stereo,Gira Me VerA!s Volver,1984,225.12,175.42,-3.82
8190,Te quiero tanto,Vilma Palma e Vampiros,Lo Mejor De Vilma Palma,1993,210.05,127.80,-6.11
8195,Tearing Everyone Down,Anti-Flag,A New Kind of Army,1998,175.26,110.13,-2.26
8196,Tears Falling Down,Charlie Peacock,West Coast Diaries Vol.1-cass.,1988,180.14,130.44,-12.09
8197,Teasin' Brown,North Mississippi Allstars,Electric Blue Watermelon,2005,219.06,114.12,-5.83
8200,Teenage Queen (Album Version),Aiden,Conviction,2007,206.84,163.60,-5.65
8202,Teeny Weeny String Bikini,Gunther & the Sunshine Girls,Pleasure Man,2004,240.40,131.99,-3.33
8203,Tel Que Tu Es,Charlotte Gainsbourg,05:55,2006,189.70,119.68,-12.10
8206,Telegrama,Zeca Baleiro,Baladas Do Asfalto e Outros Blue Ao Vivo,2002,364.72,80.06,-10.20
8207,Telepathy/Ted Haggard Got Cured of the Gay,Joe Rogan,Talking Monkeys In Space,2010,179.51,134.11,-5.48
8208,Telephone Song,The Vaughan Brothers;Stevie Ray Vaughan;Jimmy Vaughan,The Essential Stevie Ray Vaughan And Double Trouble,1990,208.48,117.95,-8.07
8209,Tell Him,The Exciters,Girls of the 60's,1962,142.21,89.34,-8.81
8210,Tell It Like It T-I-IS (Album Version),The B-52's,Good Stuff,1992,313.21,136.77,-7.47
8212,Tell Me,Toni Braxton,More Than A Woman,2002,249.18,84.80,-6.30
8216,Tell Me Who,Big Maybelle,I've Got A Feelin' - Okeh & Savoy Recordings 1952-56,1995,130.87,173.07,-5.72
8217,Tell Me Why,Dave Hollister,Things In The Game Done Changed,2006,305.34,118.05,-7.23
8221,Tell Your Momma Come,Black Eyed Peas,Bridging The Gap,2000,196.36,204.30,-5.07
8222,Telling Me Lies,Dolores Keane,Solid Ground,1993,229.93,114.09,-14.38
8224,Tema Da DesilusAPSo (Garota De Ipanema),Orquestra,"Trilha Sonora Do Filme ""Garota De Ipanema",1967,87.59,104.75,-13.77
8225,Tema De Adrian,2 Minutos,Volvio La Alegria_ Vieja !!!,2003,178.73,102.06,-10.69
8226,Temblando,Alex Ubago,Siempre en mi mente,2003,201.09,96.70,-8.21
8231,Ten Thousand Angels,Mindy McCready,I'm Still Here,1996,231.84,100.88,-6.16
8232,Ten Tonne,Chase & Status,Ten Tonne EP,2005,337.68,174.99,-5.13
8237,Tengo Un Amor,Toby Love featuring Rakim & Ken-Y,Toby Love,2007,260.28,134.01,-6.05
8238,Tengo Un Novio TA!ntriko,Las Ketchup,Hijas Del Tomate,2002,195.74,90.55,-4.94
8239,Tenhert,Tinariwen,Imidiwan: Companions,2009,328.86,93.33,-7.16
8240,Tennessee Blues (Album Version),Geoff Muldaur,Is Having A Wonderful Time,2008,217.89,82.76,-26.77
8243,Terapia De Amor Intensiva,Soda Stereo,De Musica Ligera,1988,340.30,91.33,-11.36
8244,Tercer Mundo,Fito Paez,Tercer Mundo,1990,284.26,97.87,-7.11
8245,Teri Nau Ke Paune Teen,Daler Mehndi,Ek-Dana,2000,245.50,146.86,-4.46
8247,Terminus,Photek,Solaris,2000,326.92,104.98,-7.27
8248,Termites in the Bathtub,Dntel,Early Works for Me If It Works for You II,1998,264.78,120.16,-12.80
8249,Terra,Luar Na Lubre,lo mejor de  Luar na Lubre,2001,251.82,229.91,-8.65
8252,Terve menoo jA$?tkA$?nretale,Irwin Goodman,Kolmastoista kerta,1977,200.91,108.20,-5.90
8257,Testify,Phil Collins,Love Songs,2002,392.83,85.08,-5.30
8258,Tetrispack,Modeselektor,Hello Mom!,2005,256.31,205.97,-8.79
8261,Tha Stand,Bad Azz,Word On Tha Streets,1998,211.30,86.98,-5.11
8265,Thank You Lord,Horace Andy,Feel Good All Over: Anthology 1970-1976,1985,176.27,151.91,-11.48
8268,Thanks A Lot,Martina McBride,Timeless,2005,155.98,168.08,-7.71
8270,That Blows My Mind (Slammin' and Way Out There!),The Gone Jackals,Blue Pyramid,1998,228.94,177.56,-5.38
8273,That Old Gang Of Mine,Dean Martin,Once In A While,2002,146.00,120.46,-14.10
8274,That Rock Won't Roll,Restless Heart,Greatest Hits,1986,210.47,114.38,-13.64
8276,That's A Woman,Mark Wills,The Definitive Collection,2003,162.38,69.22,-11.53
8279,That's The Kind Of Baby For Me,Eddie Cantor,All Time Greats,2000,145.32,122.89,-24.71
8280,That's The Way It Is,Sun Yan-Zi,Start,2002,215.54,86.06,-7.55
8281,That's What You Said  (LP Version),Phil Collins,Dance Into The Light,1996,260.96,129.73,-6.68
8283,Thats What I Like About a Country Song,Aaron Watson,Angels & Outlaws,2008,170.84,138.47,-9.91
8284,The  First Of The Year,Rubyhorse,Rise,2002,228.21,125.90,-13.56
8286,The 4th Dimension (LP Version),Devo,Shout,1984,264.33,144.80,-10.50
8290,The Ambush,Open Hand,You And Me,2004,136.99,154.21,-5.65
8291,The American Ruse (LP Version),The MC5,Back In The USA,1970,149.97,173.34,-2.97
8293,The Anthem,Hatiras,Hatiras - Electronic Luv,2002,298.19,132.00,-6.13
8294,The Arctic Ocean (Album Version),Sinch,Sinch,2002,232.20,131.92,-5.55
8297,The Attitude Song,Steve Vai,Live In London,1984,693.58,116.06,-5.19
8298,The Ava Song,Francis Dunnery,Man,2001,257.20,101.66,-7.88
8302,The Ball,Harry Gregson-Williams,Shrek 2,2004,69.64,93.10,-8.97
8303,The Ballad Of Sleeping Beauty,Sophie B. Hawkins,Whaler,1994,305.16,105.00,-6.30
8306,The Battle Of New Orleans,Johnny Horton,100 Country Classics,1959,148.79,179.31,-8.60
8307,The Beat Of My Heart,Eliane Elias,Everything I Love,2000,138.40,83.22,-21.30
8308,The Beautiful Shepherdess of Arcadia,The Baltimore Consort,A Trip to Killburn,1996,614.01,130.57,-21.93
8309,The Beginning,Salt The Wound,Carnal Repercussions,2008,96.65,120.50,-8.96
8310,The Beginning (Giro E Giro Mix),Seal,The Beginning,1991,368.06,123.80,-12.10
8313,The Benevolent Path,Vulture Industries,The Dystopia Journals,2007,379.30,100.08,-3.74
8316,The Big Stall,Theodore Shapiro,Fun With Dick And Jane,2006,82.31,124.89,-15.41
8317,The Blackest Years (CD only hidden track),The Distillers,The Distillers,2000,448.55,161.29,-5.06
8319,The Blinding Sun,Gustavo Santaolalla,Babel - Music From And Inspired By The Motion Picture,2006,117.18,90.46,-13.51
8321,The Blue Side of The Sun,Sigmatropic,Dark Outside,2007,263.58,128.01,-8.51
8322,The Book of Disquiet,Hey Colossus,Project: Death,2007,420.07,84.52,-10.02
8324,The Bottom Line,Rick Astley,Free,1991,317.83,174.06,-14.99
8326,The Bubble,Tha Liks featuring King T,X.O. Experience,2001,251.64,89.31,-5.17
8328,The Burden (Album Version),Dropkick Murphys,The Warrior's Code,2005,175.96,140.62,-1.98
8330,The Burning Season (Live),Primordial,A Journey's End,1998,508.34,118.20,-10.14
8331,The Burp Heard 'Round The World,James Newton Howard,Nanny McPhee & The Big Bang,2010,110.52,84.97,-9.52
8333,The Call,Backstreet Boys,Black & Blue,2000,236.28,104.00,-2.80
8336,The Carpal Tunnel Of Love,Fall Out Boy,Infinity On High,2007,203.91,140.88,-3.24
8337,The Carrying Arms,The Antlers,In the Attic of the Universe,2007,107.99,150.31,-17.62
8339,The Champ,Robben Ford,Tiger Walk,1997,312.92,114.68,-9.93
8340,The Chance,Julie Roberts,Julie Roberts,2004,287.50,139.99,-12.52
8342,The Chosen Legacy,Dimmu Borgir,In Sorte Diaboli,2007,259.03,150.06,-3.56
8343,The Christmas Song,Mannheim Steamroller,Christmas Song,2009,199.84,96.00,-11.95
8347,The Cleansing Apparatus,A Different Breed of Killer,I_ Colossus,2008,187.25,192.73,-5.03
8348,The Climb/Paranoia,The Pharcyde,Humboldt Beginnings,2004,247.12,161.85,-5.18
8349,The Coldest Days Of My Life,The Chi-Lites,The Chi-Lites Live In Concert,1972,274.83,139.93,-10.96
8350,The Coloness Of The Chain,Tony Joe White,The Path Of A Decent Groove,1993,329.35,139.91,-17.82
8354,The Cookie Bakers of the Night,Laurie Berkner,Buzz Buzz,2001,233.46,144.71,-16.26
8356,the Cool Down,Soul Ballet,LAViSH,2007,330.37,108.02,-7.34
8357,The Court,Zbigniew Preisner,3 Couleurs : Blanc,1994,63.63,35.35,-31.71
8358,The Croppy Boy,The Irish Tenors,Live From Ellis Island,2001,283.56,142.61,-22.00
8359,The Cross That Bears His Name,Cheri Keaggy,Child of the Father,1994,262.24,97.98,-14.17
8360,The Cube (Live),S.U.P,To Live Alone,2001,384.70,137.86,-8.16
8361,The Czar: Usurper/Escape/Martyr/Spiral (Album Version),Mastodon,Crack The Skye,2009,654.29,118.43,-5.88
8364,The Dance Of Europe,Dave Brockie Experience,Diarrhea Of A Madman,2001,135.86,99.96,-3.31
8365,The Dark Road,White Willow,Signal To Noise,2006,257.28,112.77,-6.78
8366,The Darker Side,Lizzy Borden,Appointment With Death,2007,379.11,115.12,-4.43
8367,The Darkness (Komor Kommando Mix),Zombie Girl,Endzeit Bunkertracks - Act IV: The Alfa Matrix Selection,2009,256.73,120.10,-7.48
8368,The Date ( LP Version ),Scott Weiland,12 Bar Blues,1998,321.02,112.68,-5.33
8369,The Date (Remix By Ana Rago),Avril - Remix By Ana Rago,The Date - Dated Girls Remixes,2002,188.39,85.28,-18.40
8370,The Day After (featuring Syleena Johnson) (Explicit Chopped & Screwed Version),Twista,The Day After,2005,200.99,90.16,-8.27
8371,The Death Of Romance,Zeromancer,The Death Of Romance,2010,207.18,117.03,-6.24
8372,The Deceived,Trivium,Ember To Inferno,2004,360.75,105.54,-3.13
8374,The Devil,The Rapture,Pieces Of The People We Love,2006,277.03,119.81,-6.43
8375,The Devil Made Me Do Dat (LP Version),Young-Holt Unlimited,Mellow Dreamin',1970,176.64,166.80,-11.99
8377,The Distance,Bon Jovi,Bounce - Special Edition,2002,345.97,89.01,-5.13
8378,The Door,Keb' Mo',The Door,2000,236.49,104.20,-11.00
8379,The Door,Silverchair,Freak Show,1997,213.13,91.92,-5.38
8381,The Doug McComb Over,A Tundra,Joan of Arc Presents: Don't Mind Control,2010,271.31,177.96,-9.70
8384,The Drop-Off,The Tragically Hip,World Container,2006,219.90,165.22,-3.93
8385,The Dropsonde,Caspian,The Four Trees,2007,125.07,131.65,-23.25
8386,The Drug Suite,Stew,The Naked Dutch Painter And Other Songs,2002,569.21,96.60,-17.65
8389,The Earth Isn't Humming,Thrice,Live At The House Of Blues,2008,349.81,143.59,-9.45
8390,The Earth Will Shake,Thrice,Live At The House Of Blues,2005,329.72,126.95,-9.46
8391,The Earth Will Shake,Thrice,Vheissu,2005,268.17,125.02,-5.26
8394,The End Is Near (LP Version),Leaders Of The New School,T.I.M.E.,1993,263.89,97.29,-11.62
8395,The End Of The Line,Metallica,Broken_ Beat & Scarred,2008,472.45,111.50,-3.26
8396,The End. [Live In Mexico],My Chemical Romance,The Black Parade Is Dead!,2008,154.30,92.65,-9.10
8397,The Epi-Pen,Alexandre Desplat,Firewall,2006,239.39,39.45,-15.67
8398,The Everclear Song,Roger Creager,Brewed In Texas,1998,239.20,115.30,-11.08
8400,the fallen...,Set Your Goals,This Will Be The Death Of Us,2009,204.41,194.53,-2.19
8403,The First Cut Is The Deepest,Little Angels,Little Of The Past,1999,229.02,85.16,-6.49
8407,The Flame,Chimaira,Resurrection,2007,323.19,150.11,-4.24
8408,The Flight of the serpentarius,Bruno Sanfilippo,Sons of the Light,1991,291.08,146.01,-23.78
8410,The Forgotten Lands,David Arkenstone,Return Of The Guardians,1996,314.59,141.98,-14.88
8412,The Four Big Ones (Essential Authors And Works),Black Debbath,Welcome To Norway,2001,265.72,124.45,-6.41
8413,The Fourth Wish,Bruno Sanfilippo,The New Kingdom,2006,398.60,179.55,-16.86
8414,The Frail,Nine Inch Nails,Things Falling Apart,1999,168.57,130.28,-16.97
8418,The Fundamental Alienation,Dimmu Borgir,In Sorte Diaboli (Deluxe),2007,317.36,112.28,-4.06
8419,The Future,Benga,GetDarker Presents THIS IS DUBSTEP 2,2006,277.55,87.47,-8.53
8420,The Future Has Arrived,The All American Rejects,Meet The Robinsons Original Soundtrack (French Version),2007,185.99,146.05,-9.17
8423,The Ghost At #1,Jellyfish,Best!,2006,216.61,169.88,-9.68
8424,The Gift,Natalie Cole,Dangerous,1985,194.53,115.45,-15.22
8425,The Girl From Ipanema (Garota De Ipanema),Paula Santoro,Jazz Express - Bossa Nova Nights,2006,192.42,129.59,-17.31
8427,The Gold It's In The ... (1996 Digital Remaster),Pink Floyd,Obscured By Clouds,1972,188.11,117.63,-9.99
8428,The Golden Rocket,Johnny Horton,Honky Tonk Man:  The Essential Johnny Horton 1956-1960,1996,123.40,226.15,-15.42
8431,The Gre(A)t Depression,Anti-Flag,The People or The Gun,2009,188.55,146.14,-5.03
8433,The Greeting Song (Album Version),Red Hot Chili Peppers,Blood Sugar Sex Magik,1991,193.44,134.22,-9.96
8435,The Hanged Man,Moonspell,Sin / Pecado,1998,386.19,140.19,-8.09
8436,The Happy Organ,"Dave ""Baby"" Cortez",Fill It! - I Love the Fifties,1976,125.62,185.56,-11.19
8437,The Harbour,Dario Marianelli,Goodbye Bafana,2007,228.00,126.62,-22.07
8441,The Haunting,The Misfits,American Psycho,1997,85.94,212.29,-5.54
8442,The Healer,Death SS,The 7th Seal,2006,258.30,102.13,-7.01
8445,The Hero Dies in This One,The Ataris,So Long_ Astoria,2003,246.86,145.71,-4.54
8448,The Homecoming Song (Album Version),Owsley,Owsley,1999,179.64,83.69,-4.67
8449,The Hood Comes First (LP Version),Naughty By Nature,19 Naughty III,1993,216.61,199.65,-12.71
8451,The House Is Rockin',Stevie Ray Vaughan And Double Trouble,In Step,1994,168.31,170.22,-10.35
8452,The Hunter,Paul Rogers,LIVE IN GLASGOW,1993,265.01,134.55,-7.42
8453,The Hustle,The Pharcyde / Big Boy / Schmooche Cat / Randy Mack,Labcabincalifornia,1995,334.78,95.82,-9.64
8454,The Illusionist,Scar Symmetry,Nuclear Blast Showdown 2006,2006,271.54,150.09,-3.54
8460,The Jezebel Spirit,Brian Eno And David Byrne,New Romantics,1981,296.33,118.20,-8.21
8461,The Joes Mobilize,Alan Silvestri,G.I. JOE,2009,504.06,154.17,-10.59
8462,The Journey North,Michael Gettel,The Journey North,1999,338.76,94.85,-10.88
8463,The Jumping Master,Mikey Dread,World War III,1981,309.84,144.14,-7.33
8465,The Key,Melissa Auf der Maur,Out Of Our Minds,2010,232.67,121.98,-6.41
8466,The Keys,Jerry Goldsmith,L.A. Confidential,1997,110.71,130.91,-28.19
8470,The Kingdom - Titles,Danny Elfman,The Kingdom,2007,269.79,85.81,-14.11
8475,The Last Man On Earth,Schoolyard Heroes,Abominations,2007,202.00,117.58,-12.83
8476,The Last Round,Amoral,Wound Creations,2004,520.88,141.75,-5.53
8478,The Last Stand,Statues,New People Make Us Nervous,2006,127.74,182.20,-5.39
8481,The Last Word (Amended Version),Rah Digga (Featuring Outsidaz),Dirty Harriet,2000,256.81,201.80,-7.31
8483,The Legend of Yellow Boobie,Year of Desolation,Your Blood_ My Vendetta,2005,337.76,223.32,-5.62
8485,The Letter That Johnny Walker Read,Asleep At The Wheel,Kings Of The Texas Swing - Live,2002,238.21,122.17,-9.02
8486,The Letters,Rachel Portman,The Sisterhood of the Traveling Pants 2,2008,161.44,91.89,-25.75
8487,The Lie,Bad Religion,Process Of Belief,2002,138.84,140.20,-3.68
8488,The Lifestyle That Got Away,The High Strung,Ode to the Inverse of the Dude,2009,153.73,95.11,-2.68
8489,The Line,The Small Knives,Rain On Tin,2004,208.17,167.94,-5.90
8492,The Loco Motion,Little Eva,Girls of the 60's,2000,149.66,84.76,-3.38
8493,The Loco-Motion,Little Eva,The Loco-Motion,1962,145.16,129.78,-6.64
8496,The Long Goodbye,Miranda Lee Richards,The Herethereafter,2001,243.72,116.12,-8.14
8499,The Lord's Prayer,Dario Marianelli,The Soloist,2009,192.86,90.85,-17.27
8501,The Lost Name of God,Amorphis,Karelian Isthmus,1992,332.07,122.48,-7.11
8503,The Luck You Got,The High Strung,Moxie Bravo,2005,187.27,139.72,-3.77
8504,The Lull Before The Storm,Ron Goodwin,Battle Of Britain,1999,99.97,71.23,-16.33
8505,The Magic Violin,Hot Club Of Cowtown,Wishful Thinking,2009,163.11,148.08,-9.68
8507,The Majesty Of Rock,Spinal Tap,Break Like The Wind,1992,235.42,129.32,-5.49
8510,The Man with the Dogs,Dead Kennedys,Give Me Convenience or Give Me Death,1979,182.05,223.62,-4.06
8512,The Matter With You (Part I_ Ii_ Iii),Avril,Now It's Spring,2000,651.60,86.59,-10.72
8513,The Meantime,Phantom Planet,Live 2004,2004,209.34,122.49,-4.51
8514,The Melting Moon (Edit),VHS Or Beta,The Melting Moon,2004,224.21,126.81,-5.89
8515,The Michael Vick Song,Tim Wilson,The Real Twang Thang,2005,166.84,122.06,-4.97
8518,The Minuet Of The Robots,Perrey And Kingsley,The Out Sound From Way In!,1968,137.19,125.77,-11.38
8519,The Mission,Stephen Marley / Damian Marley,Mind Control,2008,273.89,115.82,-7.84
8520,The Mission,30 Seconds To Mars,30 Seconds To Mars,2002,245.03,190.10,-4.68
8521,The Mist,Kitaro,Kitaro Osaka-Jo Hall Live in 1983,1983,428.72,104.32,-20.91
8522,The Modern Rome Burning,Anti-Flag,The Bright Lights Of America,2008,299.81,178.80,-6.25
8523,The Modern World,The Jam,The Jam Story,1977,150.60,159.85,-8.81
8524,The Mojo,J.B. Lenoir,The Very Best Of,2001,176.38,99.83,-11.92
8525,The Money Will Roll Right In,Mudhoney,Live At El Sol,1991,166.32,81.42,-5.13
8526,The Monkey King,William Orbit,Strange Cargo III,1993,315.01,95.87,-34.70
8529,The More I See You,Eliane Elias,Bossa Nova Stories,2009,251.43,86.09,-12.01
8532,The Murder Prologue,Steve Vai,Sound Theories Vol. I & II,2007,69.90,169.65,-7.95
8533,The Mystery Epoch,Loop Guru,Loopus Interruptus (Forgotten Treasures & Lost Artifacts),2001,70.27,109.32,-13.80
8534,The Name Is...,Fuel,Monuments To Excess,1995,159.42,190.63,-7.13
8535,The Never-Ending Why,Placebo,Bright Lights,2009,221.62,118.96,-5.18
8537,The Nightmare Begins,ZombieSuckers,Tales From The Undead,2010,62.95,42.58,-22.90
8539,The Obsession,The James Taylor Quartet,The Oscillator,2003,283.38,204.79,-5.42
8540,The Ocean (Live Version),Zebra,Zebra Live,1990,299.94,120.60,-9.56
8542,The One,Miguel Migs,Colorful You,2002,284.60,104.99,-6.31
8543,The One I Got,Jonny Lang,Long Time Coming,2003,208.33,136.93,-6.07
8545,The One Piece Puzzle,SKYCLAD,Another Fine Mess,1994,361.25,167.50,-8.29
8547,The Only One I Trust,City High,City High,2001,256.34,92.92,-10.43
8549,The Order Of Death,Public Image Ltd,This Is What You Want . . . This Is What You Get,1984,288.81,102.98,-12.53
8551,The Other Boleyn Girl - Opening Titles,Paul Cantelon,The Other Boleyn Girl,2008,146.44,130.18,-20.18
8552,The Other Side,Super700,Lovebites,2009,47.28,64.10,-8.88
8555,The Painter,Rance Allen Group,Stax Profiles - Rance Allen,2006,201.27,100.33,-11.20
8556,The Painter,Rance Allen Group,A Soulful Experience,2006,199.13,100.29,-13.32
8560,The People You Care For,John Ottman,Superman Returns Music From The Motion Picture [Digital Version],2006,205.92,61.59,-13.52
8561,The Phantom Of The Opera/Wishing You Were Somehow Here Again,Montserrat CaballA(c),Hijo De La Luna,1994,198.14,71.29,-15.59
8562,The Pig,Showbread,Nervosa,2008,197.80,110.24,-5.59
8564,The Planet (Explicit),Gang Starr,Hard To Earn,1994,316.03,209.40,-10.52
8566,The Poet And The Pendulum,Nightwish,Dark Passion Play,2007,834.66,96.71,-6.00
8568,The Possibilities of Loving You,Francis Dunnery,Welcome To The Wild Country,1991,216.37,101.53,-8.02
8573,The President's Speech,James Horner,Deep Impact - Music from the Motion Picture,1998,269.79,76.50,-36.84
8579,The Race,Bikini Machine,The Full Album,2009,280.76,109.40,-5.07
8580,The Radio Saved My Life Tonight,Bon Jovi,Have A Nice Day,2004,314.20,142.14,-5.57
8581,The Raggle Taggle Gypsy,The Chieftains,Further Down The Old Plank Road,2003,187.92,210.96,-6.98
8583,The Ram And The Scorpio,Alphonse Mouzon,In Search Of A Dream,1977,355.21,96.93,-8.13
8584,The Reach,White Willow,Sacrament,2000,659.46,101.34,-12.52
8586,The Real Trick,Slackbaba,Perverting Mankind,2010,330.40,120.02,-6.73
8587,The Reason I Go On,CA(c)line Dion,Taking Chances,2007,224.21,77.98,-9.53
8588,The Remembrance Ballad (Album Version),Atreyu,The Curse,2004,267.18,151.64,-4.60
8589,The Ride (Album),Cinder,House Full Of No Trust,2006,218.62,157.91,-5.03
8591,The Road Goes On Forever,The Highwaymen,The Road Goes On Forever (10th Anniversary Edition),1995,282.33,111.53,-9.85
8592,The Rock,Abijah,Abijah,2003,283.69,119.03,-9.79
8593,The Rock,Atomic Rooster,Heavy Soul,1971,269.71,143.14,-12.54
8597,The Saga Of Rita Joe,Danilo Perez / Claus Ogerman,Across The Crystal Sea,2008,459.31,100.39,-14.12
8601,The Same Old Innocence,Architecture In Helsinki,Places Like This,2007,210.49,126.29,-5.51
8602,The Scarifice Ceremony,Max Steiner,King Kong,1993,145.84,202.50,-14.53
8604,The Second One,Remy Shand,The Way I Feel,2002,250.78,177.96,-6.19
8605,The Second Summer Of Love,Danny Wilson,Bebop Moptop,1989,167.21,196.03,-7.93
8607,The Shaskeen / Gan Ainm,Cherish The Ladies,Cherish The Ladies: Irish Women Musicians in America,1999,134.82,118.18,-16.83
8608,The Silver Gate,Dark Fortress,Eidolon,2008,409.97,116.49,-2.93
8612,The Son Of Hickory Holler's Tramp,Kenny Rogers,The Best Of Kenny Rogers,1977,188.97,174.79,-12.19
8615,The Song From Moulin Rouge,Percy Faith And His Orchestra,The Fabulous Fifties Vol 6,1953,220.16,55.23,-14.84
8618,The Song Remains The Same (2007 Remastered Album Version),Led Zeppelin,Mothership,2007,330.79,143.24,-8.85
8622,The Southern Soldier Boy,Kathy Mattea,Songs Of The Civil War,1991,156.63,96.70,-13.06
8623,The Space Between,DAVE MATTHEWS BAND,The Gorge,2001,293.67,85.14,-5.21
8625,The Spinward Marches,The Lord Weird Slough Feg,Traveller,2003,82.52,125.42,-4.74
8630,The Story Of An Artist,Daniel Johnston,The Late Great Daniel Johnston: Discovered Covered,1982,296.54,106.93,-12.16
8632,The Stranger,James Horner,The Missing,2003,231.58,186.14,-30.39
8633,The Strongest Wind That Blows,Shriekback,Cormorant,2005,286.07,84.98,-12.52
8634,The Suit,Public Image Ltd,Metal Box,1979,209.40,124.49,-23.95
8635,The Sukkubus Lustrate,Belphegor,Bondage Goat Zombie,2008,178.15,120.03,-1.49
8637,The Sun Shine Down My Way,Doug MacLeod,DUBB,2004,337.42,85.56,-10.52
8638,The Sun Shines From You,Teenage Fanclub,Howdy!,2000,204.77,127.81,-5.01
8640,The Sweetest Curse,Baroness,Blue Record,2009,270.52,176.07,-7.80
8644,The Tarnished Angels (remastered),Fehlfarben,Die Platte Des Himmlischen Friedens,1991,330.66,91.10,-8.35
8647,The Things That I Used To Do,Guitar Slim,And... R&B was born,1953,183.07,96.73,-13.16
8649,The Think Drink Theme,The Harvey Averne Dozen,Viva Soul,1967,166.82,92.08,-15.49
8651,The Three-Dimensional Shadow,Scar Symmetry,Holographic Universe,2008,237.84,110.11,-3.49
8652,The Thrill Is Gone,Jude Taylor & His Burning Flames,Best of Zydeco,1994,260.47,102.73,-11.94
8655,The Traffic Jam,Stephen Marley / Damian Marley,Mind Control,2006,247.17,165.89,-8.48
8660,The True Beast,All Shall Persih,The Price Of Existence,2006,215.61,99.96,-2.69
8663,The Tube,Spectra Soul,Shogun Assassins EP Vol. 3,2008,303.52,85.01,-7.75
8665,The Unidentified Flying Object,Perrey And Kingsley,The Out Sound From Way In!,1988,119.64,140.64,-12.12
8673,The Vitalized Shell,Enthroned,Pentagrammaton,2010,240.74,135.54,-4.88
8674,The Waiting,Zombina & The Skeletones,Death Valley High,2006,145.40,94.75,-6.26
8675,The Way,Saigon Kick,Live Around The World 1991 - 1996,1993,368.12,58.39,-12.16
8676,The Way I Am,Eminem,The Marshall Mathers LP,2000,289.31,174.69,-2.97
8677,The Way I Am,Eminem,Curtain Call,2000,291.11,174.73,-3.35
8678,The Way I Am,Eminem,Without Me,2000,292.26,174.65,-2.27
8679,The Way I Loved You,Taylor Swift,Fearless,2008,245.37,160.79,-4.54
8680,The Way It Is,Tesla,Five Man Acoustical Jam,1989,390.66,161.47,-10.48
8681,The Way Love Is,Captain Hollywood Project,Animals or Human,1995,338.36,150.01,-8.67
8691,The White's Bedroom - Fire Escape,The Plasmatics,Maggots: The Record,2000,121.73,121.47,-13.40
8695,The Wind (Tears For You),Cece Winans,Everlasting Love,1998,288.91,124.77,-9.00
8698,The Witching Hour,John Mayall,STORIES,2002,262.79,172.91,-5.55
8699,The Woman I Need (Honky Tonk Mind),Johnny Horton,Honky Tonk Man:  The Essential Johnny Horton 1956-1960,2000,132.23,179.49,-11.81
8700,The Wonderful World Of The Young,Danny Williams,Collection,1998,168.02,77.07,-14.52
8702,The World In My Hands (We Are One),SNAP!,Welcome To Tomorrow,1994,315.04,118.18,-10.10
8704,The World Turned Upside Down,Coldplay,Fix You,2005,269.35,136.82,-6.29
8705,The World'll Be OK,Teenage Fanclub,Four Thousand_ Seven Hundred and Seventy seconds; A Shortcut to Teenage Fanclub,2003,266.89,120.27,-8.20
8707,The Wreckage Intro (Album Version),Throw The Fight,In Pursuit of Tomorrow,2008,23.88,98.39,-16.85
8711,Them No Care,Super Cat,Don Dada,1992,215.67,157.50,-7.62
8712,"Theme From ""Come September"" (LP Version)",Bobby Darin,Things & Other Things,2003,155.64,108.46,-15.44
8714,Theme III,Silent Stream Of Godless Elegy,Themes,2000,50.10,162.68,-16.47
8715,Then Came You,Boogie Pimps,Then Came You,2007,333.90,85.33,-7.27
8719,There Are More Questions Than Answers,Johnny Nash,I Can See Clearly Now,1972,167.26,163.26,-12.43
8723,There It Go (The Whistle Song),Juelz Santana,What The Game's Been Missing!,2005,180.56,100.05,-7.47
8724,There She Goes Again,R.E.M.,Murmur - Deluxe Edition,1983,163.81,138.70,-5.78
8725,There Will Be Blood Tonight,Lizzy Borden,Deal With The Devil,2000,235.65,115.42,-3.05
8726,There Will Come A Day (Album Version),Faith Hill,There You'll Be,2001,253.15,154.43,-9.03
8727,Theresa,Portable,Distance,2003,362.61,116.01,-18.15
8728,These Days,Take It Back!,Can't Fight Robots,2008,204.90,135.26,-4.70
8729,These Days,Ayo,Joyful,2006,288.31,82.72,-18.33
8732,These Four Walls,Shawn Colvin,These Four Walls,2006,177.19,165.60,-8.45
8735,These Words,Natasha Bedingfield,These Words (I Love You_ I Love You),2004,377.26,97.33,-7.33
8736,They Came To Boston,Mighty Mighty Bosstones,More Noise And Other Disturbances,1992,211.33,205.56,-9.94
8737,They Have a Name,The Chap,Mega Breakfast,2008,145.50,149.98,-12.92
8740,They Reminisce Over You (Single Version),Pete Rock & C.L. Smooth,Mecca And The Soul Brother,1992,286.69,101.78,-10.24
8742,They Say (Album),Jupiter Rising,Electropop,2007,193.46,119.98,-5.91
8745,Things I Don't Understand,Coldplay,Speed Of Sound,2005,295.68,137.01,-6.47
8747,Things You Do To Me,Martin Sexton,Live Wide Open,2000,256.63,137.77,-9.07
8748,Think,The Rolling Stones,Aftermath (UK Version),1966,189.67,132.90,-12.67
8749,Think About Me,Sister Hazel,...Somewhere More Familiar,1997,188.63,138.58,-5.15
8750,Think Back,Galactic,From the Corner To the Block,2007,238.97,104.20,-5.18
8753,This Ain't A Love Song,Bon Jovi,These Days- Special Edition,1995,432.98,91.78,-7.98
8754,This Ain't Pleasure,L7,Bricks Are Heavy,1992,163.13,85.82,-9.43
8756,This Guitar Says Sorry,Billy Bragg,Billy Bragg Vol.1,1984,153.89,176.45,-9.34
8758,This House Is Haunted,Alice Cooper,THE EYES OF,2003,210.55,130.33,-12.26
8759,This Is A Gang,CMW - Compton's Most Wanted,Music To Driveby,1992,217.63,93.95,-11.36
8761,This Is For My Bitches,Jim Jones featuring Oshy,Pray IV Reign,2009,224.31,121.98,-4.62
8765,This Is My Country,The Impressions,This Is My Country,1968,168.02,103.09,-11.80
8766,This is My Father's World/For the Beauty of the Earth,Glad,Acapella Hymns,1993,234.76,115.49,-13.00
8767,This Is My Life,Phil Vassar,Prayer Of A Common Man,2008,217.29,94.01,-4.35
8768,This Is My Life,Rita Chiarelli,Road Rockets,1992,252.68,89.92,-11.48
8770,This Is NOT a Crass Song,Anti-Flag,A New Kind of Army,1999,359.63,141.33,-10.61
8771,This Is Not A Love Song,Public Image Ltd,Valse Avec Bachir,1983,251.51,127.37,-10.35
8773,This Is Where It Ends (Album Version),Barenaked Ladies,Born On A Pirate Ship,1996,173.19,120.97,-11.84
8777,This Love,Maroon 5,Call And Response: The Remix Album,2002,177.53,115.00,-6.04
8778,This Lullaby,Queens Of The Stone Age,Lullabies To Paralyze,2005,82.86,159.21,-19.37
8780,This One's For You,Barry Manilow,This One's For You,1976,209.14,123.44,-8.85
8781,This Side Of Paradise,Nestor Torres,The Very Best of Nestor Torres,2001,280.27,196.00,-8.03
8789,This Very Moment,Set Your Goals,Mutiny: Deluxe Edition,2006,153.23,131.64,-6.75
8793,This Year (ReMastered),Curtis Mayfield,Future Shock,2006,225.67,94.67,-15.31
8794,Thorns of Charon (Pt. 2) - Emerge from Hades,Astarte,Doomed Dark Years,1998,419.97,156.15,-4.01
8795,Those Less Fortunate Than I,Darryl Worley,Have You Forgotten?,2000,239.57,79.53,-7.32
8797,Threadbare Gypsy Soul,Pat Green,Three Days,2001,295.76,97.68,-7.87
8799,Three Hearts In A Tangle,Roy Drusky,Second Hand Rose,1961,167.71,92.85,-23.61
8801,Three Little Birds,Bob Marley & The Wailers,Legend,2007,320.16,148.68,-8.96
8807,Three Wheel Cadillac,Foghat,Zig Zag Walk,1983,235.75,187.31,-6.96
8808,Thresh Hold,Uphill Battle,Wreck of Nerves,2004,166.37,108.25,-1.55
8809,Thrill Me,Simply Red,Stars [Expanded],1991,303.96,93.98,-6.29
8811,Thrill Pistol,Tigertailz,Thrill Pistol / Wazbones,2007,309.18,134.06,-6.33
8812,Thriller,Fall Out Boy,The Take Over_ The Break's Over,2007,203.55,178.52,-1.22
8815,Through Bucky's Eyes,Michael Gettel,Places In Time,1992,232.78,103.30,-22.42
8817,Through the Looking Glass (jazz),Chris Standring,Soul Express,2006,261.07,110.00,-9.44
8818,Through The Wire,Kanye West,Through The Wire,2003,271.26,166.04,-5.23
8819,Through With You,Maroon 5,Songs About Jane,2002,181.52,146.00,-5.62
8825,Ti Monde (LP Version),BeauSoleil,Cajun Conja,1991,268.30,119.66,-13.76
8829,Tic,Helmet,Betty,1994,220.32,144.45,-10.29
8830,Tides Of Time,Donna The Buffalo,Live From The American Ballroom,1999,281.94,151.49,-6.20
8831,Tiempos Dificiles,Juan Carlos Baglietto,Actuar Para Vivir,1982,232.62,97.34,-14.51
8832,Tien An Man Dream Again,fIREHOSE,Flyin' The Flannel,1991,78.05,177.09,-10.99
8834,Tigers Fucking (Spoken Word) (Album Version),Joe Rogan,I'm Gonna Be Dead Someday,2000,356.36,83.99,-11.93
8837,Till The End Of The Day (Alternate Mix),Big Star,Keep An Eye On The Sky,2009,133.46,144.72,-6.10
8838,Till There Was You (John Creamer & Stephane K Remix),Rachael Starr,Till There Was You,2005,608.23,128.00,-10.29
8839,Till We Ain't Strangers Anymore,Bon Jovi,Lost Highway,2008,318.09,141.22,-6.18
8840,Time / Confusion,Arthur Brown,The Crazy World Of Arthur Brown,1968,297.04,71.08,-11.55
8842,Time Flies,Jeckyll & Hyde,The Album,2007,220.55,140.03,-5.52
8843,Time Is On My Side,The Rolling Stones,12 x 5,1964,172.72,107.46,-7.34
8847,Time Travel,Klaus Badelt,The Time Machine,2002,275.20,121.67,-16.68
8849,Time Will Tell,MxPx,The Renaissance,2001,88.74,134.49,-4.40
8851,Time You'll Never Get Back,Williamson,A Few Things To Hear Before We All Blow Up,2003,354.06,105.98,-11.96
8858,Tin Pan Alley (aka Roughest Place In Town),Stevie Ray Vaughan And Double Trouble,The Essential Stevie Ray Vaughan And Double Trouble,2005,551.91,113.45,-17.29
8859,Tirador (Carlos Jean Remix),Hevia,Tierra De Hevia,2005,258.90,125.00,-5.81
8860,Tired,Moonspell,The Butterfly Effect,1999,323.79,122.00,-6.99
8865,TLFM (Toutes Les Femmes En Moi),Lara Fabian,Toutes Les Femmes En Moi,2009,246.20,104.99,-6.95
8868,To Bob Ross With Love (Album Version),Gym Class Heroes,The Papercut Chronicles,2005,158.64,93.41,-7.47
8870,To Go Home,Daniel Johnston,The What Of Whom,1982,270.78,131.01,-12.66
8877,To Sir With Love,Lady Saw,Lover Girl,1994,180.82,164.07,-13.61
8878,To the Lions,Converge,No Heroes,2006,220.50,110.63,-3.88
8880,To Your Arms of Love,Jah Cure,The Ultimate Reggae Dancehall X-Perience 2008,2007,210.86,168.98,-3.36
8882,Tobacco Spit,Bare Jr.,Boo-Tay,1998,230.06,91.97,-7.84
8883,Toby,The Chi Lites,Nothing Lasts For Ever,1974,170.71,149.39,-9.96
8885,Tocame,Gisselle,Atada,2008,243.62,136.70,-3.63
8891,Todo A PulmA3n,Alejandro Lerner,20 AA+-os,1998,267.31,128.48,-11.95
8892,Todo Lo Que Soy,Carlos Ponce,La Historia,1999,223.61,98.50,-6.80
8898,Tokyo Freeze,iTAL tEK,Blood Line,2007,293.09,102.35,-9.30
8901,Tomara (I Wish),Flora Purim,Encounter,1994,242.83,75.30,-19.17
8903,Tomorrow,Jay & The Americans,Come A Little Bit Closer,1990,173.58,86.44,-16.69
8904,Tomorrow Gone,Stew,Something Deeper Than These Changes,2003,179.96,100.62,-10.97
8906,Tomorrows Girls (Live),UK Subs,Countdown,1999,122.41,199.38,-2.95
8907,Tongue,Butthole Surfers,Independent Worm Saloon,1993,126.64,122.47,-9.42
8908,Tonight,Swami,53431,2009,259.92,91.99,-6.07
8910,Tonight Will Be Alright,Lionel Richie,Dancing On The Ceiling,1986,307.38,125.20,-8.35
8911,Tonight Will Last Forever (Album Version),Mest,Photographs,2005,255.50,176.16,-8.25
8913,Tony Yayo Explosion,G Unit feat. 50 Cent,Tha Gangsta Mix,2002,101.43,75.00,-14.16
8915,Too Big,Suzi Quatro,The Very Best Of,1974,200.20,114.64,-8.28
8916,Too Cool for Love,Webb Wilder,More Like Me,2009,277.11,116.99,-7.08
8919,Too Late (Orange Factory Extended Mix),Tina Ann,Situations,2003,395.62,135.04,-3.14
8921,Too Much Fun,Commander Cody And His Lost Planet Airmen,Live From Deep In The Heart Of Texas,1974,205.71,106.93,-12.48
8922,Too much informa,Sizzla,Bien Sobre Mal Vol. 3: Black Rain Riddim,2005,203.96,190.01,-6.83
8923,Too Much Saturn,Francis Dunnery,Hometown 2001,1995,300.80,124.18,-13.33
8924,Too Much Stuff,Dave Brockie Experience,Diarrhea Of A Madman,2001,100.10,187.23,-3.93
8925,Too Shy To Scream,AFI,Crash Love,2009,176.61,94.94,-4.61
8928,Tootie Blues,Paul Geremia,Screamin' and Hollerin' The Blues,2004,204.56,116.32,-14.55
8935,Touch My Body,Mariah Carey,Bye Bye,2008,273.53,129.99,-5.56
8937,Touch The Sky,Kanye West / Lupe Fiasco,Touch The Sky,2010,236.72,106.83,-5.26
8938,Touch You,Sandy Posey,Born A Woman,1966,165.20,149.25,-15.15
8940,Tough Guy,Open Hand,You And Me,2004,187.77,144.00,-6.09
8942,Tous Les GarASSons Et Les Filles,Eurythmics,Be Yourself Tonight,1985,207.07,84.16,-6.63
8945,Towards Eternity,Old Man's Child,Ill-natured Spiritual Invasion,1998,317.13,95.14,-6.75
8946,Towin' The Line,fIREHOSE,Flyin' The Flannel,1991,167.39,90.65,-10.96
8947,Town Topic (Instrumental),Casiotone For The Painfully Alone,Town Topic EP,2008,115.17,125.66,-7.81
8953,Tracy,Goldfish,Coming Home,2004,172.62,104.03,-8.21
9109,Ulan Bator Girls,Leningrad Cowboys,Go space,1996,195.55,169.94,-7.50
8954,Trade It All PT2  (Early Fade Amended Version- Bonus Track) (featuring P. Diddy & Jagged Edge),Fabolous,Street Dreams,2003,246.33,96.71,-5.27
8956,Trading Places,Usher,Dance Workout Classics; Keep Fit With The Hottest Hits & Remixes,2008,286.77,147.98,-4.04
8957,Traffic,Truckfighters,Phi,2007,270.45,148.36,-4.94
8958,Tragedy in Blue,DJ Harry,Collision,2004,299.99,122.83,-6.57
8959,Train Buffer,Aesop Rock,Urban Renewal Program - Supplement 1.5,2002,243.57,102.43,-5.68
8960,Train Tracks,Izzy Stradlin And The Ju Ju Hounds,Izzy Stradlin And The Ju Ju Hounds,1992,267.65,150.40,-10.10
8966,Transamazonia (Deep Dish No Doze Mix),Shamen,Trasmazonia,1995,600.37,83.50,-7.51
8967,Transes-Dimanche,Jacques Dutronc,IntA(c)grale Les Cactus,1968,128.34,137.12,-8.57
8969,Transmission (Album Version),Static-X,Shadow Zone,2003,98.90,85.47,-3.81
8970,Trapdoor,Chase & Status,Ten Tonne EP,2005,398.55,87.53,-6.49
8974,Travel Song (Reprise),Dora The Explorer,Dora The Explorer Party Favorites,2008,68.99,123.97,-6.92
8977,Traveling Fast,Pat Metheny,Day Trip/Tokyo Day Trip,2008,711.71,108.41,-13.19
8978,Traveller,Talvin Singh,True Chillout (3CD set),1998,350.43,106.58,-10.59
8985,Triesteitaliana,Novembre,The Blue,2007,295.24,124.08,-6.16
8987,Trio (1932)_ Movement 3: Moderato,Strata,STRATA,2004,409.83,91.85,-20.41
8989,Tripping Billies,DAVE MATTHEWS BAND,Live At Red Rocks 8.15.95,1993,289.10,125.16,-4.62
8993,Trong Com,Kitaro,Heaven & Earth,1993,43.52,35.93,-23.87
8999,Trouble In The City,J.J. Cale,#8,1983,202.94,133.40,-18.86
9000,Trows Kind,Elvenking,The Winter Wake,2006,357.46,200.04,-5.49
9002,True Fuschnick,FU-Schnickens,Greatest Hits,1992,237.92,101.87,-9.09
9004,True Nature,Jane's Addiction,Strays,2003,229.62,92.10,-3.78
9005,Trumansburg Whistle,Gershon Kingsley,Music To Moog By Gershon Kingsley,1969,180.09,130.83,-11.83
9006,Trumpet Blues And Cantabile,Mike Vax,Trumpets - The Transformation,2001,154.07,107.41,-10.42
9009,Truth And Lies,The Presets,Truth & Lies,2006,243.96,59.50,-6.13
9011,Try And Stop Me,The Creation,Our Music Is Red  - With Purple Flashes,1967,147.70,134.02,-9.88
9012,Try Love,Sugar Minott,Sugar Minott at Studio One,1977,290.35,158.05,-11.11
9015,Trybal,Stargarden,The Art of Analog Diversion,2004,423.71,131.85,-19.88
9016,Trying To Get To Heaven,Bob Dylan,Time Out Of Mind,1997,320.70,94.16,-14.09
9022,Tu Me Desesperas,Adalberto Santiago,Adalberto,1977,299.94,205.89,-3.53
9025,Tu Peux Compter Sur Moi,BA(c)nabar,Reprise Des NA(c)gociations,2005,188.94,134.55,-9.22
9026,Tu Quieres Volver,Gipsy Kings,Greatest Hits,1987,194.87,165.01,-8.40
9027,Tu Recuerdo,"Ricky Martin Feat. La Mari de ""Chambao",Ricky Martin MTV Unplugged,2008,247.88,83.89,-6.41
9033,Tuesday Afternoon,The Moody Blues,Caught Live + 5,1968,291.29,115.51,-12.07
9036,Tule lA$?hemmA$?s Beibi,Kaija Koo,Tuulten viemA$?A$? 1994 Juhlapainos,1993,240.46,115.98,-6.86
9039,Tumba Randy,Anthony Blea Y Su Charanga,Virgen De La Caridad,2004,459.28,200.83,-5.43
9040,Tumba Tumba,Charanga Forever,La Charanga Soy Yo,2000,367.44,203.96,-6.62
9041,Tumble Down,Burning Spear,Jah Kingdom,1991,217.94,101.80,-14.24
9043,Tunnel Vision,Finest Dearest,Finest Dearest,2008,294.01,84.68,-7.21
9053,Turn It Over (Album Version),Leslie Mendelson,Swan Feathers,2009,206.52,106.50,-10.60
9059,Turn The Heat Up,Bobaflex,Apologize For Nothing,2005,147.43,93.03,-3.12
9064,Turning Away,Mary Black,Best of 1991-2001 Hidden Harvest,1999,293.93,163.57,-9.46
9065,Turning Of A Key,Michael Gettel,The Key,1993,272.22,95.05,-16.23
9066,Turnpike,Halfway to Gone,Halfway to Gone,2004,255.42,122.62,-5.54
9067,Turntable Terrorist,Sonic Subjunkies,Harder Than The Rest,1995,327.73,149.85,-10.22
9069,Tus Viejas Cartas,Nicho Hinojosa,Nicho... En El Bar 2,2001,188.37,98.71,-9.11
9070,Tuscan Chica,Soul Ballet,LAViSH,2007,462.08,101.01,-6.95
9072,Twelve Ounce (Album Version),Home Town Hero,Home Town Hero,2002,206.89,161.99,-3.80
9073,Twerk (feat. Yo Majesty),Basement Jaxx,Scars,2009,210.21,85.33,-5.20
9074,Twilight,Vangelis,The City,1990,297.66,163.79,-24.73
9075,Twist and Shout,The Shangri-Las,Best of The Shangri-Las,1964,164.81,130.10,-10.92
9076,Twist Y Gritos (Twist & Shout),Los Fabulosos Cadillacs,El Ritmo Mundial,1988,151.93,149.77,-4.47
9078,Two Four One,Dave And Ansel Collins,Double Barrel,1971,151.85,117.16,-14.30
9080,Two Heads One Pillow,Gerald Clayton,Two-Shade,2009,384.16,95.94,-14.15
9081,Two Hearts,Phil Collins,Love Songs,1988,204.20,155.84,-2.69
9082,Two Hearts One Love,Shania Twain,The Complete Limelight Session,1999,223.01,113.85,-3.81
9085,Two Note Swivel (Unfinished Outtake),Talking Heads,Speaking In Tongues [w/Bonus Tracks & Interactive Booklet],2005,348.79,116.13,-12.04
9090,Two Tickets To Paradise,Eddie Money,Playlist: The Very Best Of Eddie Money,1977,189.31,86.90,-7.54
9091,Two Track Dub (Dub / Instrumental Reggae Music),Mikey Dread,Dub Catalogue,1982,373.26,145.06,-13.19
9092,Two Wars,This Or The Apocalypse,Monuments,2008,293.67,163.94,-4.26
9094,Two-Sided Politics,Suicidal Tendencies,Still Cyco After All These Years,1987,61.83,235.34,-7.50
9095,TyAPnnA$? kA$?nnykkA$? hanuriin,Jope Ruonansuu,Kaikkien aikojen parhaat -45 klassikkoa - Aattelepa ite,2002,175.41,134.11,-5.14
9097,U Complete Me (Blues Version - Bonus Track),Ana Popovic,Still Making History,2007,322.66,156.95,-7.74
9099,U Don't Hear Me Tho' (Street Mix),Rodney O & Joe Cooley,Greatest Hits,1993,217.42,107.19,-7.04
9100,U Killed It,Lily Allen,Alright_ Still (Deluxe),2006,264.70,156.10,-5.87
9101,U Never Nu How Good U Had It,Lisa Lisa & Cult Jam (featuring Full Force),Super Hits,1989,285.13,107.94,-7.31
9102,U North,James Newton Howard,Michael Clayton,2007,108.36,129.11,-30.89
9103,U Not Like Me,50 Cent,Get Rich Or Die Tryin',2002,255.63,92.65,-3.08
9108,Ukkosenjumalan poika,Moonsorrow,Kivenkantaja,2001,356.49,124.24,-4.18
9110,Ulcer Breakout,Butthole Surfers,Electriclarryland,1996,154.85,122.13,-3.87
9111,Ultra-Funk,Los Amigos Invisibles,The New Sound of the Venezuelan Gozadera,1998,218.67,109.35,-6.51
9113,Umbrella,All Time Low,Umbrella,2008,227.71,87.95,-8.90
9117,Un Cachito De Ti,Sergio Dalma,Cuerpo A Cuerpo,1995,253.60,164.02,-5.77
9124,Un nuevo amor (version salsa),Tranzas,Por Siempre,2000,184.22,75.83,-6.99
9127,Un P'Tit Brin De Musette,AndrA(c) Verchuren,Les Increvables N1,2001,165.04,198.74,-11.22
9128,Un Pensamiento,Seguridad Social,Que No Se Extinga La Llama!,1991,278.39,174.04,-8.98
9131,Un Res Pyr,Roger Subirana,L'indret Prohibit,2002,288.08,116.87,-14.02
9132,Un Tipo Como Yo,Willie Rosario,Back To The Future,1999,281.42,197.46,-5.80
9136,Una na na,OV7,7 Latidos,2001,239.67,100.00,-3.59
9138,Una Sopita De Tu Propio Chocolate,AngA(c)lica MarAa,Las Numero 1 De Angelica Maria,1997,171.23,114.05,-11.10
9139,Unbreak My Heart,Alexander O'Neal,Alex Loves...,2008,267.26,109.99,-7.37
9140,Unbreakable,Ms. Dynamite,Judgement Days,2005,208.59,109.29,-8.23
9142,Uncle B.S. - 1963,Tim Wilson,Gettin' My Mind Right,1999,100.68,88.58,-12.36
9150,Under The Palms,Photek,Solaris,2000,157.39,105.09,-15.01
9151,Under The Weather,KT Tunstall,Eye To The Telescope,2004,216.50,142.12,-9.91
9153,Underarms,Grandmaster Flash,Ba-Dop-Boom-Bang,1987,190.17,117.54,-15.49
9154,Undercover Gangstas,5th Ward Boyz,Ghetto Dope,1993,246.07,179.83,-8.15
9155,Underlying Lies,Scott Matthews,Elsewhere,2009,325.49,100.01,-8.60
9156,Undertow,Jackson United,Harmony And Dissidence,2008,204.93,90.64,-4.94
9157,Undertow,Agnostic Front,Live At CBGB's,1992,179.10,110.79,-5.44
9159,Une petite pause,Pascal Sangla,Une petite pause,2010,243.15,93.24,-14.74
9160,Unemployed Black Astronaut,Busdriver,Well Deep: Ten Years Of Big Dada,2005,240.72,124.00,-5.28
9161,Unfinished Self-Portrait,Eberhard Weber,Pendulum,1993,279.07,99.56,-27.02
9162,Unforgettable Season,Cut Copy,In Ghost Colours,2008,195.21,129.98,-3.59
9163,Unholy Outburst #3,Ramesses,The Tomb,2005,608.76,219.52,-8.26
9168,Unleashed,Warren Barfield,Reach,2006,216.82,196.13,-6.35
9169,Unlove Me,Julie Roberts,Julie Roberts,2004,192.47,122.02,-10.00
9170,Unsafe Sextet/Gilded Hearts of Booklovers,Busdriver,Jhelli Beam,2009,311.12,164.95,-6.82
9171,Unsaveable (Album Version),Faith Hill,Cry,2002,231.44,87.00,-5.54
9172,Until I Believe In My Soul,Dexys Midnight Runners,The Projected Passion Revue,1982,434.89,84.44,-8.84
9173,Until You Love Someone,Dean Martin,Love From&The Rat Pack,2005,165.67,128.46,-10.92
9174,Untitled,Rhian Sheehan,Music for Nature Documentaries,2004,38.92,83.41,-18.41
9177,Unutmam,BassTurk,Bassturk,2008,259.06,90.63,-10.40
9178,Unwanted,Avril Lavigne,My World,2001,260.44,162.03,-4.38
9180,Up Above My Head,Sister Rosetta Tharpe & Marie,Backline Volume 47,2004,146.81,80.89,-7.39
9182,Up All Night (Acoustic Live Album Version),Unwritten Law,from Music In High Places,2003,174.11,111.94,-7.74
9187,Up North Trip,Mobb Deep,The Infamous,1995,298.00,87.75,-5.16
9188,Up On That Cloud,Blue Rodeo,Are You Ready,2005,213.34,189.07,-5.97
9192,Upon The Shores [Explicit],Trivium,Shogun,2008,321.18,100.60,-3.97
9194,Uptown,Camp Lo,Another Heist,2009,214.46,90.98,-9.06
9195,Ur SjA$?lslig DAPd,MAY=negarm,Vargstenen,2007,264.67,147.91,-3.78
9197,Urgence,Sonia Dersion,Belles De Zouk,2004,269.87,173.94,-8.09
9199,Use Me,Far Too Jones,Deep 2,1997,249.02,127.27,-4.77
9200,Use Of A Weapon (Album Version),Between The Buried And Me,Between The Buried And Me,2002,291.40,179.41,-5.77
9202,V,Zeromancer,The Death Of Romance,2010,280.08,120.07,-6.71
9204,Vacation Rain (Album),Sister Hazel,Release,2010,231.37,100.03,-7.13
9211,Valerie,Amy Winehouse,ESSENTIAL 08,2007,229.85,96.22,-7.26
9212,Valerie (LP Version),Bad Company,Fame And Fortune,1986,208.87,127.59,-12.22
9219,Vanhapoika-Severi,Esa Pakarinen,Esa Pakarinen,1990,152.58,156.32,-11.14
9221,Vapour Fragments,Intex Systems,Research & Development,2006,131.13,45.51,-14.30
9222,Vargbrodern Talar,MAY=negarm,Vargstenen,2007,92.76,163.09,-6.77
9226,Vegetable (Live),Radiohead,Pablo Honey (Collector's Edition),1993,188.32,115.91,-9.96
9228,Vem Pr'a Roda,Tania Maria,Viva Brazil,2000,267.68,176.35,-10.96
9232,Ven Morena,Orquesta AragA3n,10 De ColecciA3n,2003,173.69,92.61,-7.11
9233,Vena Cava 8,Diamanda Galas,Vena Cava,1993,191.42,168.35,-51.64
9235,Venice Queen (Album Version),Red Hot Chili Peppers,By The Way,2002,367.02,88.57,-5.28
9236,Venite Pa' Maracaibo,Guaco,Las Mejores Gaitas Vol.1,2000,265.30,169.13,-10.31
9237,Vennette,Maria Bamford,The Burning Bridges Tour,2003,127.16,114.60,-10.38
9239,Ver de Feliz,BT,Tiger Woods PGA Tour 2005,2006,311.90,110.00,-17.73
9241,Verano traidor,Vilma Palma e Vampiros,Vilma Palma e Vampiros_ grandes exitos,1993,411.98,102.13,-7.20
9243,Verde Bosque,Luis Alberto Spinetta,Fuego Gris,1994,355.29,105.03,-16.14
9246,Vertigo,U2,Sometimes You Can't Make It On Your Own,2004,451.45,130.01,-4.83
9247,Very Well,Wailing Souls,The Best of the Wailing Souls,1979,214.39,124.79,-10.28
9248,Viaje Al Averno,Gabinete Caligari,Lo Mejor De Gabinete Caligari,1991,169.69,122.22,-4.20
9249,Vibrators,George Lopez,Tall_ Dark & Chicano,2009,330.16,86.35,-8.54
9250,Victim Of Circumstance,Ten Years After,Live 1990,1989,248.79,128.60,-11.81
9251,Victims of the occupation,Anne Dudley,Black Book,2006,94.69,95.78,-18.67
9254,Vienna,The Fray,How To Save A Life,2002,231.08,124.53,-8.10
9257,Vietnamese Baby,The New York Dolls,Morrissey Presents The Return Of The New York Dolls - Live From Royal Festival Hall 2004,1973,234.84,84.06,-5.77
9258,Viimeinen lento,Kaija Koo,Lauluja rakkaudesta,1993,182.33,167.86,-9.93
9259,Viimeiset hitaat,Kaija Koo,Lauluja rakkaudesta,1995,192.23,115.67,-13.01
9260,Village Attack/ The Arrest,Kitaro,Heaven & Earth,1993,81.50,143.29,-14.89
9263,Ville Eyolf,Black Debbath,"Naar Vi DA,de Rocker",2006,276.22,84.16,-5.81
9267,Violence,Juelz Santana / Bezel,What The Game's Been Missing!,2005,254.51,104.99,-3.86
9268,Violence in Fluid Triceratops,Arsonists Get All The Girls,Portals,2009,240.93,129.82,-3.42
9269,Violet Heart Box,Willie Isz,Georgiavania,2009,338.73,83.57,-6.99
9271,Virgen De La Nieve - 14-String Guitar Solo,Stephan Micus,Towards The Wind,2002,336.09,85.82,-26.69
9273,Virtuous Woman,Warrior King,Riddim Rider : Trod'n to Zion,2002,223.29,147.97,-6.58
9276,Visions (20/20),FU-Schnickens,Greatest Hits,1994,313.81,90.85,-11.04
9280,Vitamina,Sonora Carruseles,Greatest Salsa Classic Volumen 3,1999,230.01,108.29,-6.56
9281,Vitrier,Olivia Ruiz,La Femme Chocolat,2005,252.86,241.89,-8.33
9283,Vogue [Live],Madonna,I'm Going To Tell You A Secret,2006,330.94,116.17,-5.41
9285,Voices,James Newton Howard,The Happening,1997,95.50,88.66,-28.51
9286,Voices Inside My Head,The Police,Zenyatta Mondatta,1980,233.46,108.57,-13.43
9287,Voices Of Other Times,Brian Auger's Oblivion Express,Closer To It!,1999,360.31,107.05,-12.60
9289,Voici Les ClA(c)s,Gerard Lenorman,La Ballade Des Gens Heureux,1999,227.40,121.83,-8.81
9290,VolcA!n,KALIMBA,Amar y Querer (Homenaje a Las Grandes Canciones),2009,352.68,80.48,-6.28
9291,Vollmond,In Extremo,Am goldenen Rhein,2000,297.46,110.13,-5.07
9292,Volumatic Spacer Device,The Chap,Lo Compilation Mix By Susumu Yokota,2003,207.28,123.01,-8.34
9293,Volvere,OV7,CD00,2000,164.34,105.98,-6.23
9295,Voodoo Chile Blues,Jimi Hendrix,Blues,1994,528.14,175.66,-12.80
9297,Voodoo Punnany (Album Version),Joe Rogan,I'm Gonna Be Dead Someday,2000,268.25,106.23,-9.02
9298,Vortex,Elliot Goldenthal,Titus - Original Motion Picture Soundtrack,2000,92.86,79.35,-23.52
9299,Vos No Confiaste,2 Minutos,Novedades,1994,179.10,105.50,-5.15
9301,Vos Sabes,Los Fabulosos Cadillacs,La Marcha Del Golazo Solitario,1999,189.88,114.72,-6.39
9302,Voucher,Janitor Joe,Big Metal Birds,1993,122.72,66.93,-12.66
9305,Voyage to eternal Life,Astarte,Doomed Dark Years,1998,568.79,128.52,-5.41
9307,Vuelve Junto A Mi,Los Chichos,Amor Y Ruleta,1979,242.81,152.86,-8.71
9312,Waheera,Arturo Sandoval,Arturo Sandoval & The Latin Train,1995,315.48,200.42,-11.11
9314,Wailin',OutKast,ATLiens,1996,118.99,95.38,-10.82
9315,Wailing Sounds,Jimmy Page,Get the Led Out - Led Zeppelin Salute,2004,157.02,184.46,-4.81
9318,Wait Til You See My Smile,Alicia Keys,The Element Of Freedom,2009,240.22,119.96,-9.74
9319,Waitin' For The Wind,Spooky Tooth,The Best Of Spooky Tooth,1969,222.14,96.65,-14.74
9320,Waiting,Porcupine Tree,Signify (Special Edition),1997,416.81,124.04,-7.98
9324,Wake Me Up,Richi M.,Perfect World,1998,590.00,136.83,-8.73
9325,Wake Me Up When September Ends (Live at Foxboro_ MA 9/3/05),Green Day,Wake Me Up When September Ends,2005,340.79,101.08,-5.66
9326,Wake The Sleeper,Uriah Heep,Wake The Sleeper,2008,212.85,127.96,-4.01
9328,Wake Up! Wake Up! (Wake Up! Wake Up! Album Version),Everyday Sunday,Wake Up! Wake Up!,2007,168.96,151.84,-4.02
9329,Walk Away,Tantric,Mind Control,2009,177.24,106.70,-1.84
9330,Walk Away,Christina Aguilera,Christina Aguilera/Stripped,2002,347.85,152.21,-6.77
9334,Walk On The Wild Side,Jesse Malin,On Your Sleeve,2008,238.52,88.01,-8.14
9336,Walk With You,Cama,A Handful Of Songs,2009,183.56,185.98,-5.52
9337,Walkin' Away,Hanoi Rocks,Street Poetry,2007,236.36,102.99,-5.63
9341,Walking In Dub,Burning Spear,Soul Kitchen (The Original Motion Picture Soundtrack),2009,146.89,135.03,-13.62
9344,Walking The Back Streets And Crying,Little Milton,Grits Ain't Groceries,2007,438.88,97.52,-16.55
9346,Walking Through the Ghetto,Sugar Minott,Ghetto-ology + Dub,1979,186.83,164.93,-6.98
9347,Walking To Jerusalem,Tracy Byrd,Love Lessons,1996,209.08,116.63,-7.56
9348,Walls And Cannonballs (Album),Sister Hazel,Release,2010,195.37,140.26,-6.48
9350,Walpurgisnacht,K.I.Z.,Hahnenkampf Live,2007,331.31,120.23,-5.64
9353,Wameru  (LP Version),Shelly Manne,Daktari,2002,177.48,141.74,-16.02
9354,Wanderlust,Baroness,The Red Album,2007,269.71,162.02,-6.01
9357,Wanna Be A Player,Heavy D / McGruff,Waterbed Hev,1997,161.38,96.98,-9.16
9358,Wanna Be A Star,Kool Keith,Official Space Tape,1996,222.30,181.21,-4.22
9361,War,Trick Trick / Obie Trice,The People Vs.,2005,266.79,180.02,-6.86
9363,War?,System of a Down,System Of A Down,1996,160.50,196.20,-4.17
9365,Warhead (Live in Croatia_ 1993),U.K. Subs,Normal Service Resumed,1993,242.00,161.17,-16.53
9368,Warning,Incubus,Live in Japan 2004,2001,291.81,161.70,-6.08
9369,Warrior's Quest,Ensiferum,Victory Songs,1999,291.03,179.99,-4.51
9371,Wartime Blues,Blind Lemon Jefferson,King Of The Country Blues,1927,185.42,162.50,-19.31
9372,Warum rappst du?,Kool Savas,Die besten Tage sind gezA$?hlt,2000,79.93,81.22,-5.03
9373,Warung Beach,John Digweed,Warung Beach,2006,405.11,128.00,-5.99
9377,Was wollen wir noch mehr?,Die Fantastischen Vier,FA1/4r Dich Immer Noch Fanta Sie,2010,316.55,95.86,-7.43
9379,Washed Away,Tom Cochrane,Mad Mad World,1992,320.44,88.07,-11.42
9382,Waste A Little Time On Me,The Michael Stanley Band,Stagepass,1975,232.12,103.73,-15.16
9385,Watch Out for The Birdsongs,Goldfish,Coming Home,2007,159.45,139.99,-5.53
9392,Watching You,Ayo,Joyful,2006,232.28,117.50,-15.61
9394,Water Is Alright In Tay,The Clancy Brothers,IRISH DRINKING SONGS,1993,113.79,105.85,-13.29
9396,Waterfall,Jeff Wahl,Guitarscapes,2003,43.89,243.20,-23.37
9398,Watermelon Man,Albert King,Live Wire/Blues Power,1968,244.27,152.20,-15.88
9399,Watermelon Man,Mongo Santamaria,Montreux Heat!,1963,428.07,131.97,-5.83
9403,Wave,Dave Eggar,Angelic Embrace,2002,225.04,100.89,-23.15
9404,Wave,Gal Costa,Live At The Blue Note,1999,230.48,123.87,-14.74
9405,Wave,Patti Smith Group,Original Album Classics,1979,284.21,76.81,-20.06
9407,Way Beyond,32 Leaves,Panoramic,2009,233.66,137.95,-6.45
9408,Way Way Back,Kool Moe Dee,How Ya Like Me Now,1987,272.82,110.15,-11.15
9409,We All Need Love,Irma Thomas,The Story Of My Life,2008,190.90,131.00,-11.98
9410,We Are Not Impartial,The Chap,Lo Compilation Mix By Susumu Yokota,2006,170.06,72.07,-9.50
9411,We Are One,Kelly Sweet,We Are One Remixes,2007,504.92,135.02,-7.32
9413,We Are The Ones (Lounge Version),Zombie Girl,Blood_ Brains_ & Rock'N'Roll (Limited),2007,273.34,123.00,-7.18
9415,We Bite,The Misfits,Collection 2,1982,73.09,93.70,-7.90
9416,We Blame Love,Heaven 17,Bigger Than America,1996,287.40,133.06,-10.03
9417,We Can Do It,Steel Pulse,Victims,1991,237.45,158.57,-13.49
9418,We Can't Win (Explicit),A.Z.,Doe Or Die,1995,203.10,88.06,-12.04
9421,We Do It Too,Modeselektor,In Loving Memory,2002,385.23,94.01,-6.97
9425,We Got What You Want,Busta Rhymes,Genesis,2001,231.50,176.83,-5.35
9427,We Gotta Talk,Jennifer Lopez,J.Lo,2001,247.77,132.73,-3.76
9428,We Have All The Time In The World,Fun Lovin' Criminals,Come Find Yourself,1996,221.34,91.83,-9.47
9432,We March To The Beat Of Indifferent Drum,NOFX,Wolves In Wolves' Clothing,2006,158.12,94.90,-4.80
9433,We Meet at Last,Liquid Stranger,Bliminal,2007,551.55,93.33,-11.58
9434,We Need Love,Johnny Osbourne,100% Dynamite,1979,216.66,105.26,-11.90
9436,We Put It Down For Y'all (Explicit LP Version),Busta Rhymes,Anarchy,2000,209.61,90.03,-8.98
9437,We Ride,Rihanna,We Ride,2006,237.87,99.99,-6.13
9441,We Three Kings,The Roches,We Three Kings,1990,329.46,135.01,-13.21
9443,We Who Finish Last,Shai Hulud,Misanthropy Pure,2008,188.29,136.33,-4.02
9445,We Will Rock You,Nickelback,Photograph [Commercial Single],2005,119.80,161.91,-5.54
9446,We Will Stand,Russ Taff,Rivers Of Joy,1998,343.38,124.34,-9.19
9449,We're Almost There,Michael Jackson,The Real Thing: The Jackson 5,1975,222.38,187.43,-9.63
9450,We're Always Losing Blood,Evergreen Terrace,Almost Home,2009,241.45,158.98,-3.86
9451,We're Back,DMX / Eve / Jadakiss,Grand Champ,2003,265.22,185.09,-2.54
9454,We're New Yorkers Now!,Marc Shaiman,The Out of Towners,1999,154.12,131.62,-17.55
9456,We're Out Of Gas,Alan Silvestri,Back To The Future III,1990,77.61,82.56,-17.94
9458,We're Together Again,Ray Pillow,Country And Western - Volume 1,1998,129.12,98.02,-13.40
9460,We've Only Just Begun (LP Version),Young-Holt Unlimited,Born Again,1971,266.06,156.30,-10.10
9465,Weighed Down,Plump DJs,Eargasm,2003,304.46,134.11,-6.93
9468,Welcome,Phil Collins,Brother Bear Original Soundtrack (English Version),2003,216.92,123.94,-8.24
9470,Welcome 2 Detroit,Trick Trick / Eminem,The People Vs.,2005,285.49,91.10,-4.85
9471,Welcome 2 Detroit,Trick Trick / Eminem,Welcome 2 Detroit,2005,263.00,91.10,-5.11
9472,Welcome Into My World,Ayo,Joyful,2006,264.57,185.89,-11.52
9476,Well Oh Well,Tiny Bradshaw,The History of Rhythm and Blues - Disc 3,2004,158.82,106.57,-6.63
9477,Wendy,Jesse Malin,Mercury Retrograde,2002,261.17,178.53,-6.28
9479,Wer Einmal 'A' Gesagt (What Does A Girl Do?),Marcie Blane,Bobby's Girl - The Complete Seville Recordings,2004,136.38,86.71,-9.46
9480,Werewolf_ Semen And Blood,Beherit,Drawing Down the Moon,1993,185.05,141.62,-13.21
9486,Wet The Club,Onyx,Onyx/ Bacdafucup II,2002,255.50,164.98,-6.31
9488,What Are We Here For,Gary Moore,Dark Days In Paradise,1997,345.94,153.86,-6.95
9491,What Country Is,Luke Bryan,Doin' My Thing,2009,192.44,147.90,-4.43
9492,What Do I Know,Unkle Bob,Sugar and Spite,2006,252.19,124.09,-6.62
9493,What Drives The Weak,Shadows Fall,The War Within,2004,283.48,84.99,-4.08
9495,What Goes Around...Comes Around,Justin Timberlake,What Goes Around... Comes Around,2007,254.20,127.95,-3.77
9496,What He Done For Me,Sister Rosetta Tharpe,Sister Rosetta Tharpe Vol. 2 1942-1944,2002,162.40,181.86,-15.60
9498,What I've Got In Mind,Billie Jo Spears,Blanket On The Ground,1976,175.20,119.05,-12.55
9500,What If I Forget The Champagne,Stanley Clarke,East River Drive,1998,312.76,123.35,-13.46
9503,What Is Light? Where Is Laughter? (Acoustic Version),Twin Atlantic,What Is Light? Where Is Laughter?,2008,240.20,141.93,-5.63
9508,What It Takes,Aerosmith,Aerosmith - Universal Masters Collection,1988,314.28,70.88,-4.82
9509,What Should Be Done,Uriah Heep,Look At Yourself,1971,252.92,143.14,-16.12
9513,What Would You Do,Walter Jackson,Welcome Home / The Okeh Years,2006,156.68,78.45,-12.84
9514,What Would You Do?,City High,Ultimate R&B,2001,174.92,191.55,-6.57
9515,What You Deserve (Album Version),Ill Nino,The Best Of Ill NiA+-o,2006,180.51,104.98,-4.44
9517,What You Made Me (Ugli),Ghost Machine,Ghost Machine,2005,201.30,160.06,-4.43
9518,What You Waiting For?,Gwen Stefani,What You Waiting For?,2004,225.41,136.04,-3.68
9519,What You Want,LL Cool J / Freeway,Todd Smith,2006,264.49,50.51,-4.63
9521,What'Cha Gonna Do About It,Small Faces,Small Faces,1965,129.91,159.42,-5.84
9522,What'd I Say,Donnie Brooks,The Best of Donnie Brooks,2001,174.34,113.08,-10.36
9524,What's Gonna Happen On the 8th Day,Screamin' Jay Hawkins,I Put a Spell on You: The Best Of,1996,301.14,116.01,-7.40
9525,What's He Doin' In My World,Eddy Arnold,Ultimate Eddy Arnold,1967,128.97,102.15,-11.86
9526,What's in a number & Feed me lies remixes,Theodor Zox,What's in a number EP,2007,353.18,125.01,-11.01
9528,What's Love Got to Do With It,The Chap,Proper Rock,2008,216.27,181.86,-7.51
9531,What's Wrong,Dead To Me,Little Brother,2008,105.43,93.16,-6.50
9532,What's Wrong,Lost Boyz,Love_ Peace & Nappiness,1997,250.28,98.43,-11.66
9533,What's Your Damage?,Test Icicles,What's Your Damage?,2005,216.45,174.94,-2.76
9535,Whatever Lies Will Help You Rest,The Ataris,Welcome The Night,2006,212.90,151.95,-5.04
9536,Whatever's Cool With Me (LP Version),Dinosaur Jr.,Whatever's Cool With Me,1991,271.12,152.46,-6.05
9539,When A Man Is Wrong (Album Version),Seal,Human Being,1998,258.64,146.76,-9.30
9540,When A Man Loves A Woman,Alexander O'Neal,Alex Loves...,2008,183.12,95.92,-5.18
9541,When A Man's In Love,The Chieftains,St. Patrick'S Day Celebration,1980,217.26,116.04,-19.77
9545,When Heaven Falls,Swans Of Avon,When Heaven Falls,1995,196.54,166.01,-7.60
9546,When Horsepower Meant What It Said,Sandi Thom,The Best Of,2006,183.35,210.25,-8.69
9547,WHEN I AM YOU,Panzer AG,YOUR WORLD IS BURNING,2006,305.06,120.04,-3.38
9549,When I Get Home,The Fabulous Thunderbirds,WALK THAT WALK_ TALK THAT TALK,1991,287.66,133.35,-12.22
9550,When I Grow Up,Fever Ray,When I Grow Up,2009,359.37,122.93,-6.64
9551,When I Grow Up,Fever Ray,When I Grow Up,2009,556.07,122.98,-6.82
9552,When I Grow Up,Fever Ray,Live In Lulea,2009,335.54,184.00,-9.28
9555,When I Think Of You,Janet Jackson,Control,1986,235.42,116.20,-11.76
9557,When I Was Drinking,Hem,Rabbit Songs,2000,222.75,108.05,-14.52
9558,When It Stings,Pictures of Then,And The Wicked Sea,2009,182.83,163.96,-6.87
9559,When Jesus Comes Calling For Me,Dolly Parton,The Collection,1998,166.24,139.98,-10.92
9560,When Love Dies,Marlene Dietrich,Marlene Dietrich,1991,190.04,82.29,-22.17
9561,When Me A Move,Capleton,Lotion Man,1991,223.40,102.40,-14.47
9562,When Morning Comes To Town,The Field Mice,Coastal,1989,316.73,162.68,-15.54
9563,When My Ship Comes In,Eddie Cantor,The Columbia Years:  1922-1940,1994,196.88,77.96,-14.62
9564,When Rules Change,Life In Your Way,Ignite And Rebuild,2005,198.06,90.36,-4.62
9565,When She Dances,Joe Bonamassa,Had To Cry Today,2004,293.69,69.46,-11.49
9566,When Summer's Through,THE CHIFFONS,Sweet Talkin' Girls: The Best Of The Chiffons,1963,156.37,113.43,-9.06
9567,When the Broken Hearted Love Again,Danielle Bollinger,When The Broken Hearted Love Again,2006,555.55,130.00,-9.85
9568,When The Levee Breaks,W.A.S.P.,The Crimson Idol,1992,426.79,144.25,-4.02
9570,When The Saints Go Marching In,Precious Bryant,Fool Me Good,2002,164.83,130.45,-11.43
9579,When We Dance,Mariano Yanani,Babies Go Sting,2005,239.23,85.02,-15.62
9580,When Will I Be Loved,Sandy Posey,One Fine Day,1990,125.36,120.92,-12.89
9583,When You Were Young,The Killers,When You Were Young,2006,269.77,130.07,-7.48
9584,When You Wish Upon A Star,Cliff Edwards/Disney Studio Chorus,Julie Andrews Selects Her Favourite Disney Songs,1991,193.67,98.75,-8.62
9594,Where Do We Go Now But Nowhere,Nick Cave & The Bad Seeds,The Boatmans Call,2006,345.76,122.00,-18.94
9595,Where Does Rosie Go?,Kenny Rogers,The Legendary Kenny Rogers,2003,135.37,154.78,-12.97
9596,Where Have All The Clowns Gone,Michael Stanley Band,You Break It...You Bought It!,1975,257.62,167.34,-15.09
9599,Where Is My Mind (XFM Live Version),Placebo,Covers,2003,223.92,84.96,-6.47
9604,Where To Piss And Shit In Oslo,Black Debbath,Martin Schanche,2009,278.46,132.64,-5.81
9605,Where We Are From,Lexie Mountain Boys,Sexy Fountain Noise,2006,247.12,80.00,-24.19
9608,Where Ya Heart At,Mobb Deep,Mobb Muzik (Clean Version),1999,264.65,93.98,-7.10
9609,Where You Belong,The Summer Obsession,This Is Where You Belong,2006,282.04,79.94,-6.33
9611,Where You Think You're Goin'?,Darryl Worley,I Miss My Friend,2002,226.27,124.69,-9.34
9612,Where Youth And Laughter Go,Broadcast,The Future Crayon,2000,163.92,119.20,-6.03
9613,Whip Fight,Harry Gregson-Williams,Rundown/Welcome To The Jungle,2003,95.95,145.97,-14.80
9617,Whiskey on the Fire,Aaron Watson,Angels & Outlaws,2008,171.10,130.99,-8.81
9620,White Christmas,Martin Sexton,Camp Holiday,2005,144.20,90.10,-12.03
9621,White Christmas,The Statler Brothers,Ultimate Country Christmas,1994,140.70,99.66,-12.36
9622,White Feather,Wolfmother,White Feather,2009,212.38,110.75,-5.93
9623,White Feather,Wolfmother,White Feather,2009,316.21,110.44,-6.18
9625,White Jetta,Casiotone For The Painfully Alone,Vs. Children,2009,197.25,180.09,-9.31
9626,White Light,Gorillaz,Demon Days,2005,128.42,154.87,-7.77
9629,Whitfield,Atomship,The Crash Of '47,2004,296.05,136.13,-5.23
9630,Who Are You,3 Doors Down,3 Doors Down,2008,188.66,150.08,-4.71
9633,Who Cares,Don Gibson,Lonesome Number One,1987,142.94,104.94,-13.52
9634,Who Cares,Delroy Wilson,40 Greatest Hits,1969,191.74,142.07,-8.81
9637,Who Do You Roll With?  (LP Version),New Direction,New Direction,1999,265.25,56.70,-6.61
9641,Who R Ya,Sick On The Bus,Go To Hell,2002,178.65,181.57,-3.98
9642,Who Shot Ya (Amended Album Version),The Notorious B.I.G.,Greatest Hits,2007,316.66,91.69,-5.93
9643,Who Was I Kidding,Martha Wainwright,Martha Wainwright,2005,251.17,153.40,-10.51
9657,Why Can't You Be Mine,Jackie Wilson,Reet Petite,1958,120.76,180.05,-9.90
9658,Why Did You All Lie to Me?,Dario Marianelli,Everybody's Fine,2009,262.95,162.49,-25.37
9659,Why Do All Girls Think They're Fat (Album),Reel Big Fish,Monkeys For Nothin' And The Chimps For Free,2007,153.68,159.72,-4.19
9660,Why Do I,FFH,Found A Place,2000,277.63,163.96,-7.72
9661,Why Do We Do?,Eric Champion,Save The World,1993,310.78,115.66,-9.52
9662,Why Do You Have to Go,Dells,Dreams Of Contentment,1957,159.06,108.93,-12.06
9666,Why Don't You Spend The Night,Ronnie Milsap,The Essential Ronnie Milsap,1980,251.27,113.86,-10.42
9667,Why Get Up,The Fabulous Thunderbirds,Hot Stuff: The Greatest Hits,1986,229.88,125.68,-9.41
9668,Why Jack Called,Christophe Beck,We Are Marshall,2006,150.10,94.84,-25.66
9669,Why Should I Cry For You,Mariano Yanani,Babies Go Sting,2005,180.71,80.01,-18.02
9670,Why U Mad At Me (Explicit Screwed Version),T.I.,Urban Legend,2004,258.93,148.88,-5.81
9673,Why You Wanna Get Funky...,Del The Funky Homosapien,Future Development,1998,316.60,83.65,-8.04
9674,Why_ Now Baby?,Red Stick Ramblers,My Suitcase Is Always Packed,2000,194.04,101.24,-9.27
9675,Why?,Kisha,Kisha,1998,225.38,199.92,-4.80
9678,Wichita Lineman (LP Version),Young-Holt Unlimited,Mellow Dreamin',1970,243.67,98.07,-12.77
9679,Wicked Little Town (Album Version),Ben Jelen,Give It All Away,2004,240.33,101.95,-5.77
9680,Wicker Chair,Kings Of Leon,Holy Roller Novocaine,2003,187.92,116.82,-5.91
9683,Widow's Walk,Enter the Haggis,Let The Wind Blow High,1999,381.54,134.82,-10.21
9684,Width Of The World,Tin Hat Trio,Helium,2000,407.07,144.01,-12.96
9686,Wig,The B-52's,The B52's,1986,261.75,124.09,-9.63
9688,Wigue,Dobet GnahorA(c),Djekpa la you,2010,46.21,142.78,-15.91
9689,Wild Card,Tex Williams,Vintage Collections,2004,140.80,150.49,-12.27
9693,Wild Side,MAPtley CrA1/4e,Music To Crash Your Car To,1987,248.55,115.25,-5.94
9695,Wildcat Days (1999 Digital Remaster),Bryan Ferry,Mamouna,1994,274.29,125.98,-7.16
9697,Wildflower,Bon Jovi,Have A Nice Day,2005,253.83,93.04,-6.08
9698,Wildflowers (Album Version),Tom Petty,Wildflowers,1994,190.33,86.80,-13.37
9701,Will You Love Me Tomorrow,The Shirelles,Dreamboats & Petticoats 2,1960,159.76,68.28,-9.79
9702,Willie And The Pig,The Grease Band,Grease Band & Amazing Grease,1971,254.85,174.96,-17.60
9703,Willow Weep For Me (With Willie Nelson),Tin Hat Trio,The Rodeo Eroded,2002,276.58,91.68,-12.61
9704,Wind And Water,Michael Gettel,San Juan Suite/San Juan Suite II: Narada Classics,1996,308.87,152.94,-15.94
9705,Wind Beneath My Wings,RyanDan,Ryan Dan,2007,255.76,142.20,-9.81
9706,Wind In The Wire (Album Version),Randy Travis,Wind In The Wire,1993,211.41,95.66,-14.17
9708,Windpower,Thomas Dolby,The Sole Inhabitant,1982,265.46,57.91,-10.40
9709,Windpower (2009 Digital Remaster),Thomas Dolby,The Golden Age Of Wireless,1982,259.19,128.47,-11.59
9711,Wing,Patti Smith,Gone Again,1996,293.54,146.45,-12.36
9712,Wings,4Him,Best Ones,1994,241.97,171.33,-9.30
9719,Winter In Finland,Moss,The Long Way Back,2006,206.58,119.95,-7.74
9722,Wish,Brian Littrell,Welcome Home,2006,236.46,98.94,-6.29
9723,Wish (Album Version),Beautiful Creatures,Beautiful Creatures,2001,263.97,151.51,-4.76
9725,Wishlist,Pearl Jam,Seattle Washington November 5 2000,1998,235.26,117.95,-9.41
9727,Witch Weed (Live),Bongzilla,Apogee,1999,397.27,95.88,-6.79
9728,Witchcraft,Beherit,The Oath of Black Blood,1990,192.13,133.95,-3.80
9730,With a Little Dub From My Friends (feat. Luciano and U Roy),Easy Star All-Stars,Easy Star's Lonely Hearts Dub Band,2009,196.23,183.05,-9.31
9733,With Tears In My Eyes,Wesley Tuttle,Fireball Mail - Country,1992,175.23,71.71,-15.02
9734,Within (Album Version),A Perfect Murder,War Of Aggression,2007,202.24,146.01,-5.10
9735,Within My Blood,Skeletonwitch,Beyond the Permafrost,2004,252.08,206.94,-5.13
9737,Wives ( LP Version ),Bill Cosby,Revenge,1967,157.44,109.52,-13.92
9738,WKYA (drop),Redman,Malpractice,2001,124.19,85.01,-10.30
9739,Wo Ai Ni_ Zai Jian!,Sammi Cheng,La La La,2004,255.76,98.49,-10.75
9750,Woman Shy,Jerry Reed,Oh What A Woman,1967,135.18,121.37,-13.94
9751,Women,The Plimsouls,Live! Beg_ Borrow & Steal: October 31_ 1981 Whisky A Go Go,1981,192.13,162.91,-7.17
9752,Won Threw Ate,Story Of The Year,The Constant [Deluxe Edition],2010,224.42,143.84,-3.49
9753,Won't Be Long,Rakim feat. Tracey Horton,The Seventh Seal,2009,291.97,168.00,-6.34
9757,Wonderland,Robin Fox,I See Stars - The Trance Album,2001,515.66,140.02,-7.79
9758,Woo Hoo,Kings Of Leon,Fans,2007,211.41,125.19,-5.22
9763,Working On The Highway,Bruce Springsteen,Born In The U.S.A.,1984,192.00,183.71,-11.52
9764,World Comes Tumblin' Down,The Distillers,The Distillers,2000,188.21,178.14,-5.01
9767,World Of Vibrations (Album Version),Blackalicious,The Craft,2005,302.94,116.68,-7.63
9768,World On Wheels,Dilated Peoples,Neighborhood Watch,2004,236.59,88.18,-8.70
9772,Worshipper's Medley,Darwin Hobbs,Worshipper,2005,621.79,111.42,-7.09
9773,Wot U Say,Various Production,Maskmen,2008,192.00,145.06,-8.86
9774,Would You Like,Mr Lab!,Post Industrial Ceremony,2008,285.18,120.10,-8.89
9776,Would?,Alice In Chains,Unplugged,1992,223.27,100.40,-7.53
9778,Wounded Hearts,Sandi Thom,The Pink & The Lily,2008,205.22,82.21,-4.33
9779,Wow,Snow Patrol,Final Straw,2003,242.05,143.04,-5.69
9780,Wraparound Shades (Album),Zumpano,Look What The Rookie Did,1995,228.47,159.78,-8.39
9781,Wrapped Around Your Finger,The Police,Message In A Box,1983,313.70,85.21,-14.36
9782,WristStraining Order,Defect & Quixotic,Return Of The DJ 5.5 Optimized,2008,267.75,102.01,-5.14
9783,Writes Of Winter,Jimmy Page,Outrider,1988,207.73,81.98,-9.73
9784,Writing Paper Blues,Blind Willie McTell,Blind Willie McTell -Statesboro Blues - The Early Years 1927-1935,1927,191.74,131.62,-11.38
9786,Wrong End Of The Rainbow,Ronnie Milsap,Inside Ronnie Milsap,1982,242.70,69.70,-13.56
9787,"Wrote For Luck (12"" - Remastered version)",Happy Mondays,Bummed,1988,342.60,101.83,-9.62
9789,X-Static,Foo Fighters,Foo Fighters,1995,253.49,101.54,-7.99
9790,Xenophobic Hate Machine,Bodies In the Gears of the Apparatus,Split CD,2005,126.17,88.05,-6.55
9798,Xtra Thump (Featuring Tash from Tha Alkaholiks),Defari,Odds & Evens,2003,178.73,80.89,-5.13
9799,Xue Hua Chao,Hins Cheung,Urban Emotions,2008,238.21,149.77,-6.34
9802,Y'all Can't Never Hurt Us (Clean Version),Philly's Most Wanted,Get Down Or Lay Down,2001,242.26,96.04,-6.36
9805,Ya Lil' Crumbsnatchers (LP Version),Del Tha Funkee Homosapien,I Wish My Brother George Was Here,1991,90.91,108.45,-9.51
9809,Ye That Tempteth_ Ye That Bequeth,Enslavement Of Beauty,Megalomania,2001,239.91,120.05,-4.73
9810,Year 3_000 Blues (2002 Digital Remaster),Ten Years After,Cricklewood Green,1970,145.01,106.15,-10.12
9811,Year Zero,30 Seconds To Mars,30 Seconds To Mars,2002,472.40,121.52,-6.74
9813,Yell Out,Pennywise,Fuse_ The,2005,154.85,201.57,-5.57
9814,Yellow Brick Road,Jack Off Jill,Humid Teenage Mediocrity,1994,137.95,156.80,-11.88
9815,Yellow Brown,Jesus Jones,Perverse,1993,203.65,195.82,-14.90
9818,Yesterday,Brasilian Tropical Orchestra,The Music of The Beatles In Bossa Nova,1999,160.31,159.85,-15.78
9819,Yesterdays,Vince Guaraldi Trio,Jazz Impressions,1964,242.91,92.40,-25.92
9823,Yhteinen koti,Irwin Goodman,Erikoiset,2001,194.32,190.00,-12.37
9829,Yippiyo-Ay,The Presets,Apocalypso,2008,271.86,120.12,-4.00
9830,Yiri Yiri Bon,Ricardo Lemvo,Shall We Salsa,1997,292.13,175.43,-8.49
9831,YksinA$?isin,Solistiyhtye Suomi,He Soittavat Humppaa,2002,164.99,134.48,-9.40
9832,Yo Mouth (Skit),Tha Liks,X.O. Experience,2001,33.10,156.02,-11.44
9833,Yo Odeconer,KA(c)kA(c)lA(c),Kinavana,2006,309.50,115.07,-7.82
9836,Yo Soy Abacua,Bobby Valentin,Algo Nuevo,1970,177.50,126.20,-9.05
9838,Yo Yo Get Funky,Fast Eddie,Yo Yo Get Funky (2009 Remixes),1990,278.54,126.04,-7.20
9843,You (Demo),Radiohead,Pablo Honey (Collector's Edition),2009,204.07,111.63,-13.71
9844,You (featuring Tank) (Amended Album Version),Plies featuring Tank,The Real Testament,2007,218.04,73.18,-5.67
9846,You And Your Heart,Jack Johnson,You And Your Heart,2010,196.21,107.04,-7.05
9847,You Appearing,M83,Saturdays = Youth,2008,219.25,96.05,-11.45
9848,You Are,Pearl Jam,Riot Act,2002,268.70,94.92,-8.05
9849,You Are Allowed 20 Birthday Parties (Album),Patton Oswalt,Werewolves and Lollipops,2007,338.05,71.03,-12.77
9851,You Are Everything,Regina Belle,Reachin' Back,1995,225.33,135.99,-7.99
9852,You Are God (Broken Album Version),Darwin Hobbs,Broken,2003,352.86,41.21,-9.06
9853,You Are Holy,4Him,Chapter One .. A Decade,1995,296.99,139.92,-9.91
9854,You Are My Memoir,Stars Like Fleas,The Ken Burns Effect,2007,264.52,103.94,-7.40
9860,You Beat The Hell Outta Me,The Motors,Approved By The Motors,1977,207.86,174.63,-11.95
9862,You Better Stop,Curtis Mayfield,Heartbeat,1979,411.92,237.47,-9.63
9863,You Called It Madness [But I Call It Love] [Live At Royal Albert Hall],Tiny Tim,Live! At The Royal Albert Hall,2000,197.90,167.48,-14.23
9865,You Can Do Better Than Me (Album Version),Death Cab for Cutie,Narrow Stairs,2008,119.41,101.31,-10.78
9867,You Can Still Be Free,Savage Garden,Affirmation,1999,118.33,84.69,-11.22
9870,You Can't Hurry Love (Live),Phil Collins,Serious Hits... Live!,1990,174.24,206.94,-9.79
9871,You Devil You,themselves,the no music.,2002,245.32,80.05,-11.16
9873,You Don't Belong,Bad Religion,Process Of Belief,2002,169.87,166.86,-4.72
9874,You Don't Get Much,BoDeans,Best Of Bodeans : Slash & Burn,1989,284.76,120.28,-10.63
9875,You Don't Know Me,Charlie Rich,The Most Beautiful Girl,1997,268.75,96.24,-13.51
9877,You Eclipsed By Me (Album Version),Atreyu,The Curse,2004,218.91,157.72,-4.71
9878,You Feel Good All Over,T.G. Sheppard,The Very Best Of,2002,194.12,82.34,-15.58
9879,You Found Me,The Fray,NOW That's What I Call Music_ Vol. 31,2008,240.56,151.98,-6.09
9880,You Found Me,MxPx,On The Cover,1995,151.25,101.11,-5.41
9882,You Got Me (The Juan Maclean Dub),VHS Or Beta,You Got Me,2006,501.13,126.00,-6.75
9886,You Gotta Go,Fountains Of Wayne,Traffic and Weather,2007,126.88,85.05,-3.59
9887,You Gotta Move,Mississippi Fred McDowell,Good Morning Little School Girl,1999,226.38,69.35,-15.45
9891,You Know It's True,The Cat's Miaow,Songs For Girls To Sing,1997,137.30,116.26,-12.65
9892,You Know What They Do To Guys Like Us In Prison (Album Version),My Chemical Romance,Three Cheers For Sweet Revenge,2004,173.74,93.00,-4.19
9894,You Left Me,The Maine,Can't Stop Won't Stop,2008,209.01,130.03,-4.92
9895,You Live_ You Die,Devanic,Mask Industries,2006,210.89,112.43,-5.42
9898,You Make Me Feel Good,JK,You Make Me Feel Good - Single,2003,361.17,125.99,-14.48
9901,You Move Me,Rick Astley,Whenever You Need Somebody,1987,225.46,128.17,-12.59
9904,You Never Cry Like A Lover (LP Version),Eagles,On The Border,1974,240.98,90.72,-9.33
9910,You Say Keep It Gangsta,Wyclef Jean featuring Butch Cassidy and Sharissa,Masquerade,2002,238.47,183.58,-3.95
9913,You Tell Me,Johnny Cash,The Original Johnny Cash Volume 1,1959,80.04,196.30,-13.14
9914,You Turn Me,Vickie Winans,Gospel Legacy - Vickie Winans,2008,347.43,179.93,-8.14
9920,You'll Need Somebody On Your Bond,Blind Willie Johnson,The Complete Blind Willie Johnson,1991,187.17,80.16,-17.39
9922,You'll Never Know,Mindy McCready,Platinum & Gold Collection,1997,240.69,124.22,-6.14
9926,You're Crazy,Guns N' Roses,Live Era '87-'93,1987,285.00,167.93,-2.25
9928,You're Laughing Now,Jazz Gillum,Jazz Gillum Vol. 1 1936-1938,1997,165.85,107.67,-16.86
9929,You're Looking Good,Dee Clark,Greatest Hits,2000,133.30,111.42,-12.63
9930,You're My First Lady,T.G. Sheppard,The Very Best Of,1992,210.76,157.97,-18.26
9931,You're My Girl (LP Version),Rhinoceros,Rhinoceros,2002,280.24,103.39,-8.83
9932,You're My Love,Michael Stanley Band,North Coast,1981,164.07,142.71,-8.66
9937,You've Got A Friend,Kathy Troccoli,Comfort,2005,282.20,88.55,-14.01
9938,You've Lost That Lovin' Feelin',Fontella Bass,Very Best Of,1992,204.36,101.47,-10.27
9939,You've Never Been Right - (Live In Boston_ MA 2008),Melvins,Pick Your Battles,2009,165.38,115.01,-14.68
9951,Your Head,Helmet,Born Annoying,1995,200.75,202.83,-11.45
9958,Your One And Only (LP Version),Brenda Lee,Brenda Lee,1960,188.26,89.13,-10.00
9959,Your Prophetic Throne Of Ivory,Disembowelment,Transcendence into the peripheral,1993,460.56,79.95,-10.35
9961,Your Revolution Is A Joke,Funeral For A Friend,Casually Dressed And Deep In Conversation,2003,164.54,148.05,-10.90
9962,Your Silence,The Suicide Machines,A Match & Some Gasoline,2003,170.84,145.18,-2.32
9964,Your Touch Versus Death,Every Time I Die,The Burial Plot Bidding War,2000,215.43,187.40,-9.17
9972,Zanzibar,Lizzy Borden,Deal With The Devil,2000,386.66,186.08,-4.15
9973,Zap Zap,Dynamite Deluxe,Deluxe Soundsystem,2000,86.67,93.30,-10.18
9974,Zapando Con La Gente,Sui Generis,Adios Sui Generis Vol.I,1975,269.84,129.76,-12.69
9975,Zavelow House (Album Version),Owsley,Owsley,1999,221.78,133.13,-4.23
9976,Zearocks (LP Version),Leaders Of The New School,T.I.M.E.,1993,84.74,101.87,-9.20
9978,Zeit fA1/4r Streit,AI-TIEM,Musik fA1/4r taube Ohren,2003,288.21,183.70,-8.13
9979,Zeno Beach,Radio Birdman,Zeno Beach,2006,174.29,197.63,-5.47
9980,Zephyrus,Bloc Party,Intimacy - Remixed,2008,247.98,160.26,-9.24
9981,Zero,Papa Wemba,Molokai,1992,265.77,134.20,-11.73
9983,Zero M2,Benga,Diary Of An Afro Warrior,2008,233.17,139.99,-11.36
9987,Zi You Zi Zai,Stephy Tang,Fantasy,2006,205.06,148.25,-9.15
9988,Zig-Zag Walk,Foghat,Zig Zag Walk,1983,208.67,132.16,-7.79
9993,Zolte Slonie,Kasia Stankiewicz,Mimikra,2006,304.06,134.05,-7.11
9995,Zornig!,Dynamite Deluxe,Deluxe Soundsystem,2000,148.30,87.84,-8.32
9999,TRUE,Jim Reeves,The International Jim Reeves/ Good 'N' Country,2000,151.59,91.63,-14.55
